rank	game	total_prizes	total_plyrs	num_tournaments	genre
1	Dota 2	179857581.4	2980	1121	moba
2	Counter-Strike: Global Offensive	76422629	11588	4079	shooter
3	League of Legends	67966762.51	6446	2301	moba
4	Fortnite	32705799.47	2549	338	battle royale
5	StarCraft II	30355206.24	1933	5395	rts
6	Heroes of the Storm	17944124.97	1183	450	moba
7	Hearthstone	16905825.07	2132	829	card strategy
8	Overwatch	15400085.74	3056	655	shooter
9	Counter-Strike	13332652.01	4004	962	shooter
10	PLAYERUNKNOWN BATTLEGROUNDS	11317800.2	1736	142	battle royale
11	SMITE	8640112.75	522	95	moba
12	StarCraft: Brood War	8010927.13	647	555	rts
13	Halo 5: Guardians	7071480.97	231	75	shooter
14	Rainbow Six Siege	5529445.31	667	95	shooter
15	WarCraft III	5432757.19	565	1294	rts
16	Rocket League	5059684.41	546	285	soccer
17	CrossFire	4903668.5	613	299	shooter
18	World of WarCraft	4627837.61	407	117	mmorpg
19	Call of Duty: World War II	4547751.83	231	59	shooter
20	Arena of Valor	4333501.25	260	24	moba
21	Call of Duty: Infinite Warfare	4151666.26	314	75	shooter
22	Call of Duty: Black Ops III	3931461.07	420	77	shooter
23	World of Tanks	3656496.59	403	50	mmog
24	Counter-Strike: Source	3110369.45	1485	330	shooter
25	Gears of War 4	3087285	132	41	shooter
26	Super Smash Bros. Melee	2918277.82	1683	2470	fighting
27	Heroes of Newerth	2856206.56	805	368	moba
28	Call of Duty: Advanced Warfare	2606816.56	776	403	shooter
29	FIFA 18	2222462.5	234	42	soccer
30	FIFA 19	2182329.7	247	33	soccer
31	Street Fighter V	2177046.43	223	110	fighter
32	Quake Champions	2121862.71	194	185	shooter
33	H1Z1	2067122	119	13	battle royale
34	Halo 3	1832079.4	163	32	shooter
35	Call of Duty: Black Ops 4	1712870	325	68	shooter
36	Call of Duty: Ghosts	1585241.25	193	75	shooter
37	Halo 2	1489362.47	119	71	shooter
38	FIFA 17	1478189.1	150	44	soccer
39	Call of Duty: Black Ops 2	1461945.65	183	52	shooter
40	FIFA Online 3	1434341.9	88	9	soccer
41	Shadowverse	1430000	46	2	card strategy
42	Super Smash Bros. for Wii U	1428630.54	1142	895	fighting
43	Street Fighter V: Arcade Edition	1274473.9	157	61	fighting
44	Apex Legends	1255015.68	485	55	battle royale
45	Clash Royale	1251020.39	139	30	rts
46	Magic: The Gathering Online	1218000	130	10	card strategy
47	Quake III Arena	1137832.19	243	100	shooter
48	Call of Duty: Modern Warfare 3	1107475.66	203	37	shooter
49	Magic: The Gathering Arena	1081000	110	13	card strategy
50	rFactor 2	1025752.15	98	8	racing
51	Paladins	1020026.63	172	26	shooter
52	Painkiller	1015000	48	13	shooter
53	Madden NFL 2017	1004000	42	5	football
54	NBA 2K18	1000000	91	4	basketball
55	Turbo Racing League	1000000	16	9	racing
56	Tekken 7	938399.58	198	100	fighting
57	Age of Empires II: The Age of Kings	896634.33	419	253	rts
58	Defense of the Ancients	857420.65	459	94	moba
59	Injustice 2	829670.24	60	27	fighting
60	Ultra Street Fighter IV	814617.04	211	219	fighting
61	Vainglory	797421.19	247	35	moba
62	Halo: Reach	772089.97	97	28	shooter
63	Brawlhalla	712850.99	416	313	fighting
64	PLAYERUNKNOWN'S BATTLEGROUNDS Mobile	686211	154	7	battle royale
65	Quake Live	682294.04	213	410	shooter
66	Gwent	669557.17	308	106	card strategy
67	Point Blank	614167.75	296	31	shooter
68	Team Fortress 2	605074.72	795	132	shooter
69	KartRider	567366.35	76	20	racing
70	Quake 4	556678.51	100	52	shooter
71	Mortal Kombat X	523532.42	100	62	fighting
72	Pro Evolution Soccer 2017	514697.71	39	16	soccer
73	Dead or Alive 4	497745.31	45	13	fighting
74	iRacing.com	480679.8	492	55	racing
75	Guild Wars 2	476005.5	152	57	mmorpg
76	Halo 2 Anniversary	468705.05	97	20	shooter
77	Super Smash Bros. Ultimate	461683.26	786	269	fighting
78	FIFA 13	457827.98	50	61	soccer
79	Halo 4	430748.76	66	19	shooter
80	Call of Duty 4: Modern Warfare	419370.97	414	85	shooter
81	Blade & Soul	409355.52	51	5	mmorpg
82	Counter-Strike Online	406989.6	70	12	shooter
83	Madden NFL 2013	400000	8	1	football
84	Old School Runescape	351500	58	19	mmorpg
85	Call of Duty: Black Ops	346393.48	117	21	shooter
86	Super Street Fighter IV Arcade Edition	343878.08	153	202	fighting
87	Halo: Combat Evolved	299281	114	39	shooter
88	Project Gotham Racing 3	297286.85	33	10	racing
89	World in Conflict	293338.23	36	11	rts
90	Madden NFL 2018	279676.62	40	3	football
91	Realm Royale	263000	47	9	battle royale
92	ShootMania Storm	261687.04	80	40	shooter
93	Doom 3	257748.16	14	4	shooter
94	Gears of War	252195.57	33	18	shooter
95	Battlefield 4	245766.46	204	145	shooter
96	Super Smash Bros. Brawl	242438.41	481	332	fighting
97	FIFA Online 4	239000	36	1	soccer
98	FIFA 07	237812.23	42	13	soccer
99	Killer Instinct (2013)	223476.96	126	50	fighting
100	Forza Motorsport 2	222000	17	2	racing
