rank	team	earnings	NumTourns
1	Team Liquid	2645251533	1540 
2	Evil Geniuses	2151156294	777 
3	Team OG	1774877405	60 
4	Newbee	1305850195	155 
5	Fnatic	1292087643	824 
6	Virtuspro	1246914022	454 
7	LGD Gaming	1075888278	128 
8	Vici Gaming	1063151651	262 
9	Invictus Gaming	1061764976	410 
10	Wings Gaming	973432587	23 
11	Natus Vincere	880432362	402 
12	Team Secret	878289604	177 
13	SK Telecom T1	877621398	223 
14	Cloud9	866369520	636 
15	OpTic Gaming	760314271	284 
16	Astralis (Danish)	654141881	67 
17	FaZe Clan	622608966	254 
18	MVP	616810873	476 
19	Team EnVyUs	598160650	301 
20	Paris Saint-Germain Esports	576838759	49 
21	SK Gaming	570026753	633 
22	G2 Esports	557930282	334 
23	Samsung	526147638	348 
24	Chaos Esports Club	445583800	34 
25	Alliance	442904203	284 
26	mousesports	403337716	853 
27	EHOME	373690642	77 
28	Team Dignitas	360154882	551 
29	CDEC Gaming	357180715	38 
30	compLexity Gaming	333882456	507 
31	Ninjas in Pyjamas	330018309	250 
32	Luminosity Gaming	327469042	232 
33	TnC Gaming	310669832	43 
34	Royal Never Give Up	306212697	38 
35	Team SoloMid	305901215	363 
36	EDward Gaming	304450189	97 
37	Counter Logic Gaming	303550226	392 
38	Splyce	302348434	379 
39	KT Rolster	288604988	215 
40	Team Empire	265942431	408 
41	NRG Esports	240774094	199 
42	Jin Air Green Wings	220198273	289 
43	World Elite	219504114	196 
44	Flash Wolves	214036939	184 
45	Gambit Esports	207449283	102 
46	COGnitive Gaming	201613832	165 
47	Millenium	180558543	553 
48	Tempo Storm	177955565	376 
49	Team DK	176550081	41 
50	eUnited	172319103	104 
51	Mineski	170388472	73 
52	ENCE eSports	164679542	161 
53	Epsilon eSports	164209541	214 
54	Echo Fox	162905947	305 
55	OMG	161787662	59 
56	Ghost Gaming	160132080	101 
57	Taipei Assassins	152956539	24 
58	CJ Entus	150245847	185 
59	Team Vitality	146602461	115 
60	HellRaisers	144301861	110 
61	GenG	142508500	20 
62	TyLoo	131154433	137 
63	Incredible Miracle	130886872	165 
64	Rise Nation	124313650	62 
65	London Spitfire	122500000	4 
66	ROX Gaming	114525754	39 
67	ahq e-Sports Club	114116679	58 
68	Denial Esports	111702469	165 
69	Team Kinguin	109553347	99 
70	North	107466005	59 
71	Russian National Team	104976844	20 
72	MIBR	104052091	64 
73	Lazarus	103361872	230 
74	StarTale	101729936	155 
75	Rogue	101572812	91 
76	Renegades	101322773	135 
77	Meet Your Makers	100516320	267 
78	PENTA Sports	100095025	215 
79	Yoshimoto Libalent	100000000	1 Tournament
80	Immortals	99099848	109 
81	Vega Squadron	98998907	148 
82	paiN Gaming	98606591	89 
83	Method	94076718	94 
84	ALTERNATE aTTaX	88975098	367 
85	Elevate	87398198	131 
86	Ballistix	85500000	10 
87	Titan eSports	85087611	70 
88	Str8 Rippin	84584045	88 
89	FlipSid3 Tactics	84305858	247 
90	Misfits	83859407	154 
91	Team KaLiBeR	83425076	51 
92	Afreeca Freecs	82925496	142 
93	mTw	80200313	267 
94	Space Soldiers	78394306	79 
95	Team expert	78369198	270 
96	Team Allegiance	78299170	62 
97	Star Horn Royal Club	77434217	30 
98	Qiao Gu Reapers	76854294	14 
99	New York Excelsior	72500000	8 
100	ROOT Gaming	72011562	622 
101	H2K	71659669	44 
102	Team LDLCcom	69934078	166 
103	Team Acer	69345562	561 
104	Final Boss	67349100	44 
105	Windigo Gaming	67041590	30 
106	Keen Gaming	66988027	23 
107	eStar Gaming	66494262	47 
108	Hwaseung OZ	66277223	44 
109	mYinsanity	64911306	457 
110	AGO Gaming	64754466	61 
111	Team Spirit	64710902	84 
112	TongFu	63986122	41 
113	Prime	63486437	195 
114	Birmingham Salvo	62346573	12 
115	NaJin e-mFire	61679921	35 
116	STX SouL	58266898	78 
117	Panda Global	57761340	387 
118	Philadelphia Fusion	57500000	4 
119	Snake Esports	57400277	37 
120	EURONICS Gaming	57082771	262 
121	Berlin International Gaming	56951941	73 
122	Kingzone DragonX	56822840	11 
123	AZUBU	55116403	46 
124	Ad Finem	54708937	13 
125	Tempest	54408500	14 
126	Heroic	54319785	47 
127	4Kings	53243457	111 
128	AVANGAR	53206401	56 
129	GamersOrigin	52971506	137 
130	Team 3D	50722500	72 
131	Carbon	50480884	152 
132	Gale Force eSports	50195150	64 
133	Chicago Chimera	49775000	7 
134	Winstrike Team	49349970	19 
135	The Chiefs eSports Club	48192177	94 
136	J Team	47798359	23 
137	Enemy	46321220	66 
138	Moscow Five	46266304	68 
139	Team Infused	45428657	95 
140	Woongjin Stars	45023672	47 
141	Old Generations	44997303	76 
142	FXOpen e-Sports	44683444	148 
143	Infamous	44674901	35 
144	Mindfreak	44670639	69 
145	Clan Kapitol	44608923	37 
146	Korean National Team	43765312	20 
147	wisdom Nerve victory	43618901	60 
148	Team Serenity	43386445	5 
149	Obey Alliance	43178328	23 
150	Planet Odd	42837114	16 
151	Tricked eSports	42613178	90 
152	against All authority	41683923	172 
153	100 Thieves	41667500	18 
154	Orange Esports	41501884	31 
155	KSV eSports	40899820	14 
156	Los Angeles Valiant	40891300	4 
157	Ting	40754826	119 
158	Team SCV Life	40251332	187 
159	SlayerS	38326789	95 
160	WeMade FOX	37990051	87 
161	GC Busan	37970401	13 
162	Origen	37878291	13 
163	Team Kongdoo	37417235	34 
164	Lunatic-hai	37220416	19 
165	PSISTORM Gaming	37107395	436 
166	Actoz Stars	36637550	9 
167	Red Reserve	36230000	25 
168	Longzhu Gaming	35590781	8 
169	Solary	35280007	49 
170	San Francisco Shock	35000000	3 
171	Team Reciprocity	34890522	35 
172	Team Archon	34705608	63 
173	Team Celestial	34615757	28 
174	eSuba	33950066	137 
175	Team Roccat	33790958	99 
176	Illuminar Gaming	33723896	48 
177	I May	33570320	5 
178	GODSENT	33566008	51 
179	Team Atlantis	33514944	18 
180	Nihilum Gaming	33393242	39 
181	Nordavind	33029073	33 
182	Rave	32338967	23 
183	Team One More	32112223	9 
184	Radical Online X-tremists	31774113	174 
185	RunAway	31346484	14 
186	OGN Entus	31327138	21 
187	Chinese National Team	31231903	17 
188	JD Gaming	30699120	5 
189	Vancouver Titans	30000000	2 
190	Hong Kong Attitude	29001645	38 
191	Spacestation Gaming	28936625	65 
192	Team Eager	28825000	15 
193	INTZ eSports	28809676	66 
194	Team VeryGames	28756596	84 
195	Team NoA	27554762	28 
196	Team Curse	27423736	127 
197	ESC Gaming	26560115	289 
198	The Imperial	26032666	46 
199	L5	25963000	7 
200	Supremacy	25817593	42 
201	Reason Gaming	25778003	118 
202	Pentagram G-Shock	25737653	18 
203	MBCGame HERO	25712126	44 
204	Bravado Gaming	25637510	47 
205	CM Storm	25340417	74 
206	Pantech	25199064	23 
207	French National Team	25187945	28 
208	Escape Gaming	25168790	11 
209	Boston Uprising	25000000	4 
210	Tainted Minds	24547051	73 
211	Marines Esports	23928600	9 
212	Albus NoX Luna	23870250	3 
213	Hanbit Stars	23789193	34 
214	Welcome to South Georgo	23700000	4 
215	American National Team	23192495	15 
216	Copenhagen Wolves	23017054	81 
217	Unicorns of Love	22961034	37 
218	Los Angeles Gladiators	22933919	4 
219	Nova eSports	22846553	7 
220	Team NP	22467900	9 
221	Clan 519	22384000	36 
222	Carolina Core	22200000	11 
223	Giants Gaming	21856027	64 
224	Big God	21855013	2 
225	Team Naventic	21756900	10 
226	Myztro Gaming	21615832	75 
227	Rogue Warriors	21527335	12 
228	T Show	21494583	42 
229	Greatest Ones	20889698	30 
230	x6tence	20399687	69 
231	LeStream Esport	20344952	13 
232	TCM Gaming	20277142	89 
233	Saigon Jokers	20193486	25 
234	KaBuM! e-Sports	20062397	30 
235	Kaos Latin Gamers	19876935	14 
236	X-Team	19547053	89 
237	Young Miracles	19330200	5 
238	Four Angry Men	19188070	15 
239	Dark Passage	19182149	29 
240	Team RivaL	19074200	12 
241	Paradigm	19000000	4 
242	Swedish National Team	18809801	27 
243	Ukranian National Team	18778818	15 
244	Keyd Stars	18673096	61 
245	Lyon Gaming	18401205	16 
246	Quantic Gaming	18370962	104 
247	Team Queso	18336601	11 
248	Empire Arcadia	18229226	480 
249	Gentside Esports Club	18027555	9 
250	The Gosu Crew	17970165	28 
251	Team Singularity	17899597	55 
252	Selfless Gaming	17767668	86 
253	Axiom eSports	17634272	109 
254	DetonatioN	17377613	51 
255	German National Team	17316792	36 
256	Legacy eSports	17304974	70 
257	Mock-It eSports	17233058	26 
258	We Dem Girlz	17209207	7 
259	Thai National Team	17140000	6 
260	M19	17102525	16 
261	Serious Gaming	16772916	99 
262	Astral Authority	16400000	9 
263	Chivo SC	16345935	15 
264	Griffin	16328700	6 
265	Team Gigantti	16322121	10 
266	JStorm	16300000	5 
267	iGamecom	16288298	36 
268	Gama Bears	16276328	27 
269	Pittsburgh Knights	16237750	26 
270	exceL eSports	16171174	50 
271	HyperGloryTeam	16092277	9 
272	CNB e-Sports Club	15887211	52 
273	Greek National Team	15860000	3 
274	UYU	15636607	41 
275	Positive Energy	15477803	8 
276	Scythe Gaming	15370522	6 
277	Planetkey Dynamics	15317355	127 
278	Team King	15217393	9 
279	Vox Eminor	14892880	42 
280	Miraculous Youngster	14859421	7 
281	team9	14839078	15 
282	SinoDragon	14660980	5 
283	eSTRO	14416813	34 
284	Maximum Impact Gaming	14300029	7 
285	Arma Team	14267900	101 
286	Frag eXecutors	14128127	21 
287	Schalke 04 Esports	14064670	15 
288	Pompa Team	14007599	49 
289	London Conspiracy	13978629	41 
290	Dead Pixels	13902266	258 
291	Isurus Gaming	13804032	29 
292	Team QLASH	13719586	61 
293	PRIDE Gaming	13716494	69 
294	Blank Esports	13710566	8 
295	Team Orbit	13611199	40 
296	Taiwanese National Team	13500000	10 
297	Team No Limit	13271855	9 
298	Western Wolves	13165858	54 
299	Prophecy	12995000	22 
300	Bangkok Titans	12983701	22 
301	Wayi Spider	12737232	57 
302	froyotech	12655924	32 
303	Tigers	12600000	2 
304	Team Gamer Sensei	12525528	9 
305	FlyToMoon	12500000	2 
306	Seoul Dynasty	12500000	2 
307	Team Tinker	12443909	15 
308	RED Canids	12443813	26 
309	Black Dragons e-Sports	12351021	28 
310	Karont3 e-Sports Club	12337702	42 
311	FURIA Esports	12200000	2 
312	Kuala Lumpur Hunters	11983707	26 
313	Zenith of Origin	11971033	80 
314	San Francisco Optx	11800000	5 
315	True eSport	11735781	190 
316	Lemondogs	11607623	13 
317	Polish National Team	11606956	17 
318	emuLate!	11455508	17 
319	Sprout	11230656	17 
320	Topsports Gaming	11111286	13 
321	n!faculty	11103349	40 
322	Finnish National Team	11086878	16 
323	ESC Ever	11003124	7 
324	Canadian National Team	10965000	13 
325	FlyQuest	10953125	15 
326	Pirates of Space	10942635	11 
327	LMQ	10911201	8 
328	Team Aretuza	10865666	12 
329	PanDarea	10761542	21 
330	Avant Garde	10733683	29 
331	Fade 2 Karma	10697277	43 
332	Valiance & Co	10696115	13 
333	Strictly Business	10663000	11 
334	OnGameNet SPARKYZ	10658809	21 
335	The MongolZ	10509759	22 
336	The Titans	10361119	11 
337	Bilibili Gaming	10284220	4 
338	New Star HoSeo	10220762	49 
339	Singapore Sentinels	10211219	18 
340	Invasion eSport	9989723	125 
341	LuxuryWatch	9860483	13 
342	Begrip Gaming	9697194	12 
343	Xenics	9634391	16 
344	Power Rangers	9617262	33 
345	ZeNEX	9579879	46 
346	Burrito Esports	9543371	17 
347	Norweigan National Team	9377271	12 
348	Eleven Gaming	9050000	11 
349	LowLandLions	9038031	56 
350	Brazilian National Team	9000000	6 
351	Cats Gaming	8916997	72 
352	3DMAX	8868479	31 
353	Team Malaysia	8858427	9 
354	PSV eSports	8775000	7 
355	Exile5	8761515	87 
356	Hard Random	8756535	13 
357	Forward Gaming	8751000	10 
358	Team TopDeck	8657432	8 
359	Spanish National Team	8476571	14 
360	Movistar Riders	8336265	25 
361	Project_kr	8267600	7 
362	Winterfox	8249052	67 
363	Team Skadis Gift	8248099	10 
364	1907 Fenerbahçe Esports	8241284	3 
365	British National Team	8084060	10 
366	Phoenix1	8044453	47 
367	VfL Wolfsburg	8044317	28 
368	Cascade	7843733	138 
369	Team iBUYPOWER	7800746	15 
370	OSC Elite	7795972	126 
371	Danish National Team	7706017	16 
372	a-Losers	7631694	20 
373	Brøndby IF eSport	7627000	8 
374	Australian National Team	7540000	8 
375	Noble eSports	7509615	25 
376	Dallas Fuel	7500000	2 
377	Houston Outlaws	7500000	1 Tournament
378	Czech National Team	7338355	5 
379	Triumphant Song Gaming	7249210	20 
380	Automatic Reload	7157500	5 
381	Dutch National Team	7028835	12 
382	Berlin Allianz	7000000	2 
383	Team Property	6864403	34 
384	SBENU	6672607	32 
385	Turkish National Team	6645422	5 
386	EYEBALLERS	6630188	8 
387	Team Question Mark	6606056	4 
388	AT Gaming	6600956	65 
389	Alien Invasion	6587806	130 
390	VwS Gaming	6480865	153 
391	Sigma	6462013	10 
392	Team Random	6250000	1 Tournament
393	Thunderbirds	6250000	1 Tournament
394	Hong Kong Esports	6233260	9 
395	Team Zenith	6106276	8 
396	For Our Utopia	6017576	19 
397	Team Hearthlytics	6001000	15 
398	Team Vulcun	6000000	3 
399	Team Coast	5995000	10 
400	Team Catch-Gamer	5926361	10 
401	Argentinian National Team	5915856	6 
402	Oserv Esport	5910641	8 
403	Team Dragon Knights	5800000	7 
404	Circa eSports	5791005	65 
405	TitanEX1	5763279	61 
406	Fable eSports	5686850	7 
407	AGAiN	5684713	9 
408	Ocrana	5681011	10 
409	Anexis eSports	5630725	32 
410	Polar Ace	5553000	4 
411	GamingGeareu	5490940	8 
412	Manchester City eSports	5490000	7 
413	Tempno	5413357	25 
414	NewRoSoft	5398744	65 
415	Lions	5369322	16 
416	Young Glory	5296557	6 
417	XMG	5260436	84 
418	goodgame	5124786	18 
419	Hite SPARKYZ	5081859	16 
420	Italian National Team	5050000	7 
421	Shanghai Dragons	5000000	2 
422	Hangzhou Spark	5000000	1 Tournament
423	Mercedes-AMG Petronas Esports	5000000	1 Tournament
424	Most Valuable Gaming	4993695	58 
425	FM eSports	4953115	23 
426	CheckSix Gaming	4906524	27 
427	Ajax Amsterdam eSports	4892612	11 
428	69°N-28°E	4844974	6 
429	Winners	4838357	6 
430	spiXel	4813012	7 
431	hoorai	4812167	13 
432	Werder Bremen eSports	4770000	4 
433	Absolute Legends	4742546	40 
434	Brutality	4678940	26 
435	Mysterious Monkeys	4636658	14 
436	REUNITED	4623863	31 
437	New Zealand National Team	4610000	4 
438	Team X	4600000	5 
439	CLASH Tournaments	4598830	183 
440	NGA Club	4568712	8 
441	Singaporian National Team	4550000	5 
442	Unlimited Potential	4531260	3 
443	3sUP Enterprises	4466350	11 
444	GameTV	4453192	65 
445	Team Impulse	4300000	5 
446	Team WinFakt	4295140	14 
447	Destination-Skyline	4154971	11 
448	Team Aster	4122780	5 
449	OverGaming	4093537	22 
450	Toro Rosso Esports Team	4000000	1 Tournament
451	University of Illinois at Urbana-Champaign	4000000	1 Tournament
452	Asterion	3999070	67 
453	bbq Olivers	3986930	5 
454	Austrian National Team	3940912	7 
455	Team Revolution	3935130	81 
456	Hong Kong National Team	3900000	3 
457	Lounge Gaming	3796207	9 
458	Bulgarian National Team	3786811	8 
459	Conquest	3750000	5 
460	VGBootCamp	3742206	108 
461	Cyclone	3726222	15 
462	(monkey) Business	3719400	2 
463	Torpedo Gaming	3719225	14 
464	Grayhound Gaming	3700000	5 
465	Team SPACECRAFT	3607109	39 
466	FC Barcelona	3603125	2 
467	GameOnline	3588237	4 
468	LGB eSports	3567506	21 
469	Vietnamese National Team	3550000	5 
470	Ronin Esports	3527620	5 
471	Team LoLPro	3525000	11 
472	Portugese National Team	3523870	6 
473	Omnislash	3500000	6 
474	Japanese National Team	3500000	5 
475	Clan-Mystik	3475160	17 
476	No Tidehunter	3427708	14 
477	Elite Wolves	3427700	8 
478	Smash Studios	3408806	222 
479	Epiphany Bolt	3407854	29 
480	Sauber F1 Esports Team	3400000	1 Tournament
481	Team Massive Dragons	3397753	2 
482	Horde	3312636	9 
483	Dream Team	3304296	21 
484	Bad Monkey Gaming	3217835	7 
485	London Mint	3208670	5 
486	Beşiktaş e-Sports Club	3141849	10 
487	Romanian National Team	3137564	8 
488	Huma	3117854	4 
489	Even Matchup Gaming	3057760	71 
490	Imaginary Gaming	3019147	42 
491	Gravitas Gaming	3018823	13 
492	Chilean National Team	3000000	3 
493	Mexico City Furia	3000000	2 
494	Belgian National Team	2990000	5 
495	Melee it on Me	2988734	155 
496	Epik Gamer	2975000	6 
497	ANOX	2932499	10 
498	O'Gaming	2893614	30 
499	Team Orcus	2886380	1 Tournament
500	Astana Dragons	2882369	10 
