rank	title	prize	Game	num_plyrs
1	Fortnite Summer Skirmish Series - Week 8	1676250	Fortnite	99
2	Shadowverse World Grand Prix 2018	1310000	Shadowverse	24
3	2017 Las Vegas eRace	1000000	rFactor 2	30
4	BlizzCon 2016 (Hearthstone)	1000000	Hearthstone	16
5	Hearthstone World Championship 2017	1000000	Hearthstone	16
6	Hearthstone World Championship 2019	1000000	Hearthstone	16
7	Mythic Invitational	1000000	Magic: The Gathering Arena	64
8	Fortnite World Cup 2019 - Week 9 - Europe	800000	Fortnite	51
9	Fortnite Fall Skirmish Series - Week 6 - Stream-Vitational	730000	Fortnite	100
10	WCS 2017 Global Finals	700000	StarCraft II	16
11	WCS 2018 Global Finals	700000	StarCraft II	16
12	Fortnite World Cup 2019 - Week 9 - NA East	600000	Fortnite	50
13	Fortnite Summer Skirmish Series - Week 2 EU	540000	Fortnite	27
14	Fortnite Summer Skirmish Series - Week 2 NA	530000	Fortnite	23
15	CPL World Tour Finals 2005	510000	Painkiller	32
16	Fortnite Summer Skirmish Series - Week 4 EU	500000	Fortnite	20
17	Fortnite Summer Skirmish Series - Week 4 NA	500000	Fortnite	20
18	Fortnite Winter Royale Series 2018 (EU)	500000	Fortnite	100
19	Fortnite Winter Royale Series 2018 (NA)	500000	Fortnite	100
20	Madden Championship 2017	500000	Madden NFL 2017	32
21	Turbo Racing League 1000000 Shell-Out (Final Race)	500000	Turbo Racing League	8
22	WCS 2016 Global Finals	500000	StarCraft II	16
23	WESG 2016 (SC2)	402000	StarCraft II	8
24	2017 Clash Royale Crown Championship World Finals	400000	Clash Royale	16
25	FIFA eWorld Cup 2018 - Grand Finals	400000	FIFA 18	16
26	Fortnite Secret Skirmish Series 2019 (Solo)	400000	Fortnite	20
27	Fortnite World Cup 2019 - Week 1 - Europe	400000	Fortnite	51
28	Fortnite World Cup 2019 - Week 3 - Europe	400000	Fortnite	51
29	Fortnite World Cup 2019 - Week 5 - Europe	400000	Fortnite	51
30	Fortnite World Cup 2019 - Week 7 - Europe	400000	Fortnite	41
31	FUT Championship 2017 - Finals 2017	400000	FIFA 17	32
32	IEM XII - World Championship (SC2)	400000	StarCraft II	60
33	Virgin Gaming FIFA Challenge 2013	400000	FIFA 13	512
34	Virgin Gaming MADDEN Challenge 2013	400000	Madden NFL 2013	512
35	WESG 2017 (SC2)	400000	StarCraft II	16
36	IEM XIII - Katowice 2019 (SC2)	399400	StarCraft II	59
37	Capcom Cup 2017	380000	Street Fighter V	32
38	Capcom Cup 2016	360000	Street Fighter V	8
39	PES 2017 World Finals	350000	Pro Evolution Soccer 2017	3
40	Quake World Championship 2017: Duel Tournament	340000	Quake Champions	16
41	Fortnite World Cup 2019 - Week 1 - NA East	300000	Fortnite	41
42	Fortnite World Cup 2019 - Week 3 - NA East	300000	Fortnite	41
43	Fortnite World Cup 2019 - Week 5 - NA East	300000	Fortnite	41
44	Fortnite World Cup 2019 - Week 7 - NA East	300000	Fortnite	41
45	Halo 4 Global Championship	300000	Halo 4	8
46	WESG 2016 (Hearthstone)	300000	Hearthstone	8
47	WESG 2017 (HS Male)	300000	Hearthstone	16
48	Australian Open 2019 (Fortnite)	285706.81	Fortnite	21
49	Fortnite Fall Skirmish Series - Week 2 EU	285000	Fortnite	20
50	Fortnite Fall Skirmish Series - Week 2 NA	285000	Fortnite	20
51	eChampions League Finals	280000	FIFA 19	8
52	FIFA Interactive World Cup 2017	268000	FIFA 17	16
53	Fortnite Fall Skirmish Series - Week 4 NA	265000	Fortnite	20
54	Madden Club Championship	259000	Madden NFL 2018	32
55	Global Series Playoffs PS4	251000	FIFA 18	64
56	Global Series Playoffs XB1	251000	FIFA 18	64
57	2017 HCT - Winter Championship	250000	Hearthstone	16
58	2017 Hearthstone Spring Championship	250000	Hearthstone	16
59	2017 Hearthstone Summer Championship	250000	Hearthstone	16
60	BlizzCon 2014 (Hearthstone)	250000	Hearthstone	16
61	BlizzCon 2015 (Hearthstone)	250000	Hearthstone	16
62	Capcom Cup 2015	250000	Ultra Street Fighter IV	8
63	Capcom Cup 2018	250000	Street Fighter V: Arcade Edition	32
64	ELEAGUE Injustice 2 World Championship 2017	250000	Injustice 2	16
65	ELEAGUE Street Fighter V Invitational	250000	Street Fighter V	24
66	ELEAGUE Street Fighter V Invitational 2018	250000	Street Fighter V: Arcade Edition	24
67	Fortnite Fall Skirmish Series - Week 4 EU	250000	Fortnite	20
68	HCT 2018/19 - Season 1	250000	Hearthstone	16
69	HCT 2018/19 - Season 2	250000	Hearthstone	16
70	HCT 2018/19 - Winter Championship	250000	Hearthstone	16
71	IEM XI - World Championship (SC2)	250000	StarCraft II	44
72	Madden Bowl Live Finals	250000	Madden NFL 2017	16
73	WCS 2012: Global Finals	250000	StarCraft II	32
74	WCS 2013 Global Finals	250000	StarCraft II	16
75	WCS 2014 Global Finals	250000	StarCraft II	16
76	WCS 2015 Global Finals	250000	StarCraft II	16
77	WESG 2018 (SC2)	240000	StarCraft II	8
78	CN vs EU Championship 2017	238869.12	Hearthstone	8
79	GSA FIFA 18 Cup	236250	FIFA 18	4
80	CN vs EU Championship 2018	231238	Hearthstone	8
81	H1Z1 Twitch Invitational 2017 Legends	230000	H1Z1	10
82	WCS 2015 Season 1 Premier League	217000	StarCraft II	32
83	WCS 2015 Season 2 Premier	217000	StarCraft II	32
84	WCS 2015 Season 3 Premier	217000	StarCraft II	32
85	World Cyber Arena 2015 (HS)	215946.08	Hearthstone	4
86	H1Z1 Twitch Invitational 2017 All-Stars	201000	H1Z1	10
87	2017 Magic Online Championship	200000	Magic: The Gathering Online	24
88	2018 Magic Online Championship	200000	Magic: The Gathering Online	24
89	ESL MKX Pro League Season 3 Finals	200000	Mortal Kombat X	8
90	Fortnite World Cup 2019 - Week 9 - NA West	200000	Fortnite	31
91	FUT Champions Cup 2018 - Bucharest	200000	FIFA 19	64
92	FUT Champions Cup 2018 - Manchester	200000	FIFA 18	64
93	FUT Champions Cup 2019 January	200000	FIFA 19	64
94	Injustice 2 Pro Series Grand Finals	200000	Injustice 2	8
95	World Cyber Arena 2014 (HS)	195480	Hearthstone	16
96	GSL Super Tournament 2011	185832.56	StarCraft II	32
97	FUT Champions Cup April	180000	FIFA 19	64
98	WESG 2018 (HS Male)	178000	Hearthstone	8
99	GSL Open Season 2	176942.6	StarCraft II	64
100	GSL Open Season 1	176621.52	StarCraft II	64
101	GSL Open Season 3	172784.13	StarCraft II	64
102	GSL Season 2 2016 (Code S)	164661.28	StarCraft II	32
103	GSL Season 1 2018 (Code S)	159477	StarCraft II	32
104	GSL Season 3 2018 (Code S)	159477	StarCraft II	32
105	GSL Season 1 2016 (Code S)	159286.4	StarCraft II	32
106	WCS Korea 2014 Season 2 Premier	158011.53	StarCraft II	32
107	Gfinity FIFA Series 2019 January	158000	FIFA 19	16
108	IEM XII - PyeongChang (SC2)	156000	StarCraft II	18
109	WCS Korea 2014 Season 3 Premier	154753.2	StarCraft II	32
110	GSL Season 2 2018 (Code S)	153014.85	StarCraft II	32
111	GSL Season 1 2019 (Code S)	152371	StarCraft II	32
112	GSL Season 1 2017 (Code S)	151980	StarCraft II	32
113	WCS Korea 2014 Season 1 Premier	151934.79	StarCraft II	32
114	DreamHack Winter 2017 (QC Duel)	150000	Quake Champions	12
115	Fortnite World Cup 2019 - Week 9 - Asia	150000	Fortnite	21
116	Fortnite World Cup 2019 - Week 9 - South America	150000	Fortnite	21
117	IEM X - World Championship (SC2)	150000	StarCraft II	16
118	Madden Challenge 2017	150000	Madden NFL 2017	16
119	WCS 2013 Season 1 Finals	150000	StarCraft II	16
120	WCS 2013 Season 2 Finals	150000	StarCraft II	16
121	WCS 2013 Season 3 Finals	150000	StarCraft II	16
122	WCS 2016: Spring Circuit Championship	150000	StarCraft II	32
123	WCS 2016: Summer Circuit Championship	150000	StarCraft II	32
124	GSL Season 3 2017 (Code S)	149940	StarCraft II	32
125	GSL Season 2 2017 (Code S)	149770	StarCraft II	32
126	World Cyber Arena 2016 (HS)	145421	Hearthstone	3
127	H1Z1 Invitational 2016 (Game 1)	133622	H1Z1	10
128	H1Z1 Invitational 2016 (Game 2)	133622	H1Z1	10
129	WCS Europe 2014 Season 1 Premier	131000	StarCraft II	32
130	WCS Europe 2014 Season 2 Premier	131000	StarCraft II	32
131	WCS Europe 2014 Season 3 Premier	131000	StarCraft II	32
132	WCS North America 2014 Season 1 Premier	131000	StarCraft II	32
133	WCS North America 2014 Season 2 Premier	131000	StarCraft II	32
134	WCS North America 2014 Season 3 Premier	131000	StarCraft II	32
135	GOMTV MSL #2 2007	126451.2	StarCraft: Brood War	32
136	GOMTV MSL #3 2007	126425.69	StarCraft: Brood War	32
137	HCT 2018/19 - Season 2 - Europe	125000	Hearthstone	83
138	GSL July 2011 (Code S)	123866.95	StarCraft II	31
139	V4 Future Sports Festival (FIFA18)	123574.04	FIFA 18	16
140	V4 Future Sports Festival (Clash Royale)	123574.02	Clash Royale	8
141	GSL Season 5 2012 (Code S)	122777.85	StarCraft II	32
142	GSL August 2011 (Code S)	122551.35	StarCraft II	32
143	GSL May 2011 (Code S)	121446.31	StarCraft II	32
144	GSL Season 1 2013 (Code S)	121323.61	StarCraft II	32
145	GOMTV MSL #4 2008	121112.21	StarCraft: Brood War	32
146	ACOM Fatal1ty Shootout	120748.16	Doom 3	2
147	2016 StarCraft II StarLeague Season 2	120108.22	StarCraft II	16
148	MLG Providence 2011 (StarCraft II)	120000	StarCraft II	8
149	Shadowverse World Grand Prix 2017	120000	Shadowverse	24
150	GSL Season 4 2012 (Code S)	119408.37	StarCraft II	32
151	GSL Season 1 2012 (Code S)	118369.71	StarCraft II	32
152	GSL January 2011 (Code S)	118364.41	StarCraft II	32
153	IEM IX - World Championship (StarCraft II)	117707	StarCraft II	16
154	ShinHan OSL #2 2006	117583.51	StarCraft: Brood War	24
155	ShinHan OSL #3 2006	117163.97	StarCraft: Brood War	24
156	HCT 2018/19 - Season 3 - Europe	117000	Hearthstone	75
157	GSL November 2011 (Code S)	116860.67	StarCraft II	32
158	2016 StarCraft II StarLeague Season 1	116338.8	StarCraft II	16
159	GSL March 2011 (Code S)	116046.45	StarCraft II	31
160	2012 Magic Online Championship	116000	Magic: The Gathering Online	16
161	2013 Magic Online Championship	116000	Magic: The Gathering Online	16
162	2014 Magic Online Championship	116000	Magic: The Gathering Online	16
163	2016 Magic Online Championship	116000	Magic: The Gathering Online	16
164	GSL Season 3 2012 (Code S)	115940.97	StarCraft II	32
165	Arena MSL 2008	115119.27	StarCraft: Brood War	32
166	ShinHan OSL #1 2006	115106.31	StarCraft: Brood War	24
167	GSL October 2011 (Code S)	115052.73	StarCraft II	32
168	HCT 2018/19 - Season 2 - Americas	113000	Hearthstone	71
169	GSL Season 2 2012 (Code S)	112888.17	StarCraft II	32
170	HCT 2018/19 - Season 2 - Asia/Pacific	112000	Hearthstone	70
171	HCT 2018/19 - Season 3 - Americas	112000	Hearthstone	70
172	Daum OSL 2007	111427.3	StarCraft: Brood War	16
173	HCT 2018/19 - Season 1 - America	111000	Hearthstone	69
174	HCT 2018/19 - Season 1 - Europe	111000	Hearthstone	69
175	TRUGAMING Invitational Tekken 7	110000	Tekken 7	8
176	HCT 2018/19 - Season 1 - Asia/Pacific	109000	Hearthstone	67
177	EVER OSL 2007	108451.18	StarCraft: Brood War	16
178	ABC Mart MSL 2011	106828.81	StarCraft: Brood War	32
179	Avalon MSL 2009	106809.04	StarCraft: Brood War	32
180	VS Gaming Festival	106110	FIFA 18	8
181	PDPop MSL 2010	104504.47	StarCraft: Brood War	32
182	2015 Magic Online Championship	104000	Magic: The Gathering Online	13
183	Blade & Soul 2015 World Championship	103401.12	Blade & Soul	16
184	EVER OSL 2008	102514.1	StarCraft: Brood War	16
185	Bacchus OSL 2008	102392.69	StarCraft: Brood War	16
186	Averatec-Intel Classic #1	101675.23	StarCraft: Brood War	8
187	Evo 2016 (SFV)	101070	Street Fighter V	8
188	DreamHack Austin 2018 (SC2 - WCS Circuit)	101000	StarCraft II	32
189	DreamHack Leipzig 2018 (SC2 - WCS Circuit)	101000	StarCraft II	32
190	DreamHack Montreal 2018 (SC2 - WCS Circuit)	101000	StarCraft II	32
191	DreamHack Valencia 2018 (SC2 - WCS Circuit)	101000	StarCraft II	32
192	NATE MSL 2009	100659.53	StarCraft: Brood War	32
193	World Cyber Arena 2015 (WC3)	100260.68	WarCraft III	3
194	2010 Magic Online Championship	100000	Magic: The Gathering Online	12
195	2011 Magic Online Championship	100000	Magic: The Gathering Online	12
196	Babbage's CPL Tournament (Quake III Arena)	100000	Quake III Arena	64
197	CPL Winter 2007 (Halo 3)	100000	Halo 3	64
198	CPL World Tour Finals 2007 (F.E.A.R.)	100000	F.E.A.R	8
199	DreamHack Austin 2017 (SC2 WCS)	100000	StarCraft II	32
200	DreamHack Montreal 2017 (SC2)	100000	StarCraft II	32
201	DreamHack Summer 2017 (SC2)	100000	StarCraft II	32
202	DreamHack Valencia 2017 (SC2)	100000	StarCraft II	32
203	DreamHack Winter 2017 (H1Z1 Solo)	100000	H1Z1	10
204	ESL Katowice Royale 2019 - International Edition - Solo	100000	Fortnite	20
205	ESL MKX Pro League Season 1 Finals	100000	Mortal Kombat X	4
206	ESPN2 Madden Nation Season 1	100000	Madden NFL 2006	2
207	ESPN2 Madden Nation Season 2	100000	Madden NFL 2007	2
208	ESPN2 Madden Nation Season 3	100000	Madden NFL 2008	2
209	ESPN2 Madden Nation Season 4	100000	Madden NFL 2009	2
210	Fortnite Fall Skirmish Series - Week 4 Trial	100000	Fortnite	8
211	Fortnite Fall Skirmish Series - Week 5 Trial	100000	Fortnite	8
212	Fortnite World Cup 2019 - Week 1 - NA West	100000	Fortnite	21
213	Fortnite World Cup 2019 - Week 3 - NA West	100000	Fortnite	21
214	Fortnite World Cup 2019 - Week 5 - NA West	100000	Fortnite	21
215	Fortnite World Cup 2019 - Week 7 - NA West	100000	Fortnite	21
216	Fortnite World Cup 2019 - Week 9 - Oceania	100000	Fortnite	21
217	FUT Champions Cup 2018 - London	100000	FIFA 19	8
218	FUT Champions Cup 2019 Singapore	100000	FIFA 19	8
219	FUT Champions Cup ELEAGUE	100000	FIFA 19	32
220	GWENT Challenger #1	100000	Gwent	4
221	GWENT Challenger #2	100000	Gwent	8
222	GWENT Challenger #3	100000	Gwent	8
223	GWENT Challenger #4	100000	Gwent	8
224	IEM VII - World Championship (StarCraft II)	100000	StarCraft II	24
225	IEM VIII - World Championship (StarCraft II)	100000	StarCraft II	2
226	IGN Pro League Season 3 (Starcraft II)	100000	StarCraft II	32
227	IGN Pro League Season 4 (Starcraft II)	100000	StarCraft II	20
228	IGN Pro League Season 5 (Starcraft II)	100000	StarCraft II	32
229	Injustice 2 Pro Series Grand Finals 2018	100000	Injustice 2	16
230	Madden 2017 Classic	100000	Madden NFL 2017	16
231	NASL Season 1	100000	StarCraft II	16
232	NASL Season 2 (Starcraft II)	100000	StarCraft II	16
233	Razer / CPL Tournament	100000	Quake III Arena	32
234	WCG Ultimate Gamer Season 1	100000	Soul Calibur IV	2
235	WCG Ultimate Gamer Season 2	100000	Halo: Reach	2
236	WCS 2019 Spring	100000	StarCraft II	32
237	WCS America 2013 Season 1 Premier	100000	StarCraft II	32
238	WCS America 2013 Season 2 Premier	100000	StarCraft II	32
239	WCS America 2013 Season 3 Premier	100000	StarCraft II	32
240	WCS Europe 2013 Season 1 Premier	100000	StarCraft II	32
241	WCS Europe 2013 Season 2 Premier	100000	StarCraft II	32
242	WCS Europe 2013 Season 3 Premier	100000	StarCraft II	32
243	WCS Korea 2013 Season 1 Premier	100000	StarCraft II	32
244	WCS Korea 2013 Season 2 Premier	100000	StarCraft II	32
245	WCS Korea 2013 Season 3 Premier	100000	StarCraft II	32
246	Clash Royale Shanghai Tournament	99750.27	Clash Royale	4
247	Hearthstone All-Star Invitational 2017	98000	Hearthstone	16
248	Hearthstone All-Star Invitational 2018	98000	Hearthstone	16
249	GSL World Championship Seoul 2011	97882	StarCraft II	16
250	World Cyber Arena 2014 (WC3)	97740	WarCraft III	8
251	Hana Daetoo MSL 2010	97103.63	StarCraft: Brood War	32
252	Bigfile MSL 2010	96925.09	StarCraft: Brood War	32
253	GSL vs. The World 2017	95688	StarCraft II	16
254	Age of Empires II International Tournament	95000	Age of Empires II: The Age of Kings	16
255	GSL vs. The World 2018	94157.41	StarCraft II	16
256	La Liga eSports Virtual 2019	92960	FIFA 19	8
257	Auction All-Kill OSL 2012	92917.33	StarCraft II	16
258	Averatec-Intel Classic #3	92771.86	StarCraft: Brood War	16
259	Jin Air OSL 2011	91788.55	StarCraft: Brood War	16
260	Bacchus OSL 2010 (Playoffs)	91463.4	StarCraft: Brood War	16
261	EVER OSL 2009 (Playoffs)	90820.1	StarCraft: Brood War	16
262	Afreeca Starleague Season 4	89913.6	StarCraft: Brood War	28
263	Tving OSL 2012	89871.78	StarCraft: Brood War	16
264	Korean Air OSL #2 2010 (Playoffs)	87553.66	StarCraft: Brood War	16
265	H1Z1 Invitational 2015 (Game 1)	86664	H1Z1	10
266	H1Z1 Invitational 2015 (Game 2)	86664	H1Z1	10
267	H1Z1 Elite Series - Atlanta (Solo Event)	86300	H1Z1	10
268	GSL Season 2 2015 (Code S)	85550.4	StarCraft II	32
269	Korean Air OSL #1 2010 (Playoffs)	85491.62	StarCraft: Brood War	16
270	BlizzCon 2011 (StarCraft II)	85000	StarCraft II	3
271	Madden 19 Bowl	85000	Madden NFL 19	3
272	NHL Gaming World Championship	85000	NHL 18	6
273	Evo 2018 (SFV:AE)	84990	Street Fighter V: Arcade Edition	8
274	2015 Global StarCraft II League Season 1	84041.93	StarCraft II	32
275	Smash Summit 5 (Singles)	83758	Super Smash Bros. Melee	16
276	DreamHack Winter 2012 (StarCraft II)	83004.46	StarCraft II	8
277	IEM VI - World Championship (StarCraft II)	83000	StarCraft II	24
278	Lost Saga MSL 2009	82777.37	StarCraft: Brood War	32
279	FUT Champions Cup 2018 - Barcelona - PS4 Division	82000	FIFA 18	31
280	FUT Champions Cup 2018 - Barcelona - XBox Division	82000	FIFA 18	31
281	Bacchus OSL 2009 (Playoffs)	81875.06	StarCraft: Brood War	16
282	YY Chinese Soloqueue Challenge 2014	81616.5	League of Legends	2
283	GSL Season 3 2015 (Code S)	80402.4	StarCraft II	32
284	2016 HCT - America Summer Championship	80000	Hearthstone	8
285	2016 HCT - American Winter Championship	80000	Hearthstone	8
286	2016 HCT - Americas Spring Championship	80000	Hearthstone	8
287	2016 HCT - Asia-Pacific Spring Championship	80000	Hearthstone	8
288	2016 HCT - Asia-Pacific Summer Championship	80000	Hearthstone	8
289	2016 HCT - Asia-Pacific Winter Championship	80000	Hearthstone	8
290	2016 HCT - Europe Spring Championship	80000	Hearthstone	8
291	2016 HCT - Europe Summer Championship	80000	Hearthstone	8
292	2016 HCT - Europe Winter Championship	80000	Hearthstone	8
293	DreamHack Open Winter 2018 (QC Duel)	80000	Quake Champions	16
294	Incruit OSL 2008 (Playoffs)	79045.27	StarCraft: Brood War	16
295	KeSPA Cup 2014	78720	StarCraft II	16
296	eLigue 1 2019	78400	FIFA 19	4
297	i-league Season 4	78127.31	Hearthstone	8
298	ClubDay MSL 2008	77534.88	StarCraft: Brood War	32
299	Batoo OSL 2009 (Playoffs)	76651.39	StarCraft: Brood War	16
300	DreamHack Winter 2013 (StarCraft II)	76368.66	StarCraft II	8
301	Evo 2017 (SFV)	76250	Street Fighter V	8
302	Averatec-Intel Classic #2	76015.37	StarCraft: Brood War	8
303	MLG Fall Championship 2012 (Starcraft II)	76000	StarCraft II	16
304	MLG Spring Championship 2012 (Starcraft II)	76000	StarCraft II	16
305	MLG Summer Championship 2012 (Starcraft II)	76000	StarCraft II	16
306	MLG Winter Championship 2012 (Starcraft II)	76000	StarCraft II	16
307	Brooklyn Beatdown ESL One NY 2016	75000	Street Fighter V	16
308	DreamHack Winter 2014 (SC2)	75000	StarCraft II	8
309	Fortnite World Cup 2019 - Week 1 - Asia	75000	Fortnite	21
310	Fortnite World Cup 2019 - Week 1 - South America	75000	Fortnite	21
311	Fortnite World Cup 2019 - Week 3 - Asia	75000	Fortnite	21
312	Fortnite World Cup 2019 - Week 3 - South America	75000	Fortnite	21
313	Fortnite World Cup 2019 - Week 5 - Asia	75000	Fortnite	20
314	Fortnite World Cup 2019 - Week 5 - South America	75000	Fortnite	21
315	Fortnite World Cup 2019 - Week 7 - Asia	75000	Fortnite	21
316	Fortnite World Cup 2019 - Week 7 - South America	75000	Fortnite	21
317	MLG Winter Championship 2013 (Starcraft II)	75000	StarCraft II	16
318	Pringles MSL #2 2006	74784.71	StarCraft: Brood War	16
319	GOMTV MSL #1 2006	74323.37	StarCraft: Brood War	16
320	Pringles MSL #1 2006	73193.08	StarCraft: Brood War	16
321	KSL Season 1 2018	73120	StarCraft: Brood War	16
322	King's Cup	73000	Clash Royale	16
323	Evo 2015 (USFIV)	72270	Ultra Street Fighter IV	8
324	KSL Season 2 2018	71200	StarCraft: Brood War	16
325	Afreeca Starleague Season 6	71040	StarCraft: Brood War	28
326	Afreeca Starleague Season 7	71040	StarCraft: Brood War	28
327	WSVG ISC 2006 (Quake 4)	71000	Quake 4	16
328	KSL Season 3 2019	70480	StarCraft: Brood War	16
329	Virgin Gaming NHL Challenge 2013	70000	NHL 13	2
330	100000 Rise of the Ultimate Championship Tournament	69600	Rise of Nations: Rise of Legends	8
331	2015 StarCraft II StarLeague Season 3 (Main Event)	68129.26	StarCraft II	16
332	2015 StarCraft II StarLeague Season 2 (Main Event)	68085	StarCraft II	16
333	2015 StarCraft II StarLeague Season 1	67800	StarCraft II	16
334	ESWC 2011 (StarCraft II)	66000	StarCraft II	16
335	2017 Clash Royale Crown Championship NA Fall Finals	65000	Clash Royale	10
336	WCS 2015 Season 1 Challenger	64000	StarCraft II	32
337	WEC 2014 (Hearthstone)	63512.67	Hearthstone	8
338	Gold Series 2017 - Fall	63298.81	Hearthstone	32
339	GSL Blizzard Cup 2012	63285.27	StarCraft II	10
340	Turbo Racing League 1000000 Shell-Out (Week #1)	62500	Turbo Racing League	10
341	Turbo Racing League 1000000 Shell-Out (Week #2)	62500	Turbo Racing League	10
342	Turbo Racing League 1000000 Shell-Out (Week #3)	62500	Turbo Racing League	10
343	Turbo Racing League 1000000 Shell-Out (Week #4)	62500	Turbo Racing League	10
344	Turbo Racing League 1000000 Shell-Out (Week #5)	62500	Turbo Racing League	10
345	Turbo Racing League 1000000 Shell-Out (Week #6)	62500	Turbo Racing League	10
346	Turbo Racing League 1000000 Shell-Out (Week #7)	62500	Turbo Racing League	10
347	Turbo Racing League 1000000 Shell-Out (Week #8)	62500	Turbo Racing League	10
348	WCS 2015 Season 2 Challenger	62000	StarCraft II	31
349	WCS 2015 Season 3 Challenger	62000	StarCraft II	31
350	Evo 2015 (MKX)	61620	Mortal Kombat X	8
351	NEO Star League 2016 International	61399.84	StarCraft II	15
352	Blade & Soul 2016 World Championship (Single)	60343.2	Blade & Soul	12
353	ESL MKX Pro League Season 2 Finals	60000	Mortal Kombat X	4
354	NASL Season 3 (StarCraft II Playoffs)	60000	StarCraft II	4
355	NASL Season 4	60000	StarCraft II	4
356	QuakeCon 2004 (Doom 3 Duel)	60000	Doom 3	5
357	WCS 2012: Asia	60000	StarCraft II	32
358	WCS 2012: Europe	60000	StarCraft II	32
359	WCS 2012: North America	60000	StarCraft II	32
360	WCS Winter Americas 2019	60000	StarCraft II	32
361	WCS Winter Europe 2019	60000	StarCraft II	32
362	Evo 2017 (Injustice 2)	58800	Injustice 2	8
363	GSL Blizzard Cup 2011	58696.62	StarCraft II	10
364	Game-X 2007	57180.99	WarCraft III	8
365	Evo 2016 (MKXL)	57130	Mortal Kombat XL	8
366	DreamHack Winter 2011 (StarCraft II)	57072.34	StarCraft II	8
367	Continental Cup	56500	FIFA 19	16
368	CN vs EU Season 2	55913.52	Hearthstone	8
369	Gold Series 2017 - Summer	55635.51	Hearthstone	32
370	TAG Heuer Virtuelle Bundesliga 2017/18 Finals	55489.5	FIFA 18	4
371	WEC 2014 (StarCraft 2)	55370.02	StarCraft II	8
372	Afreeca Starleague Season 5	55308.8	StarCraft: Brood War	28
373	Gold Series 2017 - Spring	54990.34	Hearthstone	32
374	2017 StarCraft II StarLeague Season 1: Premier	54921.31	StarCraft II	10
375	Gold Series 2016 - Summer	54714.2	Hearthstone	32
376	2017 StarCraft II StarLeague Season 2: Premier	54684	StarCraft II	10
377	OGN/NetEase: China vs. Korea Masters	54000	Hearthstone	16
378	OGN/NetEase: China vs. Korea Masters 2	54000	Hearthstone	16
379	Evo 2015 (Killer Instinct)	53970	Killer Instinct (2013)	8
380	Street Fighter 25th Ann. - Grand Finals (SFxT)	53700	Street Fighter X Tekken	16
381	Street Fighter 25th Ann. - Grand Finals (SSFIV:AE)	53700	Super Street Fighter IV Arcade Edition	16
382	WCG 2013 (StarCraft II)	52500	StarCraft II	3
383	Smash Ultimate Summit	51917.22	Super Smash Bros. Ultimate	16
384	Pokémon 2017 World Championships	51500	Pokémon VGC	16
385	Smash Summit Spring 2017 (Singles)	51448	Super Smash Bros. Melee	16
386	H1Z1 Twitch Invitational 2017 Challengers	51000	H1Z1	11
387	QuakeCon 2003 (Quake III Arena Duel)	51000	Quake III Arena	4
388	WESG 2017 (HS Female)	51000	Hearthstone	4
389	VBL Championships	50400	FIFA 19	4
390	China Top 2016 (WC3)	50365	WarCraft III	4
391	2009 Magic Online Championship	50000	Magic: The Gathering Online	8
392	2017 Clash Royale Crown Championship EU Fall Finals	50000	Clash Royale	6
393	2GGC	50000	Super Smash Bros. for Wii U	20
394	Brawlhalla World Championship 2017 - 1v1	50000	Brawlhalla	32
395	Brawlhalla World Championship 2018 - 1v1	50000	Brawlhalla	32
396	Brooklyn Beatdown Round 2	50000	Street Fighter V	16
397	Capcom Cup 2014	50000	Ultra Street Fighter IV	3
398	CPL Brazil 2005 (Painkiller)	50000	Painkiller	16
399	CPL Chile 2005 (Painkiller)	50000	Painkiller	16
400	CPL Italy 2005	50000	Painkiller	16
401	CPL Singapore 2005 (Painkiller)	50000	Painkiller	16
402	CPL Spain 2005 (Painkiller)	50000	Painkiller	16
403	CPL Summer 2005 (Painkiller)	50000	Painkiller	16
404	CPL Sweden 2005	50000	Painkiller	16
405	CPL Turkey 2005 (Painkiller)	50000	Painkiller	16
406	CPL UK 2005 (Painkiller)	50000	Painkiller	16
407	CPL Winter 2006 (Quake III Arena)	50000	Quake III Arena	32
408	Descent 3 50000 Tournament	50000	Descent 3	2
409	DreamHack Austin 2016 (SC2)	50000	StarCraft II	16
410	DreamHack Leipzig 2016 (SC2)	50000	StarCraft II	16
411	DreamHack Valencia 2016 (SC2)	50000	StarCraft II	16
412	DreamHack Winter 2015 (SC2)	50000	StarCraft II	12
413	Fortnite World Cup 2019 - Week 1 - Oceania	50000	Fortnite	21
414	Fortnite World Cup 2019 - Week 3 - Oceania	50000	Fortnite	21
415	Fortnite World Cup 2019 - Week 5 - Oceania	50000	Fortnite	21
416	Fortnite World Cup 2019 - Week 7 - Oceania	50000	Fortnite	21
417	FUT Championship 2017 - Season 1 AM (PS4)	50000	FIFA 17	8
418	FUT Championship 2017 - Season 1 AM (XBOX)	50000	FIFA 17	8
419	FUT Championship 2017 - Season 1 EU (PS4)	50000	FIFA 17	8
420	FUT Championship 2017 - Season 1 EU (XBOX)	50000	FIFA 17	8
421	FUT Championship 2017 - Season 1 RotW (PS4)	50000	FIFA 17	8
422	FUT Championship 2017 - Season 1 RotW (XBOX)	50000	FIFA 17	8
423	FUT Championship 2017 - Season 2 AM (PS4)	50000	FIFA 17	8
424	FUT Championship 2017 - Season 2 AM (XBOX)	50000	FIFA 17	8
425	FUT Championship 2017 - Season 2 EU (PS4)	50000	FIFA 17	8
426	FUT Championship 2017 - Season 2 EU (XBOX)	50000	FIFA 17	8
427	FUT Championship 2017 - Season 2 RotW (PS4)	50000	FIFA 17	8
428	FUT Championship 2017 - Season 2 RotW (XBOX)	50000	FIFA 17	8
429	Gold Series International 2016	50000	StarCraft II	16
430	Halo 3 US Championship	50000	Halo 3	2
431	Hand of the Gods Founder’s Tournament	50000	Hand of the Gods	16
432	IEM XI - Shanghai (SC2)	50000	StarCraft II	16
433	IGN Pro League Season 2	50000	StarCraft II	32
434	Madden NFL 16 Championship	50000	Madden NFL 2016	8
435	PGL Quake Champions Open 2018	50000	Quake Champions	8
436	QuakeCon 2004 (Quake III Arena Duel)	50000	Quake III Arena	3
437	QuakeCon 2005 (Doom 3 Duel)	50000	Doom 3	3
438	QuakeCon 2007 Quad Damage Tournament	50000	Quake 4	8
439	Red Bull Battle Grounds: Grand Finals New York 2013	50000	StarCraft II	8
440	Red Bull Battle Grounds: Grand Finals Washington 2014	50000	StarCraft II	8
441	SL i-League Finals (Hearthstone)	50000	Hearthstone	8
442	StarLadder i-League StarSeries Season 2 (Hearthstone)	50000	Hearthstone	8
443	Tekken World Tour Finals	50000	Tekken 7	16
444	WCG Challenge 2000 (AoEII)	50000	Age of Empires II: The Age of Kings	4
445	WCG Challenge 2000 (FIFA 2000)	50000	FIFA 2000	4
446	WCG Challenge 2000 (Quake III Arena)	50000	Quake III Arena	4
447	WCG Challenge 2000 (StarCraft: Brood War)	50000	StarCraft: Brood War	4
448	WCS 2016: Copa Intercontinental	50000	StarCraft II	10
449	GSL Season 1 2016 (Code A)	49980	StarCraft II	30
450	KeSPA Cup 2016	49775	StarCraft II	16
451	CN vs EU Championship 2016	48908.2	Hearthstone	8
452	ESL Katowice Royale 2019 - Polish Edition - Solo	48500	Fortnite	20
453	G-Star PUBG Asia Invitational (Solo)	48283	PLAYERUNKNOWN’S BATTLEGROUNDS	8
454	Gold Series 2015 - Grand Finals	48143	Hearthstone	8
455	Gold Series - Grand Finals	48123.6	Hearthstone	8
456	eLigue 1	47908.58	FIFA 18	4
457	Ninja Vegas 2018	47500	Fortnite	10
458	Smash Summit 7 (Singles)	47261.2	Super Smash Bros. Melee	16
459	Hangzhou StarCraft Carnival 2018 (SC2)	47112	StarCraft II	3
460	Hangzhou StarCraft Carnival 2018 (SC:BW 1v1)	47112	StarCraft: Brood War	3
461	EM II - Finals (WarCraft III)	47000	WarCraft III	10
462	1999 Sports Seoul Cup	46498.86	StarCraft: Brood War	7
463	10th SonicTV BJ Starleague	45915.6	StarCraft: Brood War	32
464	WEGL 2017 (SC:BW)	45550	StarCraft: Brood War	8
465	EM I - Finals (WarCraft III)	45243.61	WarCraft III	8
466	Gamescom PUBG Invitational (Solo TP)	45000	PLAYERUNKNOWN’S BATTLEGROUNDS	10
467	QuakeCon 2001 (Quake III Arena Duel)	45000	Quake III Arena	3
468	World e-Sports Games I (WarCraft III)	45000	WarCraft III	16
469	World e-Sports Games II (WarCraft III)	45000	WarCraft III	16
470	Gold Series 2016 - Grand Finals	44755.03	Hearthstone	8
471	Neo Star League 2017 (HS)	44500	Hearthstone	12
472	KT KTF Premiere League (GameTV)	44349.6	StarCraft: Brood War	9
473	StarCraft Asian Open 2013 (1v1)	44310.89	StarCraft: Brood War	3
474	ShinHan OSL Masters 2007	43753.15	StarCraft: Brood War	4
475	World Cyber Arena 2016 (SC2)	43626.3	StarCraft II	3
476	World Cyber Arena 2016 (WC3)	43626.3	WarCraft III	3
477	H & W China vs Korea Masters	43476	WarCraft III	8
478	BlizzCon 2010 (StarCraft II)	43000	StarCraft II	4
479	WCG 2002 (2002 FIFA World Cup)	43000	FIFA 2002 World Cup	8
480	WCG 2002 (Age of Empires II)	43000	Age of Empires II: The Age of Kings	8
481	WCG 2002 (Quake III Arena)	43000	Quake III Arena	8
482	WCG 2002 (StarCraft: Brood War)	43000	StarCraft: Brood War	8
483	WCG 2002 (Unreal Tournament)	43000	Unreal Tournament	8
484	WCG 2006 (SC:BW)	43000	StarCraft: Brood War	3
485	WCG 2006 (WarCraft III)	43000	WarCraft III	3
486	WCG 2006 (Warhammer 40000)	43000	Warhammer 40000: Dawn of War	3
487	World e-Sports Games III (WarCraft III)	43000	WarCraft III	12
488	WEG Masters (WarCraft III)	42000	WarCraft III	8
489	GSL Hot6ix Cup 2013	41623.91	StarCraft II	8
490	KT KTF Premiere League 2nd Edition (OnGameNet)	41598.46	StarCraft: Brood War	10
491	The King of Iron Fist Tournament 2015	41334.27	Tekken 7	3
492	Red Bull Battlegrounds	41000	StarCraft II	16
493	IEST 2009 (WarCraft III)	40984.21	WarCraft III	3
494	Play.com UT3 National Championship (1v1 Duel)	40535.88	Unreal Tournament 3	2
495	GSL Season 2 2016 (Code A)	40036.33	StarCraft II	23
496	Blackheart cup - Europe	40000	Fortnite	120
497	BlizzCon 2008 (StarCraft: Brood War)	40000	StarCraft: Brood War	3
498	BlizzCon 2008 (WarCraft III)	40000	WarCraft III	3
499	BlizzCon 2009 (StarCraft: Brood War)	40000	StarCraft: Brood War	3
500	BlizzCon 2009 (WarCraft III)	40000	WarCraft III	3
