rank	title	prize_pool	game	num_teams	num_plyrs
1	The International 2018	25532177	Dota 2	18	90
2	The International 2017	24687919	Dota 2	18	90
3	The International 2016	20770460	Dota 2	16	80
4	The International 2015	18429613.05	Dota 2	16	80
5	The International 2014	10931103	Dota 2	14	70
6	LoL 2018 World Championship	6450000	League of Legends	24	130
7	LoL 2016 World Championship	5070000	League of Legends	16	86
8	LoL 2017 World Championship	4946969	League of Legends	24	128
9	Fortnite Fall Skirmish Series - Clubs Standings	4000000	Fortnite	5	498
10	DAC 2015	3057521	Dota 2	20	100
11	The Boston Major 2016	3000000	Dota 2	16	80
12	The Frankfurt Major 2015	3000000	Dota 2	16	80
13	The Kiev Major 2017	3000000	Dota 2	16	80
14	The Manila Major 2016	3000000	Dota 2	16	80
15	The Shanghai Major 2016	3000000	Dota 2	16	80
16	The International 2013	2874381	Dota 2	8	40
17	Smite World Championship 2015	2612259	SMITE	8	40
18	Halo World Championship 2016	2500000	Halo 5: Guardians	16	64
19	LoL 2014 World Championship	2130000	League of Legends	16	82
20	LoL 2015 World Championship	2130000	League of Legends	16	85
21	LoL Season 3 World Championship	2050000	League of Legends	14	70
22	Call of Duty XP Championship 2016	2000000	Call of Duty: Black Ops III	32	127
23	LoL Season 2 World Championship	2000000	League of Legends	12	60
24	Six Invitational 2019	2000000	Rainbow Six Siege	16	80
25	Fortnite Fall Skirmish Series - Week 6 - Grand Finals	1942500	Fortnite	50	100
26	Overwatch League - Season 1 Playoffs	1700000	Overwatch	6	60
27	Mid-Season Invitational 2017	1690000	League of Legends	13	67
28	The International 2011	1600000	Dota 2	8	42
29	The International 2012	1600000	Dota 2	8	40
30	CWL Championship 2017	1525000	Call of Duty: Infinite Warfare	33	128
31	China Dota2 Supermajor 2018	1500000	Dota 2	16	80
32	CWL Championship 2018	1500000	Call of Duty: World War II	32	128
33	WESG 2016 (CS:GO)	1500000	Counter-Strike: Global Offensive	8	40
34	WESG 2016 (Dota 2)	1500000	Dota 2	8	40
35	WESG 2017 (CS:GO Male)	1500000	Counter-Strike: Global Offensive	16	80
36	WESG 2017 (Dota 2)	1500000	Dota 2	16	80
37	ELEAGUE Season 1	1410000	Counter-Strike: Global Offensive	24	124
38	Mid-Season Invitational 2018	1370520	League of Legends	14	73
39	Overwatch League - Season 1 Regular Season	1300000	Overwatch	12	130
40	ELEAGUE Season 2	1100000	Counter-Strike: Global Offensive	16	81
41	Call of Duty Championship 2013	1000000	Call of Duty: Black Ops 2	8	32
42	Call of Duty Championship 2014	1000000	Call of Duty: Ghosts	8	32
43	Call of Duty Championship 2015	1000000	Call of Duty: Advanced Warfare	8	32
44	Call of Duty XP	1000000	Call of Duty: Modern Warfare 3	8	32
45	DAC 2018	1000000	Dota 2	16	80
46	DreamLeague Season 11	1000000	Dota 2	16	80
47	ELEAGUE CS:GO Premier 2017	1000000	Counter-Strike: Global Offensive	16	80
48	ELEAGUE CS:GO Premier 2018	1000000	Counter-Strike: Global Offensive	8	40
49	ELEAGUE Major 2017	1000000	Counter-Strike: Global Offensive	16	80
50	ELEAGUE Major: Boston 2018	1000000	Counter-Strike: Global Offensive	16	80
51	EPICENTER XL	1000000	Dota 2	12	60
52	ESL One Birmingham 2018	1000000	Dota 2	12	60
53	ESL One Hamburg 2017	1000000	Dota 2	8	40
54	ESL One Katowice 2018 (Dota 2)	1000000	Dota 2	16	80
55	ESL One: Cologne 2016	1000000	Counter-Strike: Global Offensive	16	81
56	FACEIT Major: London 2018	1000000	Counter-Strike: Global Offensive	16	80
57	Halo World Championship 2017	1000000	Halo 5: Guardians	12	48
58	Halo World Championship 2018	1000000	Halo 5: Guardians	16	64
59	HGC 2016 - Fall Finals	1000000	Heroes of the Storm	12	60
60	HGC 2017 Global Finals	1000000	Heroes of the Storm	16	80
61	HGC 2018 Global Finals	1000000	Heroes of the Storm	12	60
62	Honor of Kings Champion Cup Summer 2018	1000000	Arena of Valor	16	29
63	IEM XIII - Katowice 2019 (CS:GO Major)	1000000	Counter-Strike: Global Offensive	16	80
64	Intel Grand Slam Season 1	1000000	Counter-Strike: Global Offensive	2	10
65	MDL Changsha Major 2018	1000000	Dota 2	12	60
66	MDL Disneyland Paris Major 2019	1000000	Dota 2	16	75
67	Mid-Season Invitational 2019	1000000	League of Legends	13	66
68	MLG Major Championship: Columbus 2016	1000000	Counter-Strike: Global Offensive	16	80
69	PGL Major Kraków 2017	1000000	Counter-Strike: Global Offensive	16	80
70	PUBG Global Invitational 2018 (FPP)	1000000	PLAYERUNKNOWN’S BATTLEGROUNDS	22	80
71	PUBG Global Invitational 2018 (TPP)	1000000	PLAYERUNKNOWN’S BATTLEGROUNDS	22	80
72	ROG DreamLeague Season 8	1000000	Dota 2	8	40
73	Smite World Championship 2016	1000000	SMITE	10	50
74	Smite World Championship 2017	1000000	SMITE	10	45
75	The Bucharest Major 2018	1000000	Dota 2	8	40
76	The Chongqing Major 2019	1000000	Dota 2	16	81
77	The Kuala Lumpur Major 2018	1000000	Dota 2	16	80
78	CrossFire Stars 2018	900000	CrossFire	8	40
79	WESG 2018 (CS:GO Male)	890000	Counter-Strike: Global Offensive	8	40
80	WESG 2018 (Dota 2)	890000	Dota 2	8	40
81	CFS 2017	850000	CrossFire	4	20
82	Smite World Championship 2018	785000	SMITE	10	50
83	Esports Championship Series Season 1 - Finals	765000	Counter-Strike: Global Offensive	8	40
84	ESL Pro League S5 Finals	750000	Counter-Strike: Global Offensive	12	60
85	ESL Pro League Season 6 Finals	750000	Counter-Strike: Global Offensive	12	60
86	ESL Pro League Season 7 - Finals	750000	Counter-Strike: Global Offensive	16	80
87	ESL Pro League Season 8 - Finals	750000	Counter-Strike: Global Offensive	16	80
88	2018 CWL Pro League Stage 1	700000	Call of Duty: World War II	16	66
89	2018 CWL Pro League Stage 2	700000	Call of Duty: World War II	16	64
90	CWL 2017 - Global Pro League Stage 1	700000	Call of Duty: Infinite Warfare	16	64
91	CWL 2017 - Global Pro League Stage 2	700000	Call of Duty: Infinite Warfare	16	64
92	Dota2 Professional League Season 2 - Top	700000	Dota 2	10	51
93	World Cyber Arena 2015 (Dota 2)	677284.4	Dota 2	4	20
94	Esports Championship Series Season 2 - Finals	660000	Counter-Strike: Global Offensive	8	40
95	Esports Championship Series Season 3 - Finals	660000	Counter-Strike: Global Offensive	8	40
96	Esports Championship Series Season 4 - Finals	660000	Counter-Strike: Global Offensive	8	40
97	Esports Championship Series Season 5 - Finals	660000	Counter-Strike: Global Offensive	8	40
98	Esports Championship Series Season 6 - Finals	660000	Counter-Strike: Global Offensive	8	40
99	Quake World Championship 2017: Sacrifice Tournament	660000	Quake Champions	8	32
100	V4 Future Sports Festival (CS:GO)	617870	Counter-Strike: Global Offensive	8	40
101	DAC 2017	611987	Dota 2	12	60
102	NBA 2K League 2018 Playoffs	600000	NBA 2K18	8	48
103	World Cyber Arena 2016 (Dota 2)	596226.1	Dota 2	4	20
104	AoV International Championship 2018	580000	Arena of Valor	8	41
105	ESL Pro League Season 4: Finals	580000	Counter-Strike: Global Offensive	11	55
106	LPL Spring 2018	552695.5	League of Legends	6	41
107	LPL Spring 2016	540291.5	League of Legends	6	40
108	LPL Summer 2018	539595	League of Legends	6	43
109	LPL Summer 2016	526799	League of Legends	6	37
110	LPL Summer 2017	525353.5	League of Legends	6	49
111	IEM XII - World Championship (CS:GO)	524000	Counter-Strike: Global Offensive	16	80
112	LPL Spring 2019	520100	League of Legends	6	39
113	ESL Pro League S3 Finals	513130	Counter-Strike: Global Offensive	9	40
114	Honor of Kings Champion Cup Winter 2018	510000	Arena of Valor	8	40
115	LPL Spring 2017	508210.5	League of Legends	6	44
116	BlizzCon 2015 (Heroes)	500000	Heroes of the Storm	8	40
117	DreamHack Summer 2017 (Heroes)	500000	Heroes of the Storm	12	60
118	EA Champions Cup Winter 2016	500000	FIFA Online 3	13	30
119	ECS S7 - Finals	500000	Counter-Strike: Global Offensive	8	40
120	EPICENTER 2016 - Dota 2 Finals	500000	Dota 2	8	40
121	EPICENTER 2017 (CS:GO)	500000	Counter-Strike: Global Offensive	10	50
122	EPICENTER 2017 (Dota 2)	500000	Dota 2	10	50
123	Fortnite Summer Skirmish Series - Week 5 EU	500000	Fortnite	20	40
124	Fortnite Summer Skirmish Series - Week 5 NA	500000	Fortnite	20	40
125	Galaxy Battles II: Emerging Worlds	500000	Dota 2	8	40
126	Heroes Spring Global Championship 2016	500000	Heroes of the Storm	12	60
127	Overwatch League - Season 2 Stage 1	500000	Overwatch	8	76
128	Overwatch League - Season 2 Stage 2	500000	Overwatch	8	77
129	PUBG Asia Invitational 2019	500000	PLAYERUNKNOWN’S BATTLEGROUNDS	16	64
130	RLCS Season 6 - Finals	500000	Rocket League	10	30
131	Six Invitational 2018	500000	Rainbow Six Siege	16	80
132	StarSeries & i-League CS:GO Season 7	500000	Counter-Strike: Global Offensive	16	80
133	CrossFire Pro League 2017 Season 10	496918.5	CrossFire	12	45
134	EPICENTER 2016 - CS:GO Finals	490000	Counter-Strike: Global Offensive	8	40
135	Arena of Valor World Cup 2018	482500	Arena of Valor	8	45
136	CGS 2007 (CS: Source)	477500	Counter-Strike: Source	11	55
137	World Cyber Arena 2014 (Dota 2)	472410	Dota 2	8	40
138	Fortnite Summer Skirmish Series - Week 3 NA	465000	Fortnite	22	44
139	Fortnite Summer Skirmish Series - Week 3 EU	458500	Fortnite	22	44
140	CGS 2008 (CS: Source)	455000	Counter-Strike: Source	8	40
141	DreamHack Masters Las Vegas 2017	450000	Counter-Strike: Global Offensive	16	80
142	Mid-Season Invitational 2016	450000	League of Legends	4	20
143	AoV International Championship 2017	440000	Arena of Valor	8	47
144	HGC 2017 - Phase #1 Pro EU	425000	Heroes of the Storm	8	40
145	HGC 2017 - Phase #1 Pro KR	425000	Heroes of the Storm	8	40
146	HGC 2017 - Phase #1 Pro NA	425000	Heroes of the Storm	8	40
147	HGC 2017 - Phase #2 Pro EU	425000	Heroes of the Storm	8	40
148	HGC 2017 - Phase #2 Pro KR	425000	Heroes of the Storm	8	40
149	HGC 2017 - Phase #2 Pro NA	425000	Heroes of the Storm	8	40
150	HGC 2018 - Phase #1 Pro EU	425000	Heroes of the Storm	8	40
151	HGC 2018 - Phase #1 Pro KR	425000	Heroes of the Storm	8	40
152	HGC 2018 - Phase #1 Pro NA	425000	Heroes of the Storm	8	40
153	HGC 2018 - Phase #2 Pro EU	425000	Heroes of the Storm	8	40
154	HGC 2018 - Phase #2 Pro KR	425000	Heroes of the Storm	8	40
155	HGC 2018 - Phase #2 Pro NA	425000	Heroes of the Storm	8	40
156	i-league Season 3 (Dota 2)	420251.38	Dota 2	8	40
157	Hearthstone Global Games 2018	405600	Hearthstone	48	192
158	PUBG Mobile Star Challenge 2018 - Grand Final	402000	PLAYERUNKNOWN'S BATTLEGROUNDS Mobile	20	80
159	CFS 2016	400000	CrossFire	4	20
160	ESL Katowice Royale 2019 - International Edition - Duo	400000	Fortnite	20	40
161	ESL One Genting 2018	400000	Dota 2	16	81
162	FACEIT Global Summit: PUBG Classic	400000	PLAYERUNKNOWN’S BATTLEGROUNDS	12	48
163	Fortnite World Cup 2019 - Week 2 - Europe	400000	Fortnite	31	60
164	Fortnite World Cup 2019 - Week 4 - Europe	400000	Fortnite	31	60
165	Fortnite World Cup 2019 - Week 6 - Europe	400000	Fortnite	31	60
166	Fortnite World Cup 2019 - Week 8 - Europe	400000	Fortnite	32	59
167	LPL Summer 2015	391481.8	League of Legends	12	84
168	LPL Spring 2015	378782.4	League of Legends	12	84
169	V4 Future Sports Festival (LoL)	370722	League of Legends	4	20
170	TwitchCon Europe Showdown 2019 - Finals	350700	Apex Legends	20	60
171	Six Major Paris 2018	350000	Rainbow Six Siege	16	80
172	Hearthstone Global Games 2017	332000	Hearthstone	48	192
173	EA Champions Cup Summer 2017	329000	FIFA Online 3	14	43
174	CWL 2019 Fort Worth	325000	Call of Duty: Black Ops 4	8	40
175	CWL London 2019	325000	Call of Duty: Black Ops 4	8	40
176	ESL One Frankfurt 2016	313746	Dota 2	8	40
177	The Summit 2	313589	Dota 2	8	35
178	World Cyber Arena 2015 (WoT)	308494.4	World of Tanks	4	14
179	i-League Season 1	308200	Dota 2	8	40
180	Demacia Cup 2016	307780.2	League of Legends	4	24
181	SL i-League StarSeries Season 1 (Dota 2)	302286	Dota 2	12	60
182	EA Champions Cup Summer 2016	301000	FIFA Online 3	8	0
183	AMD SAPPHIRE Dota PIT League Season 6	300000	Dota 2	8	40
184	Captains Draft 4.0	300000	Dota 2	8	40
185	CS:GO Asia Championships 2018	300000	Counter-Strike: Global Offensive	8	40
186	DOTA Summit 8	300000	Dota 2	9	45
187	Dreamhack Atlanta 2018 (Halo)	300000	Halo 5: Guardians	12	48
188	DreamLeague Season 10	300000	Dota 2	8	40
189	DreamLeague Season 9	300000	Dota 2	8	40
190	ESL One Birmingham 2019	300000	Dota 2	12	60
191	ESL One Cologne 2018	300000	Counter-Strike: Global Offensive	16	80
192	ESL One Hamburg 2018	300000	Dota 2	12	60
193	ESL One Katowice 2019	300000	Dota 2	12	60
194	ESL One Mumbai 2019	300000	Dota 2	8	40
195	Fortnite Fall Skirmish Series - Week 1 EU	300000	Fortnite	10	20
196	Fortnite Fall Skirmish Series - Week 1 NA	300000	Fortnite	10	20
197	Fortnite Fall Skirmish Series - Week 3 EU	300000	Fortnite	10	20
198	Fortnite Fall Skirmish Series - Week 3 NA	300000	Fortnite	10	20
199	Fortnite World Cup 2019 - Week 2 - NA East	300000	Fortnite	31	56
200	Fortnite World Cup 2019 - Week 4 - NA East	300000	Fortnite	31	60
201	Fortnite World Cup 2019 - Week 6 - NA East	300000	Fortnite	31	60
202	Fortnite World Cup 2019 - Week 8 - NA East	300000	Fortnite	31	60
203	Gears Pro Circuit Boston 2019	300000	Gears of War 4	12	20
204	Gears Pro Circuit Dallas Open	300000	Gears of War 4	12	60
205	GESC: Indonesia Dota2 Minor	300000	Dota 2	8	40
206	GESC: Thailand Dota2 Minor	300000	Dota 2	8	40
207	Gold Club World Championship 2016	300000	Heroes of the Storm	8	40
208	Gold Club World Championship 2017	300000	Heroes of the Storm	8	40
209	Gold Club World Championship 2017 (Hearthstone)	300000	Hearthstone	8	24
210	H1Z1: Fight for the Crown	300000	H1Z1	5	25
211	IEM XI - Oakland (CS:GO)	300000	Counter-Strike: Global Offensive	12	60
212	IEM XII - Oakland (CS:GO)	300000	Counter-Strike: Global Offensive	12	60
213	MDL Macau 2017	300000	Dota 2	9	45
214	MDL Macau 2019	300000	Dota 2	8	40
215	MegaFon Winter Clash	300000	Dota 2	6	30
216	MLG Columbus Open 2016	300000	Gears of War 4	16	65
217	MLG Las Vegas Open 2017	300000	Gears of War 4	12	60
218	OGA Dota PIT Minor 2019	300000	Dota 2	8	40
219	Overwatch Open	300000	Overwatch	16	96
220	Paladins World Championship 2019	300000	Paladins	8	41
221	Perfect World Masters	300000	Dota 2	10	50
222	PGL Open Bucharest	300000	Dota 2	8	40
223	SL i-League StarSeries Season 2 (CS:GO)	300000	Counter-Strike: Global Offensive	16	80
224	SL i-League StarSeries Season 2 (Dota 2)	300000	Dota 2	8	40
225	StarLadder & i-League StarSeries Season 4 (CS:GO)	300000	Counter-Strike: Global Offensive	16	81
226	StarLadder i-League Invitational #3	300000	Dota 2	8	40
227	StarLadder i-League Invitational #4	300000	Dota 2	8	40
228	StarLadder i-League StarSeries Season 3	300000	Counter-Strike: Global Offensive	16	80
229	StarLadder i-League StarSeries Season 3	300000	Dota 2	8	40
230	StarLadder ImbaTV Dota 2 Minor	300000	Dota 2	8	40
231	StarLadder ImbaTV Invitational #5	300000	Dota 2	8	40
232	StarSeries & i-League CS:GO Season 5	300000	Counter-Strike: Global Offensive	16	80
233	StarSeries & i-League CS:GO Season 6	300000	Counter-Strike: Global Offensive	16	80
234	The Bucharest Minor 2019	300000	Dota 2	8	40
235	The Final Battle 2017	300000	World of Tanks	8	56
236	WGL The Grand Finals 2014	300000	World of Tanks	4	21
237	WGL The Grand Finals 2015	300000	World of Tanks	8	61
238	WGL The Grand Finals 2016	300000	World of Tanks	8	32
239	WGL The Grand Finals 2017	300000	World of Tanks	8	68
240	ZOTAC Cup Masters 2018	300000	Counter-Strike: Global Offensive	4	20
241	ESL One Frankfurt 2015	296202	Dota 2	8	40
242	EPICENTER 2018 (CS:GO)	295000	Counter-Strike: Global Offensive	8	40
243	Fortnite Summer Skirmish Series - Week 1	290000	Fortnite	24	48
244	Pro League S9 Finals (R6S)	290000	Rainbow Six Siege	8	40
245	PUBG China Pro Invitational 2018 - Season 2	288940	PLAYERUNKNOWN’S BATTLEGROUNDS	8	28
246	Overwatch World Cup 2016 Global Finals	288000	Overwatch	16	96
247	ESL One New York 2015	286589	Dota 2	8	40
248	MLG World Finals 2015 (Dota 2)	284953	Dota 2	8	40
249	BlizzCon 2017 (WoW)	280000	World of WarCraft	12	48
250	BlizzCon 2018 (WoW)	280000	World of WarCraft	12	48
251	Game Show GEC S1 (Dota 2)	280000	Dota 2	6	30
252	MLG Dallas 2010 (Halo 3)	280000	Halo 3	8	32
253	MLG Las Vegas 2007 (Halo 2 4v4)	280000	Halo 2	8	32
254	MLG Las Vegas 2008 (Halo 3)	280000	Halo 3	8	32
255	MLG Orlando 2009 (Halo 3)	280000	Halo 3	8	32
256	MLG Providence 2011 (Halo: Reach)	280000	Halo: Reach	8	28
257	MarsTV Dota 2 League Winter 2015	277350	Dota 2	10	50
258	LCK Spring 2018	275530	League of Legends	17	66
259	PUBG Champions League 2019 - Spring	275099.28	PLAYERUNKNOWN’S BATTLEGROUNDS	20	85
260	Fortnite Fall Skirmish Series - Week 5 EU	275000	Fortnite	11	22
261	Fortnite Fall Skirmish Series - Week 5 NA	275000	Fortnite	10	20
262	Overwatch Pacific Championship 2017 - Season 2	274796	Overwatch	8	49
263	XMG Captains Draft 2.0	273238	Dota 2	8	39
264	Overwatch Pacific Championship 2017 - Season 1	272240	Overwatch	8	50
265	The Summit 3	271685	Dota 2	8	40
266	LCK Summer 2018	270810	League of Legends	17	76
267	Overwatch Saudi Regional Tournament	266666.67	Overwatch	3	18
268	LCK Summer 2016	266090	League of Legends	17	69
269	Dota Pit League Season 3	265378	Dota 2	6	30
270	LCK Spring 2019	264408.5	League of Legends	17	74
271	LCK Spring 2017	264234.45	League of Legends	17	62
272	OGN Champions Summer 2014	263879.1	League of Legends	22	81
273	LCK Summer 2017	261231.35	League of Legends	17	65
274	Fortnite Summer Skirmish Series - Week 6 EU (Day 1)	260000	Fortnite	49	97
275	Fortnite Summer Skirmish Series - Week 6 NA (Day 1)	260000	Fortnite	49	94
276	Fortnite Summer Skirmish Series - Week 6 NA (Day 2)	260000	Fortnite	49	90
277	Fortnite Summer Skirmish Series - Week 7 EU (Day 1)	260000	Fortnite	49	98
278	Fortnite Summer Skirmish Series - Week 7 EU (Day 2)	260000	Fortnite	49	98
279	Fortnite Summer Skirmish Series - Week 7 NA (Day 1)	260000	Fortnite	49	84
280	Fortnite Summer Skirmish Series - Week 7 NA (Day 2)	260000	Fortnite	49	90
281	LCK Spring 2015	259417.61	League of Legends	30	52
282	LCK Spring 2016	259010	League of Legends	17	61
283	DreamLeague Season 1	256996	Dota 2	12	59
284	MarsTV Dota 2 League 2015 Spring	254110.5	Dota 2	8	40
285	DreamHack Masters Dallas 2019	254000	Counter-Strike: Global Offensive	16	80
286	LCK Summer 2015	250140.71	League of Legends	17	76
287	BLAST Pro Series: Miami 2019	250000	Counter-Strike: Global Offensive	6	30
288	BLAST Pro Series: Miami 2019	250000	Counter-Strike: Global Offensive	6	30
289	BlizzCon 2014 (WoW)	250000	World of WarCraft	8	24
290	BlizzCon 2015 (WoW)	250000	World of WarCraft	8	31
291	BlizzCon 2016 (WoW)	250000	World of WarCraft	8	30
292	CWL Las Vegas Open 2018	250000	Call of Duty: Black Ops 4	8	40
293	Doritos Bowl 2018	250000	Call of Duty: Black Ops 4	4	16
294	DreamHack Cluj-Napoca 2015 (CS:GO)	250000	Counter-Strike: Global Offensive	16	80
295	DreamHack Masters Malmö 2016	250000	Counter-Strike: Global Offensive	16	81
296	DreamHack Masters Malmö 2017	250000	Counter-Strike: Global Offensive	16	80
297	DreamHack Masters Marseille 2018	250000	Counter-Strike: Global Offensive	16	80
298	DreamHack Masters Stockholm 2018	250000	Counter-Strike: Global Offensive	16	80
299	DreamHack Summer 2017 (Heroes)	250000	Heroes of the Storm	12	60
300	DreamHack Summer 2018 (Heroes)	250000	Heroes of the Storm	12	60
301	DreamHack Winter 2013 (CS:GO)	250000	Counter-Strike: Global Offensive	16	80
302	DreamHack Winter 2014 (CS:GO)	250000	Counter-Strike: Global Offensive	16	80
303	ELEAGUE Clash for Cash: The Rematch	250000	Counter-Strike: Global Offensive	2	10
304	EMS One Katowice 2014 (CS:GO)	250000	Counter-Strike: Global Offensive	16	80
305	ESL ESEA Pro League Dubai Invitational 2015	250000	Counter-Strike: Global Offensive	8	40
306	ESL ESEA Pro League S1 Finals	250000	Counter-Strike: Global Offensive	8	40
307	ESL ESEA Pro League S2 Finals	250000	Counter-Strike: Global Offensive	8	41
308	ESL One Cologne 2015	250000	Counter-Strike: Global Offensive	16	80
309	ESL One Cologne 2017	250000	Counter-Strike: Global Offensive	16	80
310	ESL One Genting 2017	250000	Dota 2	8	40
311	ESL One Katowice 2015	250000	Counter-Strike: Global Offensive	16	80
312	ESL One Manila 2016	250000	Dota 2	8	40
313	ESL One New York 2016	250000	Counter-Strike: Global Offensive	8	40
314	ESL One New York 2017	250000	Counter-Strike: Global Offensive	8	40
315	ESL One New York 2018	250000	Counter-Strike: Global Offensive	8	40
316	ESL One: Cologne 2014	250000	Counter-Strike: Global Offensive	16	80
317	FACEIT 2015 S3/DreamHack Winter 2015 (CS:GO)	250000	Counter-Strike: Global Offensive	8	40
318	Gears New Orleans Open 2018	250000	Gears of War 4	12	60
319	Gears Pro Circuit San Diego 2018	250000	Gears of War 4	12	24
320	HCS New Orleans Open 2018	250000	Halo 5: Guardians	12	36
321	IEM Season XIII - Shanghai	250000	Counter-Strike: Global Offensive	8	40
322	IEM Season XIV - Sydney	250000	Counter-Strike: Global Offensive	16	81
323	IEM X - World Championship (CS:GO)	250000	Counter-Strike: Global Offensive	12	60
324	IEM XI - World Championship (CS:GO)	250000	Counter-Strike: Global Offensive	12	60
325	IEM XIII - Chicago	250000	Counter-Strike: Global Offensive	16	80
326	IEM XIII - Sydney	250000	Counter-Strike: Global Offensive	16	80
327	LoL SEA Tour Summer 2018	250000	League of Legends	8	43
328	Mars Dota 2 League 2017	250000	Dota 2	8	40
329	MarsTV Dota 2 League 2016 Autumn	250000	Dota 2	8	40
330	MLG World Finals 2015 (CoD:AW)	250000	Call of Duty: Advanced Warfare	8	32
331	NA CWL Stage 1 Playoffs	250000	Call of Duty: Black Ops III	12	48
332	RLCS Season 5 - Finals	250000	Rocket League	10	30
333	The Manila Masters	250000	Dota 2	8	40
334	OGN Champions Spring 2014	249930.61	League of Legends	22	83
335	World Cyber Arena 2015 (HotS)	246795.52	Heroes of the Storm	4	20
336	OGN Champions Winter 2012-2013	246575.31	League of Legends	18	60
337	SPL - Season 2 Super Regionals EU	246500	SMITE	6	30
338	SPL - Season 2 Super Regionals NA	246500	SMITE	6	30
339	Broadcaster Royale	246000	PLAYERUNKNOWN’S BATTLEGROUNDS	76	152
340	WPC 2014	245549.7	Dota 2	8	40
341	Riot EU LCS 2018 Spring	244820	League of Legends	6	33
342	OGN Champions Winter 2013-2014	244353.96	League of Legends	22	90
343	OGN Champions Summer 2013	243265.12	League of Legends	22	84
344	ESG Tour Mykonos 2017	240744	Counter-Strike: Global Offensive	8	40
345	Archon Team League Championships (Main Event)	240000	Hearthstone	3	9
346	OGN Champions Spring 2013	239425.41	League of Legends	18	63
347	Riot EU LCS 2017 Summer	239191	League of Legends	6	30
348	EA Champions Cup Winter 2018	239000	FIFA Online 4	12	36
349	LPL Summer 2013	237974.1	League of Legends	8	40
350	EA Champions Cup Spring 2018	237112.5	FIFA Online 3	14	36
351	LPL Spring 2013	236341.11	League of Legends	8	46
352	HON Pre Season of Professional League 2015	236185.14	Heroes of Newerth	4	20
353	LPL Summer 2014	235868.6	League of Legends	8	40
354	SLTV StarSeries Season X (Dota 2)	235604	Dota 2	8	40
355	ROG Masters 2017 (CS:GO)	235000	Counter-Strike: Global Offensive	6	30
356	ROG Masters 2017 (Dota 2)	235000	Dota 2	6	30
357	APAC Premier 2017	234563.16	Overwatch	12	75
358	Riot EU LCS 2018 Summer	233694	League of Legends	6	33
359	LPL Spring 2014	231839.05	League of Legends	8	40
360	World Cyber Arena 2015 (LoL)	231370.8	League of Legends	3	15
361	WPC ACE Dota 2 League	231328.48	Dota 2	3	15
362	BLAST Pro Series: Copenhagen 2017	230000	Counter-Strike: Global Offensive	6	30
363	BLAST Pro Series: Copenhagen 2018	230000	Counter-Strike: Global Offensive	6	30
364	BLAST Pro Series: Istanbul 2018	230000	Counter-Strike: Global Offensive	6	30
365	BLAST Pro Series: Lisbon 2018	230000	Counter-Strike: Global Offensive	6	30
366	BLAST Pro Series: São Paulo 2019	230000	Counter-Strike: Global Offensive	6	30
367	China Top 2016 (Dota 2)	229912	Dota 2	4	20
368	LEC 2019 Spring	227200	League of Legends	6	32
369	Overwatch Contenders 2019 - Season 1: China	225000	Overwatch	12	53
370	PUBG Europe League - Phase 1	225000	PLAYERUNKNOWN’S BATTLEGROUNDS	8	32
371	Fortnite Summer Skirmish Series - Week 6 EU (Day 2)	221600	Fortnite	49	98
372	Nanyang Dota 2 Championships Season 1	220183	Dota 2	6	30
373	NA CWL Stage 2 Playoffs	218000	Call of Duty: Black Ops III	8	32
374	Smite Launch Tournament	217909.6	SMITE	8	40
375	Riot EU LCS 2017 Spring	216921	League of Legends	6	31
376	Gold Series Heroes League 2018 - Season 2	216144	Heroes of the Storm	8	43
377	CGS 2007 (DoA4)	216000	Dead or Alive 4	12	22
378	RLCS Season 6 - EU	214250	Rocket League	8	24
379	RLCS Season 6 - NA	214250	Rocket League	8	24
380	RLCS Season 7 - EU	214250	Rocket League	8	24
381	RLCS Season 7 - NA	214250	Rocket League	8	24
382	ESL One Frankfurt 2014	210900	Dota 2	8	40
383	Gold Series Heroes League 2018 - Season 1	210849.86	Heroes of the Storm	8	43
384	OGN Overwatch APEX Season 3	209866.62	Overwatch	18	107
385	WePlay Dota2 League Season 3	207446	Dota 2	8	40
386	OGN Overwatch APEX Season 2	207187.2	Overwatch	18	103
387	CGS 2008 (Forza Motorsport 2)	207000	Forza Motorsport 2	9	16
388	OGN Overwatch APEX Season 4	201931.2	Overwatch	16	109
389	Gold Series Heroes League 2018 - Season 3	201506.4	Heroes of the Storm	8	44
390	Nanyang Dota 2 Championships Season 2	201266	Dota 2	6	30
391	King's Cup II	200250	Clash Royale	8	24
392	2018 CWL Anaheim Open	200000	Call of Duty: World War II	8	32
393	2018 CWL Birmingham Open	200000	Call of Duty: World War II	8	32
394	2018 CWL Seattle Open	200000	Call of Duty: World War II	8	32
395	CFS Invitational China 2016	200000	CrossFire	4	20
396	CPL Summer 2003 (Counter-Strike)	200000	Counter-Strike	16	80
397	CPL World Tour Finals 2007 (World in Conflict)	200000	World in Conflict	8	20
398	CWL 2017 - Anaheim Open	200000	Call of Duty: Infinite Warfare	8	32
399	CWL 2017 Atlanta Open	200000	Call of Duty: Infinite Warfare	8	32
400	CWL 2017 Dallas Open	200000	Call of Duty: Infinite Warfare	8	32
401	CWL Atlanta Open 2018	200000	Call of Duty: World War II	8	32
402	CWL Dallas Open 2018	200000	Call of Duty: World War II	8	32
403	CWL New Orleans Open 2018	200000	Call of Duty: World War II	8	32
404	Dota2 Professional League Season 1	200000	Dota 2	22	110
405	DreamHack Atlanta 2017 (Halo 5)	200000	Halo 5: Guardians	16	57
406	DreamHack Denver 2017 (Halo 5)	200000	Halo 5: Guardians	16	48
407	DreamHack Winter 2017 (QC Sacrifice)	200000	Quake Champions	8	32
408	ESL One Belo Horizonte 2018	200000	Counter-Strike: Global Offensive	8	40
409	EU CWL Stage 1 Playoffs	200000	Call of Duty: Black Ops III	10	43
410	F1 Esports 2018	200000	F1 2018	8	21
411	Game Show GEC Season 1 (CS:GO)	200000	Counter-Strike: Global Offensive	8	40
412	Gears Pro Circuit Atlantic City Open 2017	200000	Gears of War 4	12	55
413	Gears Pro Circuit Las Vegas Open 2018	200000	Gears of War 4	12	60
414	Gears Pro Circuit Mexico City 2019	200000	Gears of War 4	12	5
415	Gears Pro Circuit Mexico City Open 2018	200000	Gears of War 4	12	60
416	GPL Spring 2014	200000	League of Legends	12	60
417	GPL Winter 2014	200000	League of Legends	12	60
418	iBUYPOWER Masters IV	200000	Counter-Strike: Global Offensive	8	40
419	IEM XII - Oakland (PUBG)	200000	PLAYERUNKNOWN’S BATTLEGROUNDS	8	32
420	IEM XII - Sydney (CS:GO)	200000	Counter-Strike: Global Offensive	8	40
421	LCS 2019 Spring	200000	League of Legends	4	21
422	Mid-Season Invitational 2015	200000	League of Legends	4	21
423	National PUBG League - Phase 1	200000	PLAYERUNKNOWN’S BATTLEGROUNDS	8	32
424	National PUBG League - Phase 2	200000	PLAYERUNKNOWN’S BATTLEGROUNDS	8	32
425	Overwatch Contenders 2019 - Season 1: Europe	200000	Overwatch	8	53
426	Overwatch Contenders 2019 - Season 1: NA East	200000	Overwatch	8	54
427	Overwatch Contenders 2019 - Season 1: NA West	200000	Overwatch	8	57
428	Overwatch Contenders 2019 - Season 1: South Korea	200000	Overwatch	8	69
429	PvP Esports Championship (Dota 2)	200000	Dota 2	9	45
430	Riot NA LCS 2017 Spring	200000	League of Legends	4	24
431	Riot NA LCS 2017 Summer	200000	League of Legends	4	24
432	Riot NA LCS 2018 Spring	200000	League of Legends	4	22
433	Riot NA LCS 2018 Summer	200000	League of Legends	4	25
434	SL i-League XIV Finals (CS:GO)	200000	Counter-Strike: Global Offensive	8	40
435	World Cup Warmup - Europe	200000	Fortnite	31	60
436	Gold Series Heroes League 2018 - Season 4	199180.8	Heroes of the Storm	8	44
437	World Cyber Arena 2016 (CS:GO)	196318.35	Counter-Strike: Global Offensive	8	40
438	NEA Beijing 2016 (Dota 2)	195468	Dota 2	4	20
439	Dota Pit League Season 4	194814	Dota 2	4	20
440	World Cyber Arena 2015 (CF)	192809	CrossFire	4	0
441	GPL Summer 2014	192000	League of Legends	12	60
442	APAC Premier - Finals	191872	Overwatch	12	72
443	OGN Overwatch APEX Season 1	191808.72	Overwatch	18	99
444	CGS 2007 (PGR3)	191000	Project Gotham Racing 3	11	22
445	SLTV StarSeries Season IX (Dota 2)	189512	Dota 2	8	40
446	BlizzCon 2012 (WoW)	189000	World of WarCraft	4	12
447	BlizzCon 2013 (WoW)	189000	World of WarCraft	4	12
448	RoV Pro League Season 2	188604	Arena of Valor	13	18
449	World Cyber Arena 2014 (CF)	187335	CrossFire	4	0
450	World Cyber Arena 2014 (WoT)	187335	World of Tanks	4	0
451	SK Planet Proleague Regular Season	186749.65	StarCraft II	8	92
452	Overwatch Contenders 2018 - Season 2: Europe	185297	Overwatch	12	84
453	Overwatch Contenders 2018 - Season 3: Korea	185257	Overwatch	12	95
454	HoN Tour Season 3 World Finals	185106	Heroes of Newerth	10	50
455	Overwatch Contenders 2018 - Season 1: China	185040	Overwatch	12	97
456	Overwatch Contenders 2018 - Season 1: Europe	185040	Overwatch	12	78
457	Overwatch Contenders 2018 - Season 1: Korea	185040	Overwatch	12	92
458	Overwatch Contenders 2018 - Season 1: North America	185040	Overwatch	12	85
459	Overwatch Contenders 2018 - Season 2: China	185040	Overwatch	12	94
460	Overwatch Contenders 2018 - Season 2: Korea	185040	Overwatch	12	95
461	Overwatch Contenders 2018 - Season 3: China	185040	Overwatch	12	60
462	Overwatch Contenders 2018 - Season 3: North America	185039	Overwatch	12	82
463	Overwatch Contenders 2018 - Season 2: North America	185004	Overwatch	12	86
464	Overwatch Contenders 2018 - Season 3: Europe	185004	Overwatch	12	81
465	ASUS ROG DreamLeague Season 6 - Finals	185000	Dota 2	4	20
466	Demacia Championship 2017	184512	League of Legends	4	21
467	IEM IX - World Championship (LoL)	183414	League of Legends	8	40
468	CGS 2008 (Dead or Alive 4)	182000	Dead or Alive 4	8	16
469	HoN Tour Season 2 World Finals	181888	Heroes of Newerth	8	30
470	European Masters Spring 2018	181881.75	League of Legends	16	83
471	CFS - Season 1	180000	CrossFire	17	81
472	CFS - Season 2	180000	CrossFire	17	80
473	Gamescom PUBG Invitational (Squad TP)	180000	PLAYERUNKNOWN’S BATTLEGROUNDS	4	16
474	MLG Las Vegas 2006 (Halo 2 4v4)	180000	Halo 2	3	12
475	Heroes Super League 2016 - Season 3	179200	Heroes of the Storm	8	40
476	Korea King Pro League Fall 2018	178890	Arena of Valor	10	20
477	Demacia Cup 2017	176198.4	League of Legends	4	22
478	PUBG Korea League 2019 - Phase 1	175502.8	PLAYERUNKNOWN’S BATTLEGROUNDS	11	45
479	DreamLeague Season 7	175000	Dota 2	4	20
480	MLG Pro League CoD AW Season 3	175000	Call of Duty: Advanced Warfare	12	48
481	QuakeCon 2018: QC TDM Open	175000	Quake Champions	16	32
482	Smite World Championship 2016 (Xbox)	175000	SMITE	11	45
483	European Masters Summer 2018	174510	League of Legends	16	83
484	Gold Series Heroes League 2017 - Fall	173928	Heroes of the Storm	8	40
485	Gold Series Heroes League 2017 - Spring	173928	Heroes of the Storm	8	40
486	Gold Series Heroes League 2017 - Summer	173928	Heroes of the Storm	8	40
487	Heroes Super League 2016 - Season 2	172400	Heroes of the Storm	8	40
488	SPL - Season 2 Summer Finals	171500	SMITE	6	30
489	Dota 2 Super League	171207.75	Dota 2	10	51
490	OGN Champions Spring 2012	170532	League of Legends	16	80
491	WESG 2017 (CS:GO Female)	170000	Counter-Strike: Global Offensive	4	20
492	European Masters Spring 2019	169110	League of Legends	16	84
493	EU CWL Stage 2 Playoffs	168000	Call of Duty: Black Ops III	6	24
494	WEC 2014 (Dota 2)	167738.59	Dota 2	8	40
495	joinDOTA MLG Pro League Season 2	167247	Dota 2	6	30
496	Pro League Season 7 - Finals	167000	Rainbow Six Siege	8	40
497	Pro League Season 8 - Finals	167000	Rainbow Six Siege	8	40
498	Pro League Year 2 Season 1 - Finals	167000	Rainbow Six Siege	8	41
499	Pro League Year 2 Season 2 - Finals	167000	Rainbow Six Siege	8	40
500	Pro League Year 2 Season 3 - Finals	167000	Rainbow Six Siege	7	35
