rank	country	tag	name	total_earn	top_game	earn_from_game	perc_of_total
1	Germany	KuroKy	Kuro Takhasomi	4201426.95	Dota 2	4199703.61	99.96
2	Jordan 	Miracle-	Amer Al-Barkawi	3765837.28	Dota 2	3765837.28	100
3	Denmark	N0tail	Johan Sundstein	3765555.59	Dota 2	3757403.98	99.78
4	Bulgaria 	MinD_ContRoL	Ivan Ivanov	3556911.76	Dota 2	3556911.76	100
5	Finland 	Matumbaman	Lasse Urpalainen	3540616.04	Dota 2	3540616.04	100
6	Pakistan 	SumaiL	Sumail Hassan	3347914.94	Dota 2	3347914.94	100
7	Finland 	JerAx	Jesse Vainikka	3336963.82	Dota 2	3336963.82	100
8	Lebanon 	GH	Maroun Merhej	3159844.84	Dota 2	3159844.84	100
9	United States	UNiVeRsE	Saahil Arora	3038737.67	Dota 2	3038737.67	100
10	United States 	ppd	Peter Dager	2956166.36	Dota 2	2930054.62	99.12
11	Australia 	ana	Anathan Pham	2867375.76	Dota 2	2867375.76	100
12	United States	Fear	Clinton Loomis	2530060.84	Dota 2	2528704.99	99.95
13	France	7ckngMad	Sébastien Debs	2356096.81	Dota 2	2356096.81	100
14	China	Somnus丶M	Lu Yao	2286924.22	Dota 2	2286924.22	100
15	Finland	Topson	Topias Taavitsainen	2281409.97	Dota 2	2281409.97	100
16	Sweden	s4	Gustav Magnusson	2260343.71	Dota 2	2259284.94	99.95
17	Estonia 	Puppey	Clement Ivanov	2239245.83	Dota 2	2238175.77	99.95
18	China	fy	Xu Linsen	2195733.44	Dota 2	2195733.44	100
19	Israel	Fly	Tal Aizik	2065585.8	Dota 2	2051745.51	99.33
20	China	y`	Zhang Yiping	2030175.56	Dota 2	2030175.56	100
21	China	Faith_bian	Zhang Ruida	2011615.14	Dota 2	2011615.14	100
22	China	iceice	Li Peng	1998972.63	Dota 2	1998972.63	100
23	Canada	Aui_2000	Kurtis Ling	1973978.04	Dota 2	1973978.04	100
24	China	Shadow	Chu Zeyu	1972758.12	Dota 2	1972758.12	100
25	China	bLink	Zhou Yang	1955423.02	Dota 2	1955423.02	100
26	Canada	Arteezy	Artour Babaev	1927442.81	Dota 2	1927442.81	100
27	Sweden	Zai	Ludwig Wåhlberg	1900058.05	Dota 2	1881385.51	99.02
28	China	xiao8	Zhang Ning	1824534.96	Dota 2	1817094.33	99.59
29	China	Hao	Chen Zhihao	1761646.83	Dota 2	1755205.74	99.63
30	China	Faith	Zeng Hongda	1746661.6	Dota 2	1728085.11	98.94
31	Denmark	Cr1t	Andreas Nielsen	1677299	Dota 2	1677299	100
32	China	KaKa	Zhi Hu	1587885.7	Dota 2	1587885.7	100
33	China	Ame	Wang Chunyu	1580508.84	Dota 2	1580508.84	100
34	China	Super	Xie Junhao	1579881.5	Dota 2	1560633.57	98.78
35	Russia	Solo	Alexei Berezin	1557281.21	Dota 2	1557281.21	100
36	Australia	kpii	Damien Chok	1554154.9	Dota 2	1554154.9	100
37	Russia	RAMZES666	Roman Kushnarev	1552276.52	Dota 2	1552276.52	100
38	Russia	9pasha	Pavel Khvastunov	1536559.17	Dota 2	1536559.17	100
39	Denmark	Xyp9x	Andreas Højsleth	1468191.8	Counter-Strike: Global Offensive	1466521.9	99.89
40	Denmark	MiSeRy	Rasmus Fillipsen	1464111.72	Dota 2	1463341.97	99.95
41	Denmark	dupreeh	Peter Rasmussen	1463322.74	Counter-Strike: Global Offensive	1463322.74	100
42	Denmark	dev1ce	Nicolai Reedtz	1431945.97	Counter-Strike: Global Offensive	1430823.21	99.92
43	Singapore	iceiceice	Koh Daryl Pei Xiang	1415071.76	Dota 2	1412671.76	99.83
44	Ukraine	Noone	Vladimir Minenko	1392603.05	Dota 2	1392603.05	100
45	Ukraine	Resolut1on	Roman Fominok	1391450.75	Dota 2	1391450.75	100
46	China	Mu	Zhang Pan	1390711.71	Dota 2	1386339.43	99.69
47	China	Fenrir	Lu Chao	1379899.8	Dota 2	1379899.8	100
48	Macao	DDC	Liang Fa Ming	1339225.21	Dota 2	1331098.11	99.39
49	Denmark	gla1ve	Lukas Rossander	1302509.07	Counter-Strike: Global Offensive	1297584.08	99.62
50	Malaysia	MidOne	Zheng Yeik Nai	1300374.27	Dota 2	1300374.27	100
51	China	Banana	Jiao Wang	1283122.84	Dota 2	1271085	99.06
52	Romania	w33	Aliwi Omar	1256419.18	Dota 2	1256419.18	100
53	China	Moogy	Xu Han	1218646.3	Dota 2	1218646.3	100
54	South Korea	Faker	Lee Sang Hyeok	1213853.15	League of Legends	1213853.15	100
55	China	SanSheng	Wang Zhaohui	1211061.38	Dota 2	1202225.88	99.27
56	China	Sccc	Song Chun	1204048.1	Dota 2	1204048.1	100
57	China	Yao	Yao Zhengzheng	1192081.08	Dota 2	1186002.61	99.49
58	Germany	FATA	Adrian Trinks	1184260.82	Dota 2	1184260.82	100
59	Malaysia	xNova	Yap Jianwei	1183528.34	Dota 2	1183528.34	100
60	China	Sylar	Liu Jiajun	1181857.92	Dota 2	1175802.87	99.49
61	China	LaNm	Zhang Zhicheng	1174109.91	Dota 2	1173657.23	99.96
62	China	Chalice	Yang Shenyi	1149635.24	Dota 2	1149635.24	100
63	Russia	RodjER	Vladimir Nikogosyan	1131381.53	Dota 2	1131381.53	100
64	China	MMY!	Lei Zengrong	1112600.81	Dota 2	1100271.44	98.89
65	China	Q	Fu Bin	1080962.02	Dota 2	1080962.02	100
66	Denmark	Magisk	Emil Reif	1056881.97	Counter-Strike: Global Offensive	1056881.97	100
67	China	eLeVeN	Ren Yangwei	1028005.15	Dota 2	1028005.15	100
68	Malaysia	Mushi	Chai Yee Fung	1022701.97	Dota 2	1022414.98	99.97
69	Japan 	feg	- -	100300	Shadowverse	1003000	100
70	Canada	EternaLEnVy	Jacky Mao	955699.69	Dota 2	955699.69	100
71	South Korea	Duke	Lee Ho Seong	952953.95	League of Legends	952953.95	100
72	Brazil	FalleN	Gabriel Toledo	939526.44	Counter-Strike: Global Offensive	931862.5	99.18
73	Brazil	TACO	Epitácio de Melo	935781.85	Counter-Strike: Global Offensive	935781.85	100
74	Macedonia	Saksa	Martin Sazdov	931368.35	Dota 2	931368.35	100
75	Brazil	fer	Fernando Alvarenga	926867.48	Counter-Strike: Global Offensive	925962.5	99.9
76	Brazil	coldzera	Marcelo David	919973.42	Counter-Strike: Global Offensive	919973.42	100
77	Jordan	YapzOr	Yazied Jaradat	915149.87	Dota 2	915149.87	100
78	South Korea	Wolf	Lee Jae Wan	913084.7	League of Legends	913084.7	100
79	South Korea	Bang	Bae Jun Sik	910451.46	League of Legends	910451.46	100
80	Ukraine	Lil	Ilya Ilyuk	903068.79	Dota 2	903068.79	100
81	China	BurNIng	Xu Zhilei	894602.63	Dota 2	864656.21	96.65
82	China	Agressif	Sun Zheng	871452.21	Dota 2	871452.21	100
83	Sweden	pieliedie	Johan Åström	841738.26	Dota 2	841738.26	100
84	Canada	MoonMeander	David Tan	830987.76	Dota 2	813112.33	97.85
85	South Korea	Bengi	Bae Seong Ung	810683	League of Legends	810683	100
86	China	rOtK	Bai Fan	800163.91	Dota 2	780761.31	97.58
87	Sweden	olofmeister	Olof Kajbjer	798752.34	Counter-Strike: Global Offensive	797411.52	99.83
88	Ukraine	Dendi	Danil Ishutin	798357.6	Dota 2	793702.3	99.42
89	United States	Moo	David Hull	787023.86	Dota 2	787023.86	100
90	Ukraine	Zeus	Daniil Teslenko	777653.48	Counter-Strike: Global Offensive	675168.7	86.82
91	Denmark	karrigan	Finn Andersen	773714.07	Counter-Strike: Global Offensive	741927.35	95.89
92	Slovakia 	GuardiaN	Ladislav Kovács	766373.03	Counter-Strike: Global Offensive	760170.8	99.19
93	Sweden	JW	Jesper Wecksell	763810.68	Counter-Strike: Global Offensive	763810.68	100
94	Sweden	flusha	Robin Rönnquist	748418.95	Counter-Strike: Global Offensive	748418.95	100
95	South Korea	Maru	Cho Sung Choo	745639.35	StarCraft II	745639.35	100
96	Malaysia	ChuaN	Wong Hock Chuan	740982.93	Dota 2	714049.53	96.37
97	Canada	Karma	Damon Barlow	738222.25	Call of Duty: Infinite Warfare	261250	35.39
98	Sweden	KRiMZ	Freddy Johansson	734373.34	Counter-Strike: Global Offensive	734373.34	100
99	Poland	neo	Filip Kubski	733168.89	Counter-Strike: Global Offensive	588478.17	80.27
100	Poland	TaZ	Wiktor Wojtas	718596.88	Counter-Strike: Global Offensive	575706.16	80.12
101	Ukraine	Edward	Ioann Sukharev	715166.17	Counter-Strike: Global Offensive	610178.34	85.32
102	United States	Crimsix	Ian Porter	714284.47	Call of Duty: Infinite Warfare	261250	36.58
103	China	garder	Liu Xinzhou	705437.16	Dota 2	705437.16	100
104	Sweden	Loda	Jonathan Berg	700205.01	Dota 2	695511.09	99.33
105	France	NBK	Nathan Schmitt	695973.39	Counter-Strike: Global Offensive	671181.33	96.44
106	China	Xz	Chen Zezhi	692261.4	Dota 2	692261.4	100
107	Sweden	f0rest	Patrik Lindberg	682626.77	Counter-Strike: Global Offensive	491800.94	72.05
108	Denmark	Ace	Marcus Hoelgaard	682272.32	Dota 2	682272.32	100
109	South Korea	INnoVation	Lee Shin Hyung	680593.07	StarCraft II	677095.37	99.49
110	Sweden	EGM	Jerry Lundqvist	674525.33	Dota 2	674525.33	100
111	Finland 	Serral	Joona Sotala	669853.91	StarCraft II	669853.91	100
112	United States	JKap	Jordan Kaplan	655217.98	Call of Duty: Black Ops III	231332.5	35.31
113	Philippines 	DJ	Djardel Jicko Mampusti	655007.11	Dota 2	655007.11	100
114	China	Shiki	Huang Jiwei	653415.29	Dota 2	653415.29	100
115	Ukraine	XBOCT	Oleksandr Dashkevych	650928.49	Dota 2	649991.88	99.86
116	Norway 	rain	Håvard Nygaard	645229.57	Counter-Strike: Global Offensive	645229.57	100
117	Sweden	Akke	Joakim Akterhall	645138.99	Dota 2	640290.65	99.25
118	United States	Stewie2k	Jakey Yip	642790	Counter-Strike: Global Offensive	642790	100
119	South Korea	Jaedong	Lee Jae Dong	641642.35	StarCraft: Brood War	416808.82	64.96
120	Bosnia and Herzegovina	NiKo	Nikola Kovač	640605.13	Counter-Strike: Global Offensive	640582.56	100
121	United States	Lethul	Tony Campbell	639125	Halo 5: Guardians	578975	90.59
122	Sweden	AdmiralBulldog	Henrik Ahnberg	630338.79	Dota 2	630338.79	100
123	United States	SnakeBite	Paul Duarte	629250	Halo 5: Guardians	576375	91.6
124	Poland	pashaBiceps	Jarosław Jarząbkowski	623972.93	Counter-Strike: Global Offensive	577291.84	92.52
125	United States	FormaL	Matthew Piper	623507.18	Call of Duty: Infinite Warfare	286300	45.92
126	South Korea	Rogue	Lee Byung Ryul	623054.35	StarCraft II	623054.35	100
127	South Korea	Flash	Lee Young Ho	622974.58	StarCraft: Brood War	532821.94	85.53
128	Canada	Royal 2	Mathew Fiorante	621712.5	Halo 5: Guardians	576375	92.71
129	France	apEX	Dan Madesclaire	619447.2	Counter-Strike: Global Offensive	612485.72	98.88
130	United States	Scump	Seth Abner	616060.35	Call of Duty: Infinite Warfare	261250	42.41
131	Poland	snax	Janusz Pogorzelski	612887.39	Counter-Strike: Global Offensive	612464.49	99.93
132	Malaysia	Ah-fu	Chuan Tue Soon	603941.55	Dota 2	603941.55	100
133	China	Inflame	He Yongzheng	600434.05	Dota 2	600434.05	100
134	South Korea	Febby	Kim Yong Min	599148.88	Dota 2	599148.88	100
135	Sweden	GeT_RiGhT	Christopher Alesund	598954.02	Counter-Strike: Global Offensive	496483.36	82.89
136	China	Monet	Du Peng	597493.13	Dota 2	597493.13	100
137	South Korea	sOs	Kim Yoo Jin	596412.82	StarCraft II	595962.37	99.92
138	South Korea	QO	Kim Sunyeob	590522.79	Dota 2	590522.79	100
139	United States	SonicFox	Dominique Mclean	590226.78	Mortal Kombat X	253343.6	42.92
140	South Korea	MP	Pyo Noah	588679.73	Dota 2	588679.73	100
141	Russia	flamie	Egor Vasilyev	583340.82	Counter-Strike: Global Offensive	582753.4	99.9
142	South Korea	Rookie	Song Eui Jin	582582.36	League of Legends	582582.36	100
143	Malaysia	Ohaiyo	Chong Xin Khoo	582526.49	Dota 2	582526.49	100
144	United States	Frosty	Bradley Bergstrom	581725	Halo 5: Guardians	577975	99.36
145	China	Ferrari_430	Luo Feichi	581659.08	Dota 2	557656.47	95.87
146	Philippines	Raven	Marc Polo Luis Fausto	576393.1	Dota 2	576393.1	100
147	Poland	byali	Paweł Bieliński	570740.96	Counter-Strike: Global Offensive	570740.96	100
148	Denmark	Kjaerbye	Markus Kjærbye	568517.17	Counter-Strike: Global Offensive	568517.17	100
149	South Korea	TY	Jun Tae Yang	567796.3	StarCraft II	559721.63	98.58
150	France	kennyS	Kenny Schrub	566899.23	Counter-Strike: Global Offensive	563076.32	99.33
151	United States	tarik	Tarik Celik	562739.21	Counter-Strike: Global Offensive	562739.21	100
152	South Korea	Blank	Kang Sun Gu	559518.75	League of Legends	559518.75	100
153	China	Paparazi	Zhang Chengjun	555315.92	Dota 2	555315.92	100
154	South Korea	soO	Eu Yoon Su	553528.53	StarCraft II	544586.03	98.38
155	South Korea	Ambition	Kang Chan Yong	553234.2	League of Legends	553234.2	100
156	United States	Apathy	Bryan Zhelyazkov	549072.5	Call of Duty: Black Ops III	228332.5	41.59
157	Canada	NAF	Keith Markovic	543165.66	Counter-Strike: Global Offensive	543165.66	100
158	South Korea	Stats	Kim Dae Yeob	542307.96	StarCraft II	536989.07	99.02
159	South Korea	Moon	Jang Jae Ho	540864.47	WarCraft III	513111.47	94.87
160	Sweden	Xizt	Richard Landström	540813.99	Counter-Strike: Global Offensive	505105.74	93.4
161	South Korea	Forev	Lee Sang Don	539533.37	Dota 2	539533.37	100
162	South Korea	Core JJ	Jo Yong In	538825.34	League of Legends	538825.34	100
163	China	Ning	Gao Zhen Ning	538744.53	League of Legends	538744.53	100
164	China	Baolan	Wang Liu Yi	531465.48	League of Legends	531465.48	100
165	United States	Slasher	Austin Liddicoat	524308.4	Call of Duty: Black Ops III	231332.5	44.12
166	United States	Tfue	Turner Tenney	522850	Fortnite	503400	96.28
167	Philippines	KuKU	Kuku Palad	520444.23	Dota 2	520444.23	100
168	China	JackeyLove	Yu Wen Bo	516548.78	League of Legends	516548.78	100
169	China	Uzi	Jian Zihao	516448.39	League of Legends	516448.39	100
170	United States	Bizzle	Timothy Miller	511850	Fortnite	511850	100
171	South Korea	TheShy	Kang Dong Geun	510581.52	League of Legends	510581.52	100
172	South Korea	MC	Jang Min Chul	509852.06	StarCraft II	509771.79	99.98
173	South Korea	Mata	Cho Se Hyeong	508592.44	League of Legends	508592.44	100
174	Philippines	Tims	Timothy Randrup	502193.35	Dota 2	502193.35	100
175	United States	nitr0	Nick Cannella	500691.73	Counter-Strike: Global Offensive	500451.73	99.95
176	South Korea	Impact	Jung Eon Yeong	500327.84	League of Legends	500327.84	100
177	South Korea	Dark	Park Ryung Woo	497637.49	StarCraft II	497637.49	100
178	Ukraine	s1mple	Alexander Kostylev	493988.64	Counter-Strike: Global Offensive	493988.64	100
179	United States	ELiGE	Jonathan Jablonowski	491096.42	Counter-Strike: Global Offensive	491096.42	100
180	Belarus	fng	Artem Barshack	490864.54	Dota 2	490864.54	100
181	France	Happy	Vincent Schopenhauer	489220.14	Counter-Strike: Global Offensive	483430.84	98.82
182	Philippines	sam_H	Sam Enojosa Hidalgo	488334.78	Dota 2	488334.78	100
183	United States	John	Johnathan Perez	487941.26	Call of Duty: Black Ops III	232707.5	47.69
184	South Korea	CuVee	Lee Seong Jin	483986.81	League of Legends	483986.81	100
185	South Korea	Crown	Lee Min Ho	482787.81	League of Legends	482787.81	100
186	South Korea	Ruler	Park Jae Hyuk	480643.19	League of Legends	480643.19	100
187	South Korea	Life	Lee Seung Hyun	475900.67	StarCraft II	475900.67	100
188	China	Mlxg	Liu Shi Yu	472216.01	League of Legends	472216.01	100
189	China	ClearLove	Ming Kai	471086.78	League of Legends	471086.78	100
190	France	shox	Richard Papillon	470820.89	Counter-Strike: Global Offensive	451552.88	95.91
191	Japan	Tokido	Hajime Taniguchi	467389.45	Street Fighter V: Arcade Edition	234768	50.23
192	China	xiaohu	Li Yuan Hao	463557.41	League of Legends	463557.41	100
193	South Korea	sake	Lee Jung Hyeog	462790.78	Heroes of the Storm	462790.78	100
194	South Korea	KyoCha	Jeong Won Ho	462468.56	Heroes of the Storm	462468.56	100
195	South Korea	Peanut	Han Wang Ho	460665.14	League of Legends	460665.14	100
196	United States	Rush	Will Wierzba	460216	Counter-Strike: Global Offensive	460216	100
197	United States	Fatal1ty	Johnathan Wendel	458089.23	Painkiller	240550	52.51
198	United States	Aches	Patrick Price	455431.76	Call of Duty: World War II	170250	37.38
199	China	BoBoKa	Ye Zhibiao	454472.34	Dota 2	454472.34	100
200	China	oldchicken	Zhiyong Wang	453690.75	Dota 2	453690.75	100
201	South Korea	DuBu	Kim Du Young	453212	Dota 2	453212	100
202	South Korea	Polt	Choi Sung Hoon	451904.48	StarCraft II	451904.48	100
203	South Korea	Lyn	Park Joon	448846.42	WarCraft III	415892.33	92.66
204	China	YYF	Jiang Cen	443434.96	Dota 2	417377.44	94.12
205	United States	Skadoodle	Tyler Latham	442879.98	Counter-Strike: Global Offensive	437479.98	98.78
206	South Korea	PawN	Heo Won Seok	440580.94	League of Legends	440580.94	100
207	United States	Clayster	James Eubanks	438521.68	Call of Duty: Advanced Warfare	144195.75	32.88
208	United States	Neeb	Alex Sunderhaft	437441	StarCraft II	437364.8	99.98
209	China	Xxs	Lin Jing	434391.81	Dota 2	434391.81	100
210	South Korea	Zest	Joo Sung Wook	433151.87	StarCraft II	433151.87	100
211	South Korea	Rich	Lee Jae Won	427923.28	Heroes of the Storm	427923.28	100
212	Netherlands	Thijs	Thijs Molendijk	426339.49	Hearthstone	418839.49	98.24
213	Brazil	fnx	Lincoln Lau	423060.98	Counter-Strike: Global Offensive	384594	90.91
214	France	sOAZ	Paul Boyer	422203.79	League of Legends	422203.79	100
215	Russia	G	Sergey Bragin	421974.84	Dota 2	417261.62	98.88
216	United States	Cloak	Dennis Lepore	421425	Fortnite	421425	100
217	China	END	Yang Pu	420575.44	Dota 2	420575.44	100
218	China	Victoria	Chen Guanhong	417241.04	Dota 2	417241.04	100
219	South Korea	Classic	Kim Doh Woo	410936.16	StarCraft II	408256.11	99.35
220	South Korea	Mvp	Jung Jong Hyun	409621.15	StarCraft II	404994.83	98.87
221	South Korea	MMA	Moon Sung Won	407169.17	StarCraft II	407169.17	100
222	United States	autimatic	Timothy Ta	405921.61	Counter-Strike: Global Offensive	405701.61	99.95
223	Canada	Twistzz	Russel Van Dulken	403776.43	Counter-Strike: Global Offensive	395776.43	98.02
224	South Korea	Byun	Byun Hyun Woo	403571.57	StarCraft II	403571.57	100
225	Denmark	cajunb	Renè Borg	400515.49	Counter-Strike: Global Offensive	396582.53	99.02
226	Ukraine	Funn1k	Gleb Lipatnikov	400337.75	Dota 2	400337.75	100
227	Saudi Arabia	MSdossary7	Aldossary Mossad	396865	FIFA 18	284500	71.69
228	Sweden	Lekr0	Jonas Olofsson	395944.23	Counter-Strike: Global Offensive	395944.23	100
229	Sweden	friberg	Adam Friberg	392868.59	Counter-Strike: Global Offensive	392395.74	99.88
230	United States	Problem	Eric Wright	390000	Madden NFL 2013	140000	35.9
231	Russia	Illidan	Ilya Pevcaev	386277.3	Dota 2	383574.23	99.3
232	Ukraine	DkPhobos	Alexander Kucheria	383241.65	Dota 2	381917.05	99.65
233	Russia	electroNic	Denis Sharipov	381375.32	Counter-Strike: Global Offensive	381375.32	100
234	China	Ori	Zeng Jiaoyang	380573.89	Dota 2	380573.89	100
235	United States	Enable	Ian Wyatt	378088.79	Call of Duty: World War II	108250	28.63
236	Malaysia	343	Adam Shah	377420.98	Dota 2	377420.98	100
237	China	Yang	Zhou Haiyang	375553.8	Dota 2	375553.8	100
238	Netherlands	chrisJ	Chris de Jong	375116.28	Counter-Strike: Global Offensive	374640.75	99.87
239	South Korea	sAviOr	Ma Jae Yoon	375020.44	StarCraft: Brood War	375020.44	100
240	China	Cty	Chen Tianyu	374326.26	Dota 2	374326.26	100
241	South Korea	PraY	Kim Jong In	373586.22	League of Legends	373586.22	100
242	Norway	Snute	Jens Aasgaard	372788.71	StarCraft II	372788.71	100
243	Croatia	PerkZ	Luka Perković	372615.87	League of Legends	372615.87	100
244	Poland	Nerchio	Artur Bloch	368365.29	StarCraft II	368365.29	100
245	United States	Pistola	Justin Deese	367660	Halo 5: Guardians	160375	43.62
246	South Korea	PartinG	Won Lee Sak	367332.57	StarCraft II	367332.57	100
247	Sweden	Rekkles	Martin Larsson	365491.81	League of Legends	365491.81	100
248	France	KIOSHIMA	Fabien Fiey	363393	Counter-Strike: Global Offensive	363151.52	99.93
249	Taiwan Republic of China	tom60229	Chen Wei Lin	361108.87	Hearthstone	361108.87	100
250	Ukraine	ArtStyle	Ivan Antonov	361099.03	Dota 2	358238.39	99.21
251	China	letme	Yan Jun Ze	360201.28	League of Legends	360201.28	100
252	Denmark	Caps	Rasmus Winther	359594.45	League of Legends	359594.45	100
253	Thailand	Jabz	Anucha Jirawong	359458.54	Dota 2	359458.54	100
254	South Korea	Deft	Kim Hyuk Kyu	359356.96	League of Legends	359356.96	100
255	Netherlands	Grubby	Manuel Schenkhuizen	358905.11	WarCraft III	299150.22	83.35
256	China	Op	Ou Peng	358638.68	Dota 2	358638.68	100
257	Sweden	dennis	Dennis Edman	358575.47	Counter-Strike: Global Offensive	351995.91	98.17
258	Taiwan Republic of China	Karsa	Hung Hau Hsuan	356852.09	League of Legends	356852.09	100
259	Kazakhstan	AdreN	Dauren Kystaubayev	354733.3	Counter-Strike: Global Offensive	335289.65	94.52
260	South Korea	Reset	Im Jin Woo	353645.16	Heroes of the Storm	353645.16	100
261	Finland	allu	Aleksi Jalli	353534.58	Counter-Strike: Global Offensive	350602.59	99.17
262	South Korea	Ttsst	Kang Woon Sung	349475.27	Heroes of the Storm	349475.27	100
263	United States	POACH	Jake Brumleve	348500	Fortnite	323500	92.83
264	United States	NateHill	Nate Hill	347625	Fortnite	347625	100
265	Brazil	boltz	Ricardo Prass	347390.82	Counter-Strike: Global Offensive	347390.82	100
266	United States	Attach	Dillon Price	347065.02	Call of Duty: Advanced Warfare	145954.5	42.05
267	South Korea	Looper	Jang Hyeong Seok	346307.48	League of Legends	346307.48	100
268	Russia	seized	Denis Kostin	337686.83	Counter-Strike: Global Offensive	336190.34	99.56
269	Russia	Pavel	Pavel Beltiukov	337048	Hearthstone	337048	100
270	South Korea	Huni	Heo Seung Hoon	336470.08	League of Legends	336470.08	100
271	China	Ming	Shi Sen Ming	335421.33	League of Legends	335421.33	100
272	South Korea	Haru	Kang Min Seung	334797.71	League of Legends	334797.71	100
273	France	RpK	Cédric Guipouy	334509.68	Counter-Strike: Global Offensive	297520.95	88.94
274	Sweden	Pajkatt	Per Anders Olsson-Lille	333642.77	Dota 2	332885.11	99.77
275	South Korea	Bisu	Kim Taek Yong	333515.56	StarCraft: Brood War	331927.55	99.52
276	United States	rapha	Shane Hendrixson	331552.97	Quake Champions	185417	55.92
277	Israel	33	Neta Shapira	331515.6	Dota 2	331515.6	100
278	Russia	Dosia	Mikhail Stolyarov	331403.73	Counter-Strike: Global Offensive	307601.25	92.82
279	United States	Hungrybox	Juan Debiedma	330835.34	Super Smash Bros. Melee	327012.14	98.84
280	United States	ninjaboogie	Michael Ross	330289.99	Dota 2	330289.99	100
281	United States	mason	Mason Venne	329930.36	Dota 2	329930.36	100
282	China	Meiko	Tian Ye	329538.95	League of Legends	329538.95	100
283	United States	BaRRaCCuDDa	John Salter	329506.65	SMITE	329506.65	100
284	Romania	bOne7	Pittner Armand	327412.89	Dota 2	327412.89	100
285	South Korea	GorillA	Kang Beom Hyeon	325160.5	League of Legends	325160.5	100
286	Denmark	MSL	Mathias Lauridsen	324541.5	Counter-Strike: Global Offensive	323774	99.76
287	China	Infi	Wang Xu Wen	324421.63	WarCraft III	310964.69	95.85
288	China	TH000	Huang Xiang	324060.1	WarCraft III	323277.4	99.76
289	Czech Republic	oskar	Tomáš Šťastný	323913.98	Counter-Strike: Global Offensive	323825.09	99.97
290	United Kingdom	HugeGorilla	Spencer Ealing	323696.96	FIFA 17	250000	77.23
291	Canada	Scarlett	Sasha Hostyn	323553.94	StarCraft II	323553.94	100
292	United States	MSS	Arif Anwar	323474.18	Dota 2	323474.18	100
293	South Korea	NaDa	Lee Yoon Yeol	323389.66	StarCraft: Brood War	289381.84	89.48
294	United States	JeffHindla	Rosario Villardi	322714.31	SMITE	322714.31	100
295	Russia	Silent	Airat Gaziev	321762.29	Dota 2	321762.29	100
296	United States	Andinster	Andrew Woodward	321506.65	SMITE	321506.65	100
297	United States	NuckleDu	Du Cong Dang	321428.78	Street Fighter V	294136.23	91.51
298	United States	Slacked	Josiah Berry	318584.65	Call of Duty: Infinite Warfare	98000	30.76
299	United States	Ace	Aaron Elam	318225	Halo 4	202625	63.67
300	South Korea	imp	Gu Seung Bin	316713.14	League of Legends	316713.14	100
301	Sweden	Golden	Maikil Selim	314642.48	Counter-Strike: Global Offensive	314642.48	100
302	United States	MLCst3alth	Brett Felley	313506.65	SMITE	313506.65	100
303	United States	72hrs	Thomas Mulligan	313200	Fortnite	313200	100
304	Sweden	Armada	Adam Lindgren	311334.83	Super Smash Bros. Melee	305696.27	98.19
305	Poland	Nisha	Michał Jankowski	311304.91	Dota 2	311304.91	100
306	South Korea	Rain	Jung Yoon Jong	310840.63	StarCraft II	236690.51	76.15
307	South Korea	herO	Kim Joon Ho	309768.09	StarCraft II	309768.08	100
308	Brazil	felps	João Vasconcellos	309546.57	Counter-Strike: Global Offensive	309546.57	100
309	United States	Vivid	Noah Wright	308375	Fortnite	283375	91.89
310	Poland	Jankos	Marcin Jankowski	304656.15	League of Legends	304656.15	100
311	France	bodyy	Alexandre Pianaro	302059.37	Counter-Strike: Global Offensive	302059.37	100
312	United States	Snipedown	Eric Wrona	301537.5	Halo 5: Guardians	168125	55.76
313	United States	Omegatron	Ryan Johnson	301506.65	SMITE	301506.65	100
314	Denmark	aizy	Philip Aistrup	301438.34	Counter-Strike: Global Offensive	301438.34	100
315	Malaysia	Moon	Kam Boon Seng	300775.25	Dota 2	300775.25	100
316	Netherlands	Vo0	Sander Kaasjager	299570	Painkiller	230500	76.94
317	France	SmithZz	Edouard Dubourdeaux	299257.33	Counter-Strike: Global Offensive	269446.78	90.04
318	South Korea	Smeb	Song Kyung Ho	298574.52	League of Legends	298574.52	100
319	Denmark	Pengu	Niclas Mouritzen	298328.94	Rainbow Six Siege	298328.94	100
320	China	Jasonzhou	Zhou Bin	296734.75	Hearthstone	296734.75	100
321	China	Xi	Luo Yinqi	296676.15	Dota 2	296360.82	99.89
322	France	Stephano	Ilyes Satouri	295416.61	StarCraft II	295416.61	100
323	Norway	Hunterace	Casper Notto	294655.16	Hearthstone	294655.16	100
324	Mexico	SpeCial	Juan Carlos Lopez	294375.03	StarCraft II	294125.03	99.92
325	South Korea	Solar	Kang Min Soo	292500.62	StarCraft II	292500.62	100
326	Finland	jOONAS	Joonas Savolainen	292341.64	Rainbow Six Siege	292341.64	100
327	Netherlands	Mitr0	Dmitri Van de Vrie	292249.81	Fortnite	292249.81	100
328	United States	Classic	Nicholas Di Costanzo	292074	Call of Duty: Infinite Warfare	98000	33.55
329	South Korea	TaeJa	Yoon Young Suh	291376.63	StarCraft II	291376.63	100
330	Sweden	Fabian	Fabian Hällsten​	291278.94	Rainbow Six Siege	291278.94	100
331	China	Fade	Pan Yi	290942.68	Dota 2	290942.68	100
332	China	Zhou	Chen Yao	290746.09	Dota 2	259126.42	89.12
333	United States	Brian Dragotto	Brian Dragotto	290000	Turbo Racing League	290000	100
334	Spain	Goga	Daniel Romero	289422.61	Rainbow Six Siege	289422.61	100
335	United States	OGRE2	Tom Ryan	288818.43	Halo 2	119074.03	41.23
336	South Korea	NesTea	Lim Jae Duk	288225.07	StarCraft II	288225.07	100
337	Taiwan Republic of China	bebe	Cheng Bo Wei	286115.32	League of Legends	286115.32	100
338	South Korea	Leenock	Lee Dong Nyung	285418.14	StarCraft II	285418.14	100
339	Sweden	Toxjq	Johan Quick	285292.96	Quake 4	144049.55	50.49
340	United States	n0thing	Jordan Gilbert	285018.77	Counter-Strike: Global Offensive	239506.42	84.03
341	United States	Doublelift	Peter Peng	284330.84	League of Legends	284330.84	100
342	Estonia	ropz	Robin Kool	282902.7	Counter-Strike: Global Offensive	282902.7	100
343	China	XHope	- -	281225.18	Hearthstone	281225.18	100
344	South Korea	DanDy	Choi In Kyu	281150.19	League of Legends	281150.19	100
345	Ukraine	alwayswannafly	Anton Bondarenko	279958.41	Dota 2	279770.97	99.93
346	South Korea	Stork	Song Byung Goo	279901.23	StarCraft: Brood War	261926.82	93.58
347	United States	SiLLY	Justin Fargo-Palmer	279513.85	Call of Duty: World War II	184648.43	66.06
348	United States	Octane	Sam Larew	279323.75	Call of Duty: Infinite Warfare	98000	35.08
349	Finland	suNny	Miikka Kemppi	276190	Counter-Strike: Global Offensive	276190	100
350	Russia	LighTofHeaveN	Dmitriy Kupriyanov	275640.14	Dota 2	268719.97	97.49
351	Canada	stanislaw	Peter Jarguz	273987.38	Counter-Strike: Global Offensive	273987.38	100
352	United States	Loony	Daniel Loza	273814.02	Call of Duty: World War II	118875	43.41
353	United States	Mew2King	Jason Zimmerman	273532.75	Super Smash Bros. Melee	198627.55	72.62
354	United States	CCnC	Quinn Callahan	271446	Dota 2	271446	100
355	China	Rabbit	Zhang Wang	270410.27	Dota 2	270410.27	100
356	South Korea	sCsC	Kim Seung Chul	270069.57	Heroes of the Storm	239311.62	88.61
357	United States	Morgausse	Austin Etue	270000	Fortnite	270000	100
358	Denmark	Broxah	Mads Brock	267015.75	League of Legends	267015.75	100
359	South Korea	March	Park Tae Won	266787.97	Dota 2	266787.97	100
360	Denmark	k0nfig	Kristian Wienecke	266405.81	Counter-Strike: Global Offensive	266405.81	100
361	South Korea	Piglet	Chae Gwang Jin	265429.15	League of Legends	265429.15	100
362	Kazakhstan	mou	Rustem Tlepov	265411.52	Counter-Strike: Global Offensive	263569.49	99.31
363	Canada	shroud	Mike Grzesiek	265380.69	Counter-Strike: Global Offensive	218480.69	82.33
364	Sweden	Wubby	Jonathan Gunnarsson	264163.2	Heroes of the Storm	264163.2	100
365	United States	Sneaky	Zachary Scuderi	263021.36	League of Legends	263021.36	100
366	France	SIXER	Christophe Xia	262656.72	Counter-Strike: Global Offensive	253330.08	96.45
367	United Kingdom	TekKz	Donovan Hunt	262375	FIFA 19	235375	89.71
368	Philippines	Abed	Abed Yusop	261851.89	Dota 2	261851.89	100
369	Germany	BunnyHoppor	Raphael Peltzer	261774.73	Hearthstone	261774.73	100
370	South Korea	HerO	Song Hyeon Deok	261737.87	StarCraft II	261737.87	100
371	Philippines	Xmithie	Jake Puchero	261442.6	League of Legends	261442.6	100
372	China	Koro1	Tong Yang	260755.41	League of Legends	260755.41	100
373	China	Sky	Li Xiaofeng	260697.66	WarCraft III	260697.66	100
374	United States	Punk	Victor Woodley	260507.67	Street Fighter V	202628	77.78
375	South Korea	DongRaeGu	Park Soo Ho	260050.08	StarCraft II	260050.08	100
376	United States	SVG	Avery Silverman	259188.4	Dota 2	259188.4	100
377	United States	Replays	Chris Crowder	258785.5	Call of Duty: Advanced Warfare	121535.5	46.96
378	South Korea	Bomber	Choi Ji Sung	258425.13	StarCraft II	257042.14	99.46
379	Belarus	Clawz	Nikita Marchinsky	258288.16	Quake Champions	245900	95.2
380	Sweden	emilitoo	Emil Stärnman	257300	SMITE	257300	100
381	Slovakia	STYKO	Martin Styk	257142.38	Counter-Strike: Global Offensive	257142.38	100
382	South Korea	PoohManDu	Lee Jeong Hyeon	256771.39	League of Legends	256771.39	100
383	Sweden	Adapting	Kennet Ros	256700	SMITE	256700	100
384	Sweden	Yammyn	André Brännvall	256700	SMITE	256700	100
385	South Korea	kurO	Lee Seo Haeng	255701.95	League of Legends	255701.95	100
386	Dominican Republic	MenaRD	Saul Leonardo Mena Segundo	255417.92	Street Fighter V	254417.92	99.61
387	United States	fr0zen	Frank Zhang	255282.26	Hearthstone	255282.26	100
388	United States	Eco	Kevin Smith	254700	Halo 5: Guardians	253950	99.71
389	Philippines	Ryo	Ryo Hasegawa	254448.28	Dota 2	254448.28	100
390	Bulgaria	Hylissang	Zdravec Gulubov	252571.91	League of Legends	252571.91	100
391	Sweden	Orange	Jon Westberg	252405.38	Hearthstone	249905.38	99.01
392	United States	ZooMaa	Tom Paparratto	252144.6	Call of Duty: World War II	94500	37.48
393	United Kingdom	iRaffer	Craig Rathbone	251575	SMITE	251575	100
394	Italy	Andrea Mengucci	Andrea Mengucci	251450	Magic: The Gathering Arena	251450	100
395	United States	StelluR	Braedon Boettcher	251050	Halo 5: Guardians	251050	100
396	Spain	Mithy	Alfonso Aguirre Rodriguez	250818.89	League of Legends	248718.89	99.16
397	United States	Huke	Cuyler Garland	250352.25	Halo 5: Guardians	179625	71.75
398	South Korea	Easyhoon	Lee Ji Hoon	249497.86	League of Legends	249497.86	100
399	Sweden	Limmp	Linus Blomdin	249089.85	Dota 2	208415.99	83.67
400	Belgium	ScreaM	Adil Benrlitom	248866.69	Counter-Strike: Global Offensive	243860.1	97.99
401	Denmark	Jensen	Nicolaj Jensen	248020.56	League of Legends	248020.56	100
402	China	18	YueQiang Dai Dai	247706.41	CrossFire	247706.41	100
403	Switzerland	Kinstaar	Duong Huynh	245525.28	Fortnite	245525.28	100
404	Germany	NinjaDimi	Peter Dimitrov	244400	SMITE	244400	100
405	Finland	Kantoraketti	Juhani Toivonen	243993.36	Rainbow Six Siege	243993.36	100
406	Taiwan Republic of China	SwordArt	Hu Shuo Jie	243904.67	League of Legends	243904.67	100
407	Philippines	Eyyou	Nico Barcelon	243752.54	Dota 2	243752.54	100
408	South Korea	Surrender	Kim Jung Soo	242881.57	Hearthstone	242881.57	100
409	United States	MerK	Joseph DeLuca	241746.55	Call of Duty: Modern Warfare 3	105964.3	43.83
410	United States	Dragon	Ryan Walker	241112.54	Injustice 2	200475.3	83.15
411	United States	Chap	Ryan Chaplo	240725	Fortnite	240725	100
412	Taiwan Republic of China	Maple	Huang Yi Tang	240437.63	League of Legends	240437.63	100
413	United States	Teepee	Tyler Polchow	238812.03	Call of Duty: Ghosts	124686.76	52.21
414	United Kingdom	Snitch	Joshua Bennett	238798.57	Heroes of the Storm	238798.57	100
415	Philippines	Xplosive	Gilbert Rojo	238600	Gears of War 4	224550	94.11
416	United States	Mental	Billy Putnam	238550	Gears of War 4	224550	94.13
417	Germany	Black^	Dominik Reitmeier	238342.62	Dota 2	237399.01	99.6
418	Denmark	Svenskeren	Dennis Johnsen	238022.29	League of Legends	238022.29	100
419	Denmark	Wunder	Martin Hansen	237641.64	League of Legends	237641.64	100
420	Japan	Daigo	Umehara Daigo	237599.74	Ultra Street Fighter IV	120363.34	50.66
421	Netherlands	Bono Huis	Bono Huis	236892.67	rFactor 2	225226	95.08
422	Spain	mixwell	Oscar Cañellas	236743.36	Counter-Strike: Global Offensive	236743.36	100
423	South Korea	HyuN	Ko Seok Hyun	235535.11	StarCraft II	233783.91	99.26
424	South Korea	fOrGG	Park Ji Soo	235330.97	StarCraft II	147378.95	62.63
425	Sweden	pronax	Markus Wallsten	235071.26	Counter-Strike: Global Offensive	225871.85	96.09
426	United States	Sneyking	Jing Jun Wu	234764.02	Dota 2	234764.02	100
427	Italy	stermy	Alessandro Avallone	234459.15	Painkiller	118800	50.67
428	South Korea	Scout	Lee Ye Chan	233997.28	League of Legends	233997.28	100
429	United States	DaHanG	Tim Fogarty	233602.63	Quake Champions	176012	75.35
430	United States	Firebat	James Kostesich	233553.1	Hearthstone	233553.1	100
431	United States	Saf	Rocco Morales	232975	Fortnite	232975	100
432	Canada	Zayt	Williams Aubin	232750	Fortnite	232750	100
433	China	Fly100	Lu Weiliang	232575.93	WarCraft III	232105.93	99.8
434	Germany	ShoWTimE	Tobias Sieber	230893.05	StarCraft II	230893.05	100
435	Ukraine	fn	Lozovoi Rostislav	230856.6	Dota 2	230856.6	100
436	South Korea	July	Park Sung Joon	230774.13	StarCraft: Brood War	180682.62	78.29
437	Kazakhstan	HObbit	Abay Khasenov	230759.17	Counter-Strike: Global Offensive	230719.17	99.98
438	United States	Dmo	Dylan Moore	230675	Fortnite	230675	100
439	Ukraine	Kolento	Aleksandr Malsh	229591.96	Hearthstone	229591.96	100
440	South Korea	Zero	Yoon Kyung Sup	229438.65	League of Legends	229438.65	100
441	Ireland	Jurd	Jordan Crowley	229078.9	Call of Duty: Infinite Warfare	90450	39.48
442	China	DaobaQ	Zhou Xingwei	228706.41	CrossFire	228706.41	100
443	France	JayPL	Jérome Trinh	228683.76	Heroes of the Storm	228683.76	100
444	United States	SuMuNs	Alex Ascencion	225550	Gears of War 4	224550	99.56
445	Taiwan Republic of China	Stanley	Wang June Tsan	225522.01	League of Legends	225522.01	100
446	Singapore	NutZ	Jeng Yih Wong	225067.65	Dota 2	225067.65	100
447	Poland	Furlan	Damian Kisłowski	224870.92	Counter-Strike: Global Offensive	224870.92	100
448	Denmark	Zven	Jesper Svenningsen	224746.68	League of Legends	224746.68	100
449	Hong Kong	Toyz	Lau Kurtis Wai Kin	224722.01	League of Legends	224722.01	100
450	Germany	HasuObs	Dennis Schneider	224655.72	Heroes of the Storm	107897.76	48.03
451	South Korea	Soulkey	Kim Min Chul	224105.02	StarCraft II	153116.49	68.32
452	Japan	Kazunoko	Ryota Inoue	222968.57	Ultra Street Fighter IV	145787.51	65.38
453	United States	Nadeshot	Matthew Haag	222271.25	Call of Duty: Modern Warfare 3	100450	45.19
454	United States	Assault	Adam Garcia	221577.76	Call of Duty: World War II	173250	78.19
455	Pakistan	YawaR	Yawar Hassan	221206.2	Dota 2	221206.2	100
456	Denmark	Bjergsen	Søren Bjerg	219972.7	League of Legends	219972.7	100
457	South Korea	MaRin	Jang Gyeong Hwan	219660.3	League of Legends	219660.3	100
458	Canada	Gunless	Pierce Hillman	218982.81	Call of Duty: World War II	120875	55.2
459	China	InJuly	Yang Xiao Dong	218708.95	Dota 2	218075.77	99.71
460	United States	Renegade	Jonathan Willette	217750	Halo 5: Guardians	217750	100
461	Taiwan Republic of China	Lilballz	Kuan Po Sung	217429.72	League of Legends	217429.72	100
462	United States	ZfreeK	Zakari Freedman	217338.02	Dota 2	175015.13	80.53
463	United States	Saints	Renato Forza	216967.5	Call of Duty: Infinite Warfare	98000	45.17
464	China	N9	Wang Hao	216706.41	CrossFire	216706.41	100
465	Taiwan Republic of China	MiSTakE	Chen Hui Chung	216539.83	League of Legends	216539.83	100
466	Germany	KheZu	Maurice Gutmann	216144.07	Dota 2	168002.35	77.73
467	Russia	SoNNeikO	Akbar Butaev	215787.38	Dota 2	215787.38	100
468	Poland	Elazer	Mikołaj Ogonowski	215747.47	StarCraft II	215747.47	100
469	Netherlands	SingSing	Weh Sing Yuen	214425.36	Dota 2	214158.69	99.88
470	Belgium	Bwipo	Gabriël Rau	213941.17	League of Legends	213941.17	100
471	United Kingdom	Bance	Ben Bance	213742.44	Call of Duty: Infinite Warfare	90450	42.32
472	United States	Shotzzy	Anthony Cuevas-Castro	213525	Halo 5: Guardians	211125	98.88
473	South Korea	MarineKing	Lee Jung Hoon	212397.14	StarCraft II	212397.14	100
474	Russia	Miposhka	Yaroslav Naydenov	211793.01	Dota 2	211793.01	100
475	Philippines	Armel	Armel Paul Tabios	211746.11	Dota 2	211746.11	100
476	Brazil	GuiFera	Guilherme Fonseca	211651.21	Pro Evolution Soccer 2017	206000	97.33
477	Canada	1437	Sivatheeban Sivanathapillai	211581.32	Dota 2	211581.32	100
478	Sweden	Handsken	Simon Haag	211329.8	Dota 2	190723.65	90.25
479	South Korea	Hydra	Shin Dong Won	211295.74	StarCraft II	147459.89	69.79
480	South Korea	Sign	Yoon Ji Hoon	211104.46	Heroes of the Storm	211104.46	100
481	Canada	daps	Damian Steele	211099.68	Counter-Strike: Global Offensive	211099.68	100
482	Ukraine	DrHippi	Artem Kravets'	210416.67	Hearthstone	210416.67	100
483	Germany	gob b	Fatih Dayik	209940.1	Counter-Strike: Global Offensive	137264.14	65.38
484	Denmark	Valde	Valdemar Vangså	209623.04	Counter-Strike: Global Offensive	209623.04	100
485	United States	Skimbo	Michael Skimbo	208000	Madden NFL 2017	153000	73.56
486	South Korea	Infiltration	Lee Seon Woo	207947.58	Street Fighter V	81392	39.14
487	South Korea	GuMiho	Koh Byung Jae	207852.73	StarCraft II	207852.73	100
488	Netherlands 	ViolentPanda	Jos van Meurs	207314.27	Rocket League	207314.27	100
489	United States	Lunchbox	Jason Brown	207230	Halo 3	63200	30.5
490	China	Kamma	Liu Chang	207025.68	Dota 2	207025.68	100
491	Germany	Lifecoach	Adrian Koy	206120.17	Hearthstone	136530.19	66.24
492	Sweden	REZ	Fredrik Sterner	205956.93	Counter-Strike: Global Offensive	205956.93	100
493	United States	Naded	Brett Leonard	205783.81	Halo 5: Guardians	136800	66.48
494	United States	swindlemelonzz	Kyle Freedman	204738.02	Dota 2	162415.13	79.33
495	Russia	iLTW	Igor Filatov	204616.6	Dota 2	204616.6	100
496	China	lionkk	Yao Hao	204507.15	PLAYERUNKNOWN’S BATTLEGROUNDS	204507.15	100
497	United States	BuLba	Sam Sosale	204034.82	Dota 2	204034.82	100
498	France	Kaydop	Courant Alexandre	204004.14	Rocket League	204004.14	100
499	China	Mo	Ke Liu	203977.22	Counter-Strike: Global Offensive	175704.17	86.14
500	China	DD	Xie Bin	203498.01	Dota 2	198069.63	97.33
