Rank	Title	PrizePool	Game	Num	Num
1	The International 2018	2553217700	Dota 2	 	18 	90 
2	The International 2017	2468791900	Dota 2	 	18 	90 
3	The International 2016	2077046000	Dota 2	 	16 	80 
4	The International 2015	1842961305	Dota 2	 	16 	80 
5	The International 2014	1093110300	Dota 2	 	14 	70 
6	LoL 2018 World Championship	645000000	League of Legends	 	24 	130 
7	LoL 2016 World Championship	507000000	League of Legends	 	16 	86 
8	LoL 2017 World Championship	494696900	League of Legends	 	24 	128 
9	Fortnite Fall Skirmish Series - Clubs Standings	400000000	Fortnite	 	5 	498 
10	DAC 2015	305752100	Dota 2	 	20 	100 
11	The Boston Major 2016	300000000	Dota 2	 	16 	80 
12	The Frankfurt Major 2015	300000000	Dota 2	 	16 	80 
13	The Kiev Major 2017	300000000	Dota 2	 	16 	80 
14	The Manila Major 2016	300000000	Dota 2	 	16 	80 
15	The Shanghai Major 2016	300000000	Dota 2	 	16 	80 
16	The International 2013	287438100	Dota 2	 	8 	40 
17	Smite World Championship 2015	261225900	SMITE	 	8 	40 
18	Halo World Championship 2016	250000000	Halo 5: Guardians	 	16 	64 
19	LoL 2014 World Championship	213000000	League of Legends	 	16 	82 
20	LoL 2015 World Championship	213000000	League of Legends	 	16 	85 
21	LoL Season 3 World Championship	205000000	League of Legends	 	14 	70 
22	Call of Duty XP Championship 2016	200000000	Call of Duty: Black Ops III	 	32 	127 
23	LoL Season 2 World Championship	200000000	League of Legends	 	12 	60 
24	Six Invitational 2019	200000000	Rainbow Six Siege	 	16 	80 
25	Fortnite Fall Skirmish Series - Week 6 - Grand Finals	194250000	Fortnite	 	50 	100 
26	Overwatch League - Season 1 Playoffs	170000000	Overwatch	 	6 	60 
27	Mid-Season Invitational 2017	169000000	League of Legends	 	13 	67 
28	Fortnite Summer Skirmish Series - Week 8	167625000	Fortnite	 	 	99 
29	The International 2011	160000000	Dota 2	 	8 	42 
30	The International 2012	160000000	Dota 2	 	8 	40 
31	CWL Championship 2017	152500000	Call of Duty: Infinite Warfare	 	33 	128 
32	China Dota2 Supermajor 2018	150000000	Dota 2	 	16 	80 
33	CWL Championship 2018	150000000	Call of Duty: World War II	 	32 	128 
34	WESG 2016 (CS:GO)	150000000	Counter-Strike: Global Offensive	 	8 	40 
35	WESG 2016 (Dota 2)	150000000	Dota 2	 	8 	40 
36	WESG 2017 (CS:GO Male)	150000000	Counter-Strike: Global Offensive	 	16 	80 
37	WESG 2017 (Dota 2)	150000000	Dota 2	 	16 	80 
38	ELEAGUE Season 1	141000000	Counter-Strike: Global Offensive	 	24 	124 
39	Mid-Season Invitational 2018	137052000	League of Legends	 	14 	73 
40	Shadowverse World Grand Prix 2018	131000000	Shadowverse	 	0 	24 
41	Overwatch League - Season 1 Regular Season	130000000	Overwatch	 	12 	130 
42	ELEAGUE Season 2	110000000	Counter-Strike: Global Offensive	 	16 	81 
43	2017 Las Vegas eRace	100000000	rFactor 2	 	0 	30 
44	BlizzCon 2016 (Hearthstone)	100000000	Hearthstone	 	0 	16 
45	Call of Duty Championship 2013	100000000	Call of Duty: Black Ops 2	 	8 	32 
46	Call of Duty Championship 2014	100000000	Call of Duty: Ghosts	 	8 	32 
47	Call of Duty Championship 2015	100000000	Call of Duty: Advanced Warfare	 	8 	32 
48	Call of Duty XP	100000000	Call of Duty: Modern Warfare 3	 	8 	32 
49	DAC 2018	100000000	Dota 2	 	16 	80 
50	DreamLeague Season 11	100000000	Dota 2	 	16 	80 
51	ELEAGUE CS:GO Premier 2017	100000000	Counter-Strike: Global Offensive	 	16 	80 
52	ELEAGUE CS:GO Premier 2018	100000000	Counter-Strike: Global Offensive	 	8 	40 
53	ELEAGUE Major 2017	100000000	Counter-Strike: Global Offensive	 	16 	80 
54	ELEAGUE Major: Boston 2018	100000000	Counter-Strike: Global Offensive	 	16 	80 
55	EPICENTER XL	100000000	Dota 2	 	12 	60 
56	ESL One Birmingham 2018	100000000	Dota 2	 	12 	60 
57	ESL One Hamburg 2017	100000000	Dota 2	 	8 	40 
58	ESL One Katowice 2018 (Dota 2)	100000000	Dota 2	 	16 	80 
59	ESL One: Cologne 2016	100000000	Counter-Strike: Global Offensive	 	16 	81 
60	FACEIT Major: London 2018	100000000	Counter-Strike: Global Offensive	 	16 	80 
61	Halo World Championship 2017	100000000	Halo 5: Guardians	 	12 	48 
62	Halo World Championship 2018	100000000	Halo 5: Guardians	 	16 	64 
63	Hearthstone World Championship 2017	100000000	Hearthstone	 	0 	16 
64	Hearthstone World Championship 2019	100000000	Hearthstone	 	0 	16 
65	HGC 2016 - Fall Finals	100000000	Heroes of the Storm	 	12 	60 
66	HGC 2017 Global Finals	100000000	Heroes of the Storm	 	16 	80 
67	HGC 2018 Global Finals	100000000	Heroes of the Storm	 	12 	60 
68	Honor of Kings Champion Cup Summer 2018	100000000	Arena of Valor	 	16 	29 
69	IEM XIII - Katowice 2019 (CS:GO Major)	100000000	Counter-Strike: Global Offensive	 	16 	80 
70	Intel Grand Slam Season 1	100000000	Counter-Strike: Global Offensive	 	2	10 
71	MDL Changsha Major 2018	100000000	Dota 2	 	12 	60 
72	MDL Disneyland Paris Major 2019	100000000	Dota 2	 	16 	75 
73	Mid-Season Invitational 2019	100000000	League of Legends	 	13 	66 
74	MLG Major Championship: Columbus 2016	100000000	Counter-Strike: Global Offensive	 	16 	80 
75	Mythic Invitational	100000000	Magic: The Gathering Arena	 	 	64 
76	PGL Major Kraków 2017	100000000	Counter-Strike: Global Offensive	 	16 	80 
77	PUBG Global Invitational 2018 (FPP)	100000000	PLAYERUNKNOWN’S BATTLEGROUNDS	 	22 	80 
78	PUBG Global Invitational 2018 (TPP)	100000000	PLAYERUNKNOWN’S BATTLEGROUNDS	 	22 	80 
79	ROG DreamLeague Season 8	100000000	Dota 2	 	8 	40 
80	Smite World Championship 2016	100000000	SMITE	 	10 	50 
81	Smite World Championship 2017	100000000	SMITE	 	10 	45 
82	The Bucharest Major 2018	100000000	Dota 2	 	8 	40 
83	The Chongqing Major 2019	100000000	Dota 2	 	16 	81 
84	The Kuala Lumpur Major 2018	100000000	Dota 2	 	16 	80 
85	CrossFire Stars 2018	90000000	CrossFire	 	8 	40 
86	WESG 2018 (CS:GO Male)	89000000	Counter-Strike: Global Offensive	 	8 	40 
87	WESG 2018 (Dota 2)	89000000	Dota 2	 	8 	40 
88	CFS 2017	85000000	CrossFire	 	4 	20 
89	Fortnite World Cup 2019 - Week 9 - Europe	80000000	Fortnite	 	 	51 
90	Smite World Championship 2018	78500000	SMITE	 	10 	50 
91	Esports Championship Series Season 1 - Finals	76500000	Counter-Strike: Global Offensive	 	8 	40 
92	ESL Pro League S5 Finals	75000000	Counter-Strike: Global Offensive	 	12 	60 
93	ESL Pro League Season 6 Finals	75000000	Counter-Strike: Global Offensive	 	12 	60 
94	ESL Pro League Season 7 - Finals	75000000	Counter-Strike: Global Offensive	 	16 	80 
95	ESL Pro League Season 8 - Finals	75000000	Counter-Strike: Global Offensive	 	16 	80 
96	Fortnite Fall Skirmish Series - Week 6 - Stream-Vitational	73000000	Fortnite	 0	 	100 
97	2018 CWL Pro League Stage 1	70000000	Call of Duty: World War II	 	16 	66 
98	2018 CWL Pro League Stage 2	70000000	Call of Duty: World War II	 	16 	64 
99	CWL 2017 - Global Pro League Stage 1	70000000	Call of Duty: Infinite Warfare	 	16 	64 
100	CWL 2017 - Global Pro League Stage 2	70000000	Call of Duty: Infinite Warfare	 	16 	64 
101	Dota2 Professional League Season 2 - Top	70000000	Dota 2	 	10 	51 
102	WCS 2017 Global Finals	70000000	StarCraft II	 	0 	16 
103	WCS 2018 Global Finals	70000000	StarCraft II	 	0 	16 
104	World Cyber Arena 2015 (Dota 2)	67728440	Dota 2	 	4 	20 
105	Esports Championship Series Season 2 - Finals	66000000	Counter-Strike: Global Offensive	 	8 	40 
106	Esports Championship Series Season 3 - Finals	66000000	Counter-Strike: Global Offensive	 	8 	40 
107	Esports Championship Series Season 4 - Finals	66000000	Counter-Strike: Global Offensive	 	8 	40 
108	Esports Championship Series Season 5 - Finals	66000000	Counter-Strike: Global Offensive	 	8 	40 
109	Esports Championship Series Season 6 - Finals	66000000	Counter-Strike: Global Offensive	 	8 	40 
110	Quake World Championship 2017: Sacrifice Tournament	66000000	Quake Champions	 	8 	32 
111	V4 Future Sports Festival (CS:GO)	61787000	Counter-Strike: Global Offensive	 	8 	40 
112	DAC 2017	61198700	Dota 2	 	12 	60 
113	Fortnite World Cup 2019 - Week 9 - NA East	60000000	Fortnite	 0	 	50 
114	NBA 2K League 2018 Playoffs	60000000	NBA 2K18	 	8 	48 
115	World Cyber Arena 2016 (Dota 2)	59622610	Dota 2	 	4 	20 
116	AoV International Championship 2018	58000000	Arena of Valor	 	8 	41 
117	ESL Pro League Season 4: Finals	58000000	Counter-Strike: Global Offensive	11 	55 
118	LPL Spring 2018	55269550	League of Legends	 	6 	41 
119	LPL Spring 2016	54029150	League of Legends	 	6 	40 
120	Fortnite Summer Skirmish Series - Week 2 EU	54000000	Fortnite	 0	 	27 
121	LPL Summer 2018	53959500	League of Legends	 	6 	43 
122	Fortnite Summer Skirmish Series - Week 2 NA	53000000	Fortnite	0 	 	23 
123	LPL Summer 2016	52679900	League of Legends	 	6 	37 
124	LPL Summer 2017	52535350	League of Legends	 	6 	49 
125	IEM XII - World Championship (CS:GO)	52400000	Counter-Strike: Global Offensive	 	16 	80 
126	LPL Spring 2019	52010000	League of Legends	 	6 	39 
127	ESL Pro League S3 Finals	51313000	Counter-Strike: Global Offensive	 	9 	40 
128	CPL World Tour Finals 2005	51000000	Painkiller	 	0 	32 
129	Honor of Kings Champion Cup Winter 2018	51000000	Arena of Valor	 	8 	40 
130	LPL Spring 2017	50821050	League of Legends	 	6 	44 
131	BlizzCon 2015 (Heroes)	50000000	Heroes of the Storm	 	8 	40 
132	DreamHack Summer 2017 (Heroes)	50000000	Heroes of the Storm	 	12 	60 
133	EA Champions Cup Winter 2016	50000000	FIFA Online 3	 	13 	30 
134	ECS S7 - Finals	50000000	Counter-Strike: Global Offensive	 	8 	40 
135	EPICENTER 2016 - Dota 2 Finals	50000000	Dota 2	 	8 	40 
136	EPICENTER 2017 (CS:GO)	50000000	Counter-Strike: Global Offensive	 	10 	50 
137	EPICENTER 2017 (Dota 2)	50000000	Dota 2	 	10 	50 
138	Fortnite Summer Skirmish Series - Week 4 EU	50000000	Fortnite	 	0 	20 
139	Fortnite Summer Skirmish Series - Week 4 NA	50000000	Fortnite	 	0 	20 
140	Fortnite Summer Skirmish Series - Week 5 EU	50000000	Fortnite	 	20 	40 
141	Fortnite Summer Skirmish Series - Week 5 NA	50000000	Fortnite	 	20 	40 
142	Fortnite Winter Royale Series 2018 (EU)	50000000	Fortnite	0 	 	100 
143	Fortnite Winter Royale Series 2018 (NA)	50000000	Fortnite	0 	 	100 
144	Galaxy Battles II: Emerging Worlds	50000000	Dota 2	 	8 	40 
145	Heroes Spring Global Championship 2016	50000000	Heroes of the Storm	 	12 	60 
146	Madden Championship 2017	50000000	Madden NFL 2017	 	0 	32 
147	Overwatch League - Season 2 Stage 1	50000000	Overwatch	 	8 	76 
148	Overwatch League - Season 2 Stage 2	50000000	Overwatch	 	8 	77 
149	PUBG Asia Invitational 2019	50000000	PLAYERUNKNOWN’S BATTLEGROUNDS	 	16 	64 
150	RLCS Season 6 - Finals	50000000	Rocket League	 	10 	30 
151	Six Invitational 2018	50000000	Rainbow Six Siege	 	16 	80 
152	StarSeries & i-League CS:GO Season 7	50000000	Counter-Strike: Global Offensive	 	16 	80 
153	Turbo Racing League 1000000 Shell-Out (Final Race)	50000000	Turbo Racing League	 	0 	8 
154	WCS 2016 Global Finals	50000000	StarCraft II	 	 	16 
155	CrossFire Pro League 2017 Season 10	49691850	CrossFire	 	12 	45 
156	EPICENTER 2016 - CS:GO Finals	49000000	Counter-Strike: Global Offensive	 	8 	40 
157	Arena of Valor World Cup 2018	48250000	Arena of Valor	 	8 	45 
158	CGS 2007 (CS: Source)	47750000	Counter-Strike: Source	 	11 	55 
159	World Cyber Arena 2014 (Dota 2)	47241000	Dota 2	 	8 	40 
160	Fortnite Summer Skirmish Series - Week 3 NA	46500000	Fortnite	 	22 	44 
161	Fortnite Summer Skirmish Series - Week 3 EU	45850000	Fortnite	 	22 	44 
162	CGS 2008 (CS: Source)	45500000	Counter-Strike: Source	 	8 	40 
163	DreamHack Masters Las Vegas 2017	45000000	Counter-Strike: Global Offensive	 	16 	80 
164	Mid-Season Invitational 2016	45000000	League of Legends	 	4 	20 
165	AoV International Championship 2017	44000000	Arena of Valor	 	8 	47 
166	HGC 2017 - Phase #1 Pro EU	42500000	Heroes of the Storm	 	8 	40 
167	HGC 2017 - Phase #1 Pro KR	42500000	Heroes of the Storm	 	8 	40 
168	HGC 2017 - Phase #1 Pro NA	42500000	Heroes of the Storm	 	8 	40 
169	HGC 2017 - Phase #2 Pro EU	42500000	Heroes of the Storm	 	8 	40 
170	HGC 2017 - Phase #2 Pro KR	42500000	Heroes of the Storm	 	8 	40 
171	HGC 2017 - Phase #2 Pro NA	42500000	Heroes of the Storm	 	8 	40 
172	HGC 2018 - Phase #1 Pro EU	42500000	Heroes of the Storm	 	8 	40 
173	HGC 2018 - Phase #1 Pro KR	42500000	Heroes of the Storm	 	8 	40 
174	HGC 2018 - Phase #1 Pro NA	42500000	Heroes of the Storm	 	8 	40 
175	HGC 2018 - Phase #2 Pro EU	42500000	Heroes of the Storm	 	8 	40 
176	HGC 2018 - Phase #2 Pro KR	42500000	Heroes of the Storm	 	8 	40 
177	HGC 2018 - Phase #2 Pro NA	42500000	Heroes of the Storm	 	8 	40 
178	i-league Season 3 (Dota 2)	42025138	Dota 2	 	8 	40 
179	Hearthstone Global Games 2018	40560000	Hearthstone	 	48 	192 
180	PUBG Mobile Star Challenge 2018 - Grand Final	40200000	PLAYERUNKNOWN'S BATTLEGROUNDS Mobile	 	20 	80 
181	WESG 2016 (SC2)	40200000	StarCraft II	 0	 	8 
182	2017 Clash Royale Crown Championship World Finals	40000000	Clash Royale	 0	 	16 
183	CFS 2016	40000000	CrossFire	 	4 	20 
184	ESL Katowice Royale 2019 - International Edition - Duo	40000000	Fortnite	 	20 	40 
185	ESL One Genting 2018	40000000	Dota 2	 	16 	81 
186	FACEIT Global Summit: PUBG Classic	40000000	PLAYERUNKNOWN’S BATTLEGROUNDS	 	12 	48 
187	FIFA eWorld Cup 2018 - Grand Finals	40000000	FIFA 18	 	0 	16 
188	Fortnite Secret Skirmish Series 2019 (Solo)	40000000	Fortnite	 	0 	20 
189	Fortnite World Cup 2019 - Week 1 - Europe	40000000	Fortnite	 	0 	51 
190	Fortnite World Cup 2019 - Week 2 - Europe	40000000	Fortnite	 	31 	60 
191	Fortnite World Cup 2019 - Week 3 - Europe	40000000	Fortnite	 	0 	51 
192	Fortnite World Cup 2019 - Week 4 - Europe	40000000	Fortnite	 	31 	60 
193	Fortnite World Cup 2019 - Week 5 - Europe	40000000	Fortnite	 	0 	51 
194	Fortnite World Cup 2019 - Week 6 - Europe	40000000	Fortnite	 	31 	60 
195	Fortnite World Cup 2019 - Week 7 - Europe	40000000	Fortnite	 	0 	41 
196	Fortnite World Cup 2019 - Week 8 - Europe	40000000	Fortnite	 	32 	59 
197	FUT Championship 2017 - Finals 2017	40000000	FIFA 17	 	0 	32 
198	IEM XII - World Championship (SC2)	40000000	StarCraft II	 0	 	60 
199	Virgin Gaming FIFA Challenge 2013	40000000	FIFA 13	 	0 	512 
200	Virgin Gaming MADDEN Challenge 2013	40000000	Madden NFL 2013	 	0 	512 
201	WESG 2017 (SC2)	40000000	StarCraft II	 0	 	16 
202	IEM XIII - Katowice 2019 (SC2)	39940000	StarCraft II	0 	 	59 
203	LPL Summer 2015	39148180	League of Legends	 	12 	84 
204	Capcom Cup 2017	38000000	Street Fighter V	 0	 	32 
205	LPL Spring 2015	37878240	League of Legends	 	12 	84 
206	V4 Future Sports Festival (LoL)	37072200	League of Legends	 	4 	20 
207	Capcom Cup 2016	36000000	Street Fighter V	 0	 	8 
208	TwitchCon Europe Showdown 2019 - Finals	35070000	Apex Legends	 	20 	60 
209	PES 2017 World Finals	35000000	Pro Evolution Soccer 2017	 0	 	3 
210	Six Major Paris 2018	35000000	Rainbow Six Siege	 	16 	80 
211	Quake World Championship 2017: Duel Tournament	34000000	Quake Champions	 	0 	16 
212	Hearthstone Global Games 2017	33200000	Hearthstone	 	48 	192 
213	EA Champions Cup Summer 2017	32900000	FIFA Online 3	 	14 	43 
214	CWL 2019 Fort Worth	32500000	Call of Duty: Black Ops 4	 	8 	40 
215	CWL London 2019	32500000	Call of Duty: Black Ops 4	 	8 	40 
216	ESL One Frankfurt 2016	31374600	Dota 2	 	8 	40 
217	The Summit 2	31358900	Dota 2	 	8 	35 
218	World Cyber Arena 2015 (WoT)	30849440	World of Tanks	 	4 	14 
219	i-League Season 1	30820000	Dota 2	 	8 	40 
220	Demacia Cup 2016	30778020	League of Legends	 	4 	24 
221	SL i-League StarSeries Season 1 (Dota 2)	30228600	Dota 2	 	12 	60 
222	EA Champions Cup Summer 2016	30100000	FIFA Online 3	 	8 	0 
223	AMD SAPPHIRE Dota PIT League Season 6	30000000	Dota 2	 	8 	40 
224	Captains Draft 40	30000000	Dota 2	 	8 	40 
225	CS:GO Asia Championships 2018	30000000	Counter-Strike: Global Offensive	 	8 	40 
226	DOTA Summit 8	30000000	Dota 2	 	9 	45 
227	Dreamhack Atlanta 2018 (Halo)	30000000	Halo 5: Guardians	 	12 	48 
228	DreamLeague Season 10	30000000	Dota 2	 	8 	40 
229	DreamLeague Season 9	30000000	Dota 2	 	8 	40 
230	ESL One Birmingham 2019	30000000	Dota 2	 	12 	60 
231	ESL One Cologne 2018	30000000	Counter-Strike: Global Offensive	 	16 	80 
232	ESL One Hamburg 2018	30000000	Dota 2	 	12 	60 
233	ESL One Katowice 2019	30000000	Dota 2	 	12 	60 
234	ESL One Mumbai 2019	30000000	Dota 2	 	8 	40 
235	Fortnite Fall Skirmish Series - Week 1 EU	30000000	Fortnite	 	10 	20 
236	Fortnite Fall Skirmish Series - Week 1 NA	30000000	Fortnite	 	10 	20 
237	Fortnite Fall Skirmish Series - Week 3 EU	30000000	Fortnite	 	10 	20 
238	Fortnite Fall Skirmish Series - Week 3 NA	30000000	Fortnite	 	10 	20 
239	Fortnite World Cup 2019 - Week 1 - NA East	30000000	Fortnite	 	0 	41 
240	Fortnite World Cup 2019 - Week 2 - NA East	30000000	Fortnite	 	31 	56 
241	Fortnite World Cup 2019 - Week 3 - NA East	30000000	Fortnite	 	0 	41 
242	Fortnite World Cup 2019 - Week 4 - NA East	30000000	Fortnite	 	31 	60 
243	Fortnite World Cup 2019 - Week 5 - NA East	30000000	Fortnite	 	0 	41 
244	Fortnite World Cup 2019 - Week 6 - NA East	30000000	Fortnite	 	31 	60 
245	Fortnite World Cup 2019 - Week 7 - NA East	30000000	Fortnite	 	0 	41 
246	Fortnite World Cup 2019 - Week 8 - NA East	30000000	Fortnite	 	31 	60 
247	Gears Pro Circuit Boston 2019	30000000	Gears of War 4	 	12 	20 
248	Gears Pro Circuit Dallas Open	30000000	Gears of War 4	 	12 	60 
249	GESC: Indonesia Dota2 Minor	30000000	Dota 2	 	8 	40 
250	GESC: Thailand Dota2 Minor	30000000	Dota 2	 	8 	40 
251	Gold Club World Championship 2016	30000000	Heroes of the Storm	 	8 	40 
252	Gold Club World Championship 2017	30000000	Heroes of the Storm	 	8 	40 
253	Gold Club World Championship 2017 (Hearthstone)	30000000	Hearthstone	 	8 	24 
254	H1Z1: Fight for the Crown	30000000	H1Z1	 	5 	25 
255	Halo 4 Global Championship	30000000	Halo 4	 	0 	8 
256	IEM XI - Oakland (CS:GO)	30000000	Counter-Strike: Global Offensive	 	12 	60 
257	IEM XII - Oakland (CS:GO)	30000000	Counter-Strike: Global Offensive	 	12 	60 
258	MDL Macau 2017	30000000	Dota 2	 	9 	45 
259	MDL Macau 2019	30000000	Dota 2	 	8 	40 
260	MegaFon Winter Clash	30000000	Dota 2	 	6 	30 
261	MLG Columbus Open 2016	30000000	Gears of War 4	 	16 	65 
262	MLG Las Vegas Open 2017	30000000	Gears of War 4	 	12 	60 
263	OGA Dota PIT Minor 2019	30000000	Dota 2	 	8 	40 
264	Overwatch Open	30000000	Overwatch	 	16 	96 
265	Paladins World Championship 2019	30000000	Paladins	 	8 	41 
266	Perfect World Masters	30000000	Dota 2	 	10 	50 
267	PGL Open Bucharest	30000000	Dota 2	 	8 	40 
268	SL i-League StarSeries Season 2 (CS:GO)	30000000	Counter-Strike: Global Offensive	 	16 	80 
269	SL i-League StarSeries Season 2 (Dota 2)	30000000	Dota 2	 	8 	40 
270	StarLadder & i-League StarSeries Season 4 (CS:GO)	30000000	Counter-Strike: Global Offensive	 	16 	81 
271	StarLadder i-League Invitational #3	30000000	Dota 2	 	8 	40 
272	StarLadder i-League Invitational #4	30000000	Dota 2	 	8 	40 
273	StarLadder i-League StarSeries Season 3	30000000	Dota 2	 	8 	40 
274	StarLadder i-League StarSeries Season 3	30000000	Counter-Strike: Global Offensive	 	16 	80 
275	StarLadder ImbaTV Dota 2 Minor	30000000	Dota 2	 	8 	40 
276	StarLadder ImbaTV Invitational #5	30000000	Dota 2	 	8 	40 
277	StarSeries & i-League CS:GO Season 5	30000000	Counter-Strike: Global Offensive	 	16 	80 
278	StarSeries & i-League CS:GO Season 6	30000000	Counter-Strike: Global Offensive	 	16 	80 
279	The Bucharest Minor 2019	30000000	Dota 2	 	8 	40 
280	The Final Battle 2017	30000000	World of Tanks	 	8 	56 
281	WESG 2016 (Hearthstone)	30000000	Hearthstone	 	0 	8 
282	WESG 2017 (HS Male)	30000000	Hearthstone	 	 0	16 
283	WGL The Grand Finals 2014	30000000	World of Tanks	 	4 	21 
284	WGL The Grand Finals 2015	30000000	World of Tanks	 	8 	61 
285	WGL The Grand Finals 2016	30000000	World of Tanks	 	8 	32 
286	WGL The Grand Finals 2017	30000000	World of Tanks	 	8 	68 
287	ZOTAC Cup Masters 2018	30000000	Counter-Strike: Global Offensive	 	4 	20 
288	ESL One Frankfurt 2015	29620200	Dota 2	 	8 	40 
289	EPICENTER 2018 (CS:GO)	29500000	Counter-Strike: Global Offensive	 	8 	40 
290	Fortnite Summer Skirmish Series - Week 1	29000000	Fortnite	 	24 	48 
291	Pro League S9 Finals (R6S)	29000000	Rainbow Six Siege	 	8 	40 
292	PUBG China Pro Invitational 2018 - Season 2	28894000	PLAYERUNKNOWN’S BATTLEGROUNDS	 	8 	28 
293	Overwatch World Cup 2016 Global Finals	28800000	Overwatch	 	16 	96 
294	ESL One New York 2015	28658900	Dota 2	 	8 	40 
295	Australian Open 2019 (Fortnite)	28570681	Fortnite	 0	 	21 
296	Fortnite Fall Skirmish Series - Week 2 EU	28500000	Fortnite	 0	 	20 
297	Fortnite Fall Skirmish Series - Week 2 NA	28500000	Fortnite	 0	 	20 
298	MLG World Finals 2015 (Dota 2)	28495300	Dota 2	 	8 	40 
299	BlizzCon 2017 (WoW)	28000000	World of WarCraft	 	12 	48 
300	BlizzCon 2018 (WoW)	28000000	World of WarCraft	 	12 	48 
301	eChampions League Finals	28000000	FIFA 19	 	 	8 
302	Game Show GEC S1 (Dota 2)	28000000	Dota 2	 	6 	30 
303	MLG Dallas 2010 (Halo 3)	28000000	Halo 3	 	8 	32 
304	MLG Las Vegas 2007 (Halo 2 4v4)	28000000	Halo 2	 	8 	32 
305	MLG Las Vegas 2008 (Halo 3)	28000000	Halo 3	 	8 	32 
306	MLG Orlando 2009 (Halo 3)	28000000	Halo 3	 	8 	32 
307	MLG Providence 2011 (Halo: Reach)	28000000	Halo: Reach	 	8 	28 
308	MarsTV Dota 2 League Winter 2015	27735000	Dota 2	 	10 	50 
309	LCK Spring 2018	27553000	League of Legends	 	17 	66 
310	PUBG Champions League 2019 - Spring	27509928	PLAYERUNKNOWN’S BATTLEGROUNDS	 	20 	85 
311	Fortnite Fall Skirmish Series - Week 5 EU	27500000	Fortnite	 	11 	22 
312	Fortnite Fall Skirmish Series - Week 5 NA	27500000	Fortnite	 	10 	20 
313	Overwatch Pacific Championship 2017 - Season 2	27479600	Overwatch	 	8 	49 
314	XMG Captains Draft 20	27323800	Dota 2	 	8 	39 
315	Overwatch Pacific Championship 2017 - Season 1	27224000	Overwatch	 	8 	50 
316	The Summit 3	27168500	Dota 2	 	8 	40 
317	LCK Summer 2018	27081000	League of Legends	 	17 	76 
318	FIFA Interactive World Cup 2017	26800000	FIFA 17	 	 	16 
319	Overwatch Saudi Regional Tournament	26666667	Overwatch	 	3 	18 
320	LCK Summer 2016	26609000	League of Legends	 	17 	69 
321	Dota Pit League Season 3	26537800	Dota 2	 	6 	30 
322	Fortnite Fall Skirmish Series - Week 4 NA	26500000	Fortnite	 0	 	20 
323	LCK Spring 2019	26440850	League of Legends	 	17 	74 
324	LCK Spring 2017	26423445	League of Legends	 	17 	62 
325	OGN Champions Summer 2014	26387910	League of Legends	 	22 	81 
326	LCK Summer 2017	26123135	League of Legends	 	17 	65 
327	Fortnite Summer Skirmish Series - Week 6 EU (Day 1)	26000000	Fortnite	 	49 	97 
328	Fortnite Summer Skirmish Series - Week 6 NA (Day 1)	26000000	Fortnite	 	49 	94 
329	Fortnite Summer Skirmish Series - Week 6 NA (Day 2)	26000000	Fortnite	 	49 	90 
330	Fortnite Summer Skirmish Series - Week 7 EU (Day 1)	26000000	Fortnite	 	49 	98 
331	Fortnite Summer Skirmish Series - Week 7 EU (Day 2)	26000000	Fortnite	 	49 	98 
332	Fortnite Summer Skirmish Series - Week 7 NA (Day 1)	26000000	Fortnite	 	49 	84 
333	Fortnite Summer Skirmish Series - Week 7 NA (Day 2)	26000000	Fortnite	 	49 	90 
334	LCK Spring 2015	25941761	League of Legends	 	30 	52 
335	LCK Spring 2016	25901000	League of Legends	 	17 	61 
336	Madden Club Championship	25900000	Madden NFL 2018	 	0 	32 
337	DreamLeague Season 1	25699600	Dota 2	 	12 	59 
338	MarsTV Dota 2 League 2015 Spring	25411050	Dota 2	 	8 	40 
339	DreamHack Masters Dallas 2019	25400000	Counter-Strike: Global Offensive	 	16 	80 
340	Global Series Playoffs PS4	25100000	FIFA 18	 	0	64 
341	Global Series Playoffs XB1	25100000	FIFA 18	 	0 	64 
342	LCK Summer 2015	25014071	League of Legends	 	17 	76 
343	2017 HCT - Winter Championship	25000000	Hearthstone	 	0 	16 
344	2017 Hearthstone Spring Championship	25000000	Hearthstone	 	0 	16 
345	2017 Hearthstone Summer Championship	25000000	Hearthstone	 	0 	16 
346	BLAST Pro Series: Miami 2019	25000000	Counter-Strike: Global Offensive	 	6 	30 
347	BLAST Pro Series: Miami 2019	25000000	Counter-Strike: Global Offensive	 	6 	30 
348	BlizzCon 2014 (Hearthstone)	25000000	Hearthstone	 	 0	16 
349	BlizzCon 2014 (WoW)	25000000	World of WarCraft	 	8 	24 
350	BlizzCon 2015 (Hearthstone)	25000000	Hearthstone	 	 0	16 
351	BlizzCon 2015 (WoW)	25000000	World of WarCraft	 	8 	31 
352	BlizzCon 2016 (WoW)	25000000	World of WarCraft	 	8 	30 
353	Capcom Cup 2015	25000000	Ultra Street Fighter IV	 	0 	8 
354	Capcom Cup 2018	25000000	Street Fighter V: Arcade Edition	 	0 	32 
355	CWL Las Vegas Open 2018	25000000	Call of Duty: Black Ops 4	 	8 	40 
356	Doritos Bowl 2018	25000000	Call of Duty: Black Ops 4	 	4 	16 
357	DreamHack Cluj-Napoca 2015 (CS:GO)	25000000	Counter-Strike: Global Offensive	 	16 	80 
358	DreamHack Masters Malmö 2016	25000000	Counter-Strike: Global Offensive	 	16 	81 
359	DreamHack Masters Malmö 2017	25000000	Counter-Strike: Global Offensive	 	16 	80 
360	DreamHack Masters Marseille 2018	25000000	Counter-Strike: Global Offensive	 	16 	80 
361	DreamHack Masters Stockholm 2018	25000000	Counter-Strike: Global Offensive	 	16 	80 
362	DreamHack Summer 2017 (Heroes)	25000000	Heroes of the Storm	 	12 	60 
363	DreamHack Summer 2018 (Heroes)	25000000	Heroes of the Storm	 	12 	60 
364	DreamHack Winter 2013 (CS:GO)	25000000	Counter-Strike: Global Offensive	 	16 	80 
365	DreamHack Winter 2014 (CS:GO)	25000000	Counter-Strike: Global Offensive	 	16 	80 
366	ELEAGUE Clash for Cash: The Rematch	25000000	Counter-Strike: Global Offensive	 	2	10 
367	ELEAGUE Injustice 2 World Championship 2017	25000000	Injustice 2	 	0 	16 
368	ELEAGUE Street Fighter V Invitational	25000000	Street Fighter V	 	0 	24 
369	ELEAGUE Street Fighter V Invitational 2018	25000000	Street Fighter V: Arcade Edition	 0	 	24 
370	EMS One Katowice 2014 (CS:GO)	25000000	Counter-Strike: Global Offensive	 	16 	80 
371	ESL ESEA Pro League Dubai Invitational 2015	25000000	Counter-Strike: Global Offensive	 	8 	40 
372	ESL ESEA Pro League S1 Finals	25000000	Counter-Strike: Global Offensive	 	8 	40 
373	ESL ESEA Pro League S2 Finals	25000000	Counter-Strike: Global Offensive	 	8 	41 
374	ESL One Cologne 2015	25000000	Counter-Strike: Global Offensive	 	16 	80 
375	ESL One Cologne 2017	25000000	Counter-Strike: Global Offensive	 	16 	80 
376	ESL One Genting 2017	25000000	Dota 2	 	8 	40 
377	ESL One Katowice 2015	25000000	Counter-Strike: Global Offensive	 	16 	80 
378	ESL One Manila 2016	25000000	Dota 2	 	8 	40 
379	ESL One New York 2016	25000000	Counter-Strike: Global Offensive	 	8 	40 
380	ESL One New York 2017	25000000	Counter-Strike: Global Offensive	 	8 	40 
381	ESL One New York 2018	25000000	Counter-Strike: Global Offensive	 	8 	40 
382	ESL One: Cologne 2014	25000000	Counter-Strike: Global Offensive	 	16 	80 
383	FACEIT 2015 S3/DreamHack Winter 2015 (CS:GO)	25000000	Counter-Strike: Global Offensive	 	8 	40 
384	Fortnite Fall Skirmish Series - Week 4 EU	25000000	Fortnite	 0	 	20 
385	Gears New Orleans Open 2018	25000000	Gears of War 4	 	12 	60 
386	Gears Pro Circuit San Diego 2018	25000000	Gears of War 4	 	12 	24 
387	HCS New Orleans Open 2018	25000000	Halo 5: Guardians	 	12 	36 
388	HCT 2018/19 - Season 1	25000000	Hearthstone	 	 	16 
389	HCT 2018/19 - Season 2	25000000	Hearthstone	 	 	16 
390	HCT 2018/19 - Winter Championship	25000000	Hearthstone	 	0 	16 
391	IEM Season XIII - Shanghai	25000000	Counter-Strike: Global Offensive	 	8 	40 
392	IEM Season XIV - Sydney	25000000	Counter-Strike: Global Offensive	 	16 	81 
393	IEM X - World Championship (CS:GO)	25000000	Counter-Strike: Global Offensive	 	12 	60 
394	IEM XI - World Championship (CS:GO)	25000000	Counter-Strike: Global Offensive	 	12 	60 
395	IEM XI - World Championship (SC2)	25000000	StarCraft II	 	0 	44 
396	IEM XIII - Chicago	25000000	Counter-Strike: Global Offensive	 	16 	80 
397	IEM XIII - Sydney	25000000	Counter-Strike: Global Offensive	 	16 	80 
398	LoL SEA Tour Summer 2018	25000000	League of Legends	 	8 	43 
399	Madden Bowl Live Finals	25000000	Madden NFL 2017	 	 	16 
400	Mars Dota 2 League 2017	25000000	Dota 2	 	8 	40 
401	MarsTV Dota 2 League 2016 Autumn	25000000	Dota 2	 	8 	40 
402	MLG World Finals 2015 (CoD:AW)	25000000	Call of Duty: Advanced Warfare	 	8 	32 
403	NA CWL Stage 1 Playoffs	25000000	Call of Duty: Black Ops III	 	12 	48 
404	RLCS Season 5 - Finals	25000000	Rocket League	 	10 	30 
405	The Manila Masters	25000000	Dota 2	 	8 	40 
406	WCS 2012: Global Finals	25000000	StarCraft II	 	0 	32 
407	WCS 2013 Global Finals	25000000	StarCraft II	 	0 	16 
408	WCS 2014 Global Finals	25000000	StarCraft II	 	0 	16 
409	WCS 2015 Global Finals	25000000	StarCraft II	 	0 	16 
410	OGN Champions Spring 2014	24993061	League of Legends	 	22 	83 
411	World Cyber Arena 2015 (HotS)	24679552	Heroes of the Storm	 	4 	20 
412	OGN Champions Winter 2012-2013	24657531	League of Legends	 	18 	60 
413	SPL - Season 2 Super Regionals EU	24650000	SMITE	 	6 	30 
414	SPL - Season 2 Super Regionals NA	24650000	SMITE	 	6 	30 
415	Broadcaster Royale	24600000	PLAYERUNKNOWN’S BATTLEGROUNDS	 	76 	152 
416	WPC 2014	24554970	Dota 2	 	8 	40 
417	Riot EU LCS 2018 Spring	24482000	League of Legends	 	6 	33 
418	OGN Champions Winter 2013-2014	24435396	League of Legends	 	22 	90 
419	OGN Champions Summer 2013	24326512	League of Legends	 	22 	84 
420	ESG Tour Mykonos 2017	24074400	Counter-Strike: Global Offensive	 	8 	40 
421	Archon Team League Championships (Main Event)	24000000	Hearthstone	 	3 	9 
422	WESG 2018 (SC2)	24000000	StarCraft II	 	0 	8 
423	OGN Champions Spring 2013	23942541	League of Legends	 	18 	63 
424	Riot EU LCS 2017 Summer	23919100	League of Legends	 	6 	30 
425	EA Champions Cup Winter 2018	23900000	FIFA Online 4	 	12 	36 
426	CN vs EU Championship 2017	23886912	Hearthstone	 0	 	8 
427	LPL Summer 2013	23797410	League of Legends	 	8 	40 
428	EA Champions Cup Spring 2018	23711250	FIFA Online 3	 	14 	36 
429	LPL Spring 2013	23634111	League of Legends	 	8 	46 
430	GSA FIFA 18 Cup	23625000	FIFA 18	 	0 	4 
431	HON Pre Season of Professional League 2015	23618514	Heroes of Newerth	 	4 	20 
432	LPL Summer 2014	23586860	League of Legends	 	8 	40 
433	SLTV StarSeries Season X (Dota 2)	23560400	Dota 2	 	8 	40 
434	ROG Masters 2017 (CS:GO)	23500000	Counter-Strike: Global Offensive	 	6 	30 
435	ROG Masters 2017 (Dota 2)	23500000	Dota 2	 	6 	30 
436	APAC Premier 2017	23456316	Overwatch	 	12 	75 
437	Riot EU LCS 2018 Summer	23369400	League of Legends	 	6 	33 
438	LPL Spring 2014	23183905	League of Legends	 	8 	40 
439	World Cyber Arena 2015 (LoL)	23137080	League of Legends	 	3 	15 
440	WPC ACE Dota 2 League	23132848	Dota 2	 	3 	15 
441	CN vs EU Championship 2018	23123800	Hearthstone	 	0 	8 
442	BLAST Pro Series: Copenhagen 2017	23000000	Counter-Strike: Global Offensive	 	6 	30 
443	BLAST Pro Series: Copenhagen 2018	23000000	Counter-Strike: Global Offensive	 	6 	30 
444	BLAST Pro Series: Istanbul 2018	23000000	Counter-Strike: Global Offensive	 	6 	30 
445	BLAST Pro Series: Lisbon 2018	23000000	Counter-Strike: Global Offensive	 	6 	30 
446	BLAST Pro Series: São Paulo 2019	23000000	Counter-Strike: Global Offensive	 	6 	30 
447	H1Z1 Twitch Invitational 2017 Legends	23000000	H1Z1	 	0 	10 
448	China Top 2016 (Dota 2)	22991200	Dota 2	 	4 	20 
449	LEC 2019 Spring	22720000	League of Legends	 	6 	32 
450	Overwatch Contenders 2019 - Season 1: China	22500000	Overwatch	 	12 	53 
451	PUBG Europe League - Phase 1	22500000	PLAYERUNKNOWN’S BATTLEGROUNDS	 	8 	32 
452	Fortnite Summer Skirmish Series - Week 6 EU (Day 2)	22160000	Fortnite	 	49 	98 
453	Nanyang Dota 2 Championships Season 1	22018300	Dota 2	 	6 	30 
454	NA CWL Stage 2 Playoffs	21800000	Call of Duty: Black Ops III	 	8 	32 
455	Smite Launch Tournament	21790960	SMITE	 	8 	40 
456	WCS 2015 Season 1 Premier League	21700000	StarCraft II	 	0 	32 
457	WCS 2015 Season 2 Premier	21700000	StarCraft II	 	0 	32 
458	WCS 2015 Season 3 Premier	21700000	StarCraft II	 	0 	32 
459	Riot EU LCS 2017 Spring	21692100	League of Legends	 	6 	31 
460	Gold Series Heroes League 2018 - Season 2	21614400	Heroes of the Storm	 	8 	43 
461	CGS 2007 (DoA4)	21600000	Dead or Alive 4	 	12 	22 
462	World Cyber Arena 2015 (HS)	21594608	Hearthstone	 	0 	4 
463	RLCS Season 6 - EU	21425000	Rocket League	 	8 	24 
464	RLCS Season 6 - NA	21425000	Rocket League	 	8 	24 
465	RLCS Season 7 - EU	21425000	Rocket League	 	8 	24 
466	RLCS Season 7 - NA	21425000	Rocket League	 	8 	24 
467	ESL One Frankfurt 2014	21090000	Dota 2	 	8 	40 
468	Gold Series Heroes League 2018 - Season 1	21084986	Heroes of the Storm	 	8 	43 
469	OGN Overwatch APEX Season 3	20986662	Overwatch	 	18 	107 
470	WePlay Dota2 League Season 3	20744600	Dota 2	 	8 	40 
471	OGN Overwatch APEX Season 2	20718720	Overwatch	 	18 	103 
472	CGS 2008 (Forza Motorsport 2)	20700000	Forza Motorsport 2	 	9 	16 
473	OGN Overwatch APEX Season 4	20193120	Overwatch	 	16 	109 
474	Gold Series Heroes League 2018 - Season 3	20150640	Heroes of the Storm	 	8 	44 
475	Nanyang Dota 2 Championships Season 2	20126600	Dota 2	 	6 	30 
476	H1Z1 Twitch Invitational 2017 All-Stars	20100000	H1Z1	 0	 	10 
477	King's Cup II	20025000	Clash Royale	 	8 	24 
478	2017 Magic Online Championship	20000000	Magic: The Gathering Online	 	0 	24 
479	2018 CWL Anaheim Open	20000000	Call of Duty: World War II	 	8 	32 
480	2018 CWL Birmingham Open	20000000	Call of Duty: World War II	 	8 	32 
481	2018 CWL Seattle Open	20000000	Call of Duty: World War II	 	8 	32 
482	2018 Magic Online Championship	20000000	Magic: The Gathering Online	 	0 	24 
483	CFS Invitational China 2016	20000000	CrossFire	 	4 	20 
484	CPL Summer 2003 (Counter-Strike)	20000000	Counter-Strike	 	16 	80 
485	CPL World Tour Finals 2007 (World in Conflict)	20000000	World in Conflict	 	8 	20 
486	CWL 2017 - Anaheim Open	20000000	Call of Duty: Infinite Warfare	 	8 	32 
487	CWL 2017 Atlanta Open	20000000	Call of Duty: Infinite Warfare	 	8 	32 
488	CWL 2017 Dallas Open	20000000	Call of Duty: Infinite Warfare	 	8 	32 
489	CWL Atlanta Open 2018	20000000	Call of Duty: World War II	 	8 	32 
490	CWL Dallas Open 2018	20000000	Call of Duty: World War II	 	8 	32 
491	CWL New Orleans Open 2018	20000000	Call of Duty: World War II	 	8 	32 
492	Dota2 Professional League Season 1	20000000	Dota 2	 	22 	110 
493	DreamHack Atlanta 2017 (Halo 5)	20000000	Halo 5: Guardians	 	16 	57 
494	DreamHack Denver 2017 (Halo 5)	20000000	Halo 5: Guardians	 	16 	48 
495	DreamHack Winter 2017 (QC Sacrifice)	20000000	Quake Champions	 	8 	32 
496	ESL MKX Pro League Season 3 Finals	20000000	Mortal Kombat X	 	0 	8 
497	ESL One Belo Horizonte 2018	20000000	Counter-Strike: Global Offensive	 	8 	40 
498	EU CWL Stage 1 Playoffs	20000000	Call of Duty: Black Ops III	 	10 	43 
499	F1 Esports 2018	20000000	F1 2018	 	8 	21 
500	Fortnite World Cup 2019 - Week 9 - NA West	20000000	Fortnite	 0	 	31 