"","BsmtFinSF1","BsmtFinSF2","BsmtUnfSF","X1stFlrSF","X2ndFlrSF","GarageArea","WoodDeckSF","ScreenPorch","SalePrice","homeage","MSZoningisFV","MSZoningisRL","MSZoningisRM","NeighborhoodisNoRidge","NeighborhoodisNridgHt","NeighborhoodisStoneBr","Condition1isNorm","YearRemodAddis2008","YearRemodAddis2009","RoofMatlisCompShg","RoofMatlisRoll","RoofMatlisTar&Grv","BsmtQualisFa","BsmtQualisGd","BsmtQualisTA","BsmtExposureisGd","BedroomAbvGris5","FunctionalisTyp","Fireplacesis2","GarageTypeisAttchd","GarageTypeisDetchd","GarageYrBltis1934","GarageFinishisRFn","GarageFinishisUnf","GarageCarsis3","MoSoldis5"
"3",486,0,434,920,866,608,0,0,138027.716706603,9,0,1,0,0,0,0,1,0,0,1,0,0,0,1,0,0,0,1,0,1,0,0,1,0,0,0
"4",216,0,540,961,756,642,0,0,77133.2863187588,95,0,1,0,0,0,0,1,0,0,1,0,0,0,0,1,0,0,1,0,0,1,0,0,1,1,0
"6",732,0,64,796,566,480,40,0,96237.3225834674,17,0,1,0,0,0,0,1,0,0,1,0,0,0,1,0,0,0,1,0,1,0,0,0,1,0,0
"7",1369,0,317,1694,0,636,255,0,170325.615973991,6,0,1,0,0,0,0,1,0,0,1,0,0,0,0,0,0,0,1,0,1,0,0,1,0,0,0
"9",0,0,952,1022,752,468,90,0,77630.5645696255,79,0,0,1,0,0,0,0,0,0,1,0,0,0,0,1,0,0,0,1,0,1,0,0,1,0,0
"10",851,0,140,1077,0,205,0,0,68970.3544374825,71,0,1,0,0,0,0,0,0,0,1,0,0,0,0,1,0,0,1,1,1,0,0,1,0,0,0
"16",0,0,832,854,0,576,48,0,72927.7738797023,81,0,0,1,0,0,0,1,0,0,1,0,0,0,0,1,0,0,1,0,0,1,0,0,1,0,0
"20",504,0,525,1339,0,294,0,0,93801.6668353747,52,0,1,0,0,0,0,1,0,0,1,0,0,0,0,1,0,0,0,0,1,0,0,0,1,0,1
"22",0,0,637,1108,0,280,0,0,76784.1011743451,80,0,0,1,0,0,0,1,0,0,1,0,0,0,0,1,0,0,1,0,1,0,0,0,1,0,0
"25",188,668,204,1060,0,270,406,0,104742.66631299,42,0,1,0,0,0,0,1,0,0,1,0,0,0,0,1,0,0,1,0,1,0,0,0,1,0,1
"27",234,486,180,900,0,576,222,0,91683.8403830589,59,0,1,0,0,0,0,1,0,0,1,0,0,0,0,1,0,0,1,0,0,1,0,0,1,0,1
"28",1218,0,486,1704,0,772,0,0,208125.038258279,3,0,1,0,0,1,0,1,1,0,1,0,0,0,0,0,0,0,1,0,1,0,0,1,0,1,1
"29",1277,0,207,1600,0,319,288,0,113242.557371681,53,0,1,0,0,0,0,1,0,0,1,0,0,0,0,1,1,0,1,1,1,0,0,1,0,0,0
"30",0,0,520,520,0,240,49,0,41010.8424285603,83,0,0,1,0,0,0,0,0,0,1,0,0,0,0,1,0,0,1,0,0,1,0,0,1,0,1
"31",0,0,649,649,668,250,0,0,24136.2248530707,90,0,0,0,0,0,0,0,0,0,1,0,0,0,0,1,0,0,1,0,0,1,0,0,1,0,0
"32",0,0,1228,1228,0,271,0,0,89673.8477796191,44,0,1,0,0,0,0,1,0,0,1,0,0,0,0,1,0,0,1,0,1,0,0,0,1,0,0
"36",0,0,1117,1132,1320,691,113,0,167746.978925768,6,0,1,0,0,1,0,1,0,0,1,0,0,0,0,0,0,0,1,0,0,0,0,0,0,1,0
"37",0,0,1097,1097,0,672,392,0,96789.2664041119,16,0,1,0,0,0,0,1,0,0,1,0,0,0,1,0,0,0,1,0,1,0,0,0,1,0,0
"38",1213,0,84,1297,0,498,0,0,102967.205281612,56,0,1,0,0,0,0,1,0,0,1,0,0,0,0,1,0,0,1,0,1,0,0,0,0,0,0
"39",731,0,326,1057,0,246,0,0,75170.8585339614,57,0,1,0,0,0,0,1,0,0,1,0,0,0,0,1,0,0,1,0,0,1,0,0,1,0,0
"44",280,491,167,938,0,308,145,0,78593.5821778116,35,0,1,0,0,0,0,1,0,0,1,0,0,0,1,0,0,0,1,0,0,1,0,0,1,0,0
"52",0,0,816,816,0,528,112,0,62158.6701844674,76,0,0,1,0,0,0,1,0,0,1,0,0,0,0,1,0,0,1,0,0,1,0,0,1,0,0
"54",1810,0,32,1842,0,894,857,0,209652.738827143,29,0,1,0,0,0,0,1,0,0,0,0,0,0,0,0,1,0,1,0,1,0,0,0,0,1,0
"57",649,0,321,983,756,480,115,0,114487.097801848,11,1,0,0,0,0,0,1,0,0,1,0,0,0,1,0,0,0,1,0,1,0,0,0,0,0,0
"62",0,0,530,581,530,288,0,0,55433.5894621295,90,0,0,1,0,0,0,1,0,0,1,0,0,0,0,1,0,0,1,0,0,1,0,0,1,0,0
"64",0,0,576,902,808,480,12,0,96289.4184806905,89,0,0,1,0,0,0,0,0,0,1,0,0,0,0,1,0,0,1,0,0,1,0,0,1,0,0
"65",739,0,318,1057,977,645,576,0,148683.524239817,13,0,1,0,0,0,0,1,0,0,1,0,0,0,1,0,0,0,1,0,1,0,0,1,0,0,0
"66",0,0,1143,1143,1330,852,192,0,178550.306689722,6,0,1,0,0,1,0,1,0,0,1,0,0,0,0,0,0,0,1,0,0,0,0,1,0,1,0
"67",912,0,1035,2207,0,576,301,0,121996.678979294,40,0,1,0,0,0,0,0,0,0,1,0,0,0,1,0,1,0,0,0,1,0,0,1,0,0,0
"69",0,0,747,747,0,220,0,0,54167.5130340578,65,0,0,1,0,0,0,0,0,0,1,0,0,0,0,1,0,0,1,0,1,0,0,0,1,0,0
"72",565,0,280,845,0,360,0,0,71330.9978628242,28,0,1,0,0,0,0,1,0,0,1,0,0,0,0,1,0,0,1,0,0,1,0,0,1,0,0
"74",320,362,404,1086,0,490,0,0,98553.3269399498,56,0,1,0,0,0,0,1,0,0,1,0,0,0,0,1,0,0,1,0,1,0,0,0,1,0,1
"75",0,0,840,840,765,379,0,0,73047.8075455529,95,0,0,1,0,0,0,1,0,0,1,0,0,1,0,0,0,0,1,0,0,1,0,0,1,0,1
"78",336,41,295,1072,213,240,0,0,74230.8051996633,62,0,0,1,0,0,0,1,0,0,1,0,0,0,0,1,0,0,0,0,0,1,0,0,1,0,0
"80",0,0,440,682,548,440,74,0,74231.5349056922,100,0,0,1,0,0,0,1,0,0,1,0,0,0,0,1,0,0,1,0,0,1,0,0,1,0,1
"85",0,0,384,804,670,400,120,0,113709.21483281,15,0,1,0,0,0,0,1,0,0,1,0,0,0,1,0,0,0,1,0,0,0,0,0,0,0,1
"86",0,0,1288,1301,1116,462,127,0,141574.41641392,19,0,1,0,1,0,0,1,0,0,1,0,0,0,1,0,0,0,1,0,1,0,0,0,1,0,0
"89",0,0,1013,1013,0,0,0,0,57204.0029342289,95,0,0,0,0,0,0,0,0,0,1,0,0,0,0,1,0,0,1,0,0,0,0,0,0,0,0
"90",588,0,402,990,0,0,0,0,68574.0916429487,16,0,1,0,0,0,0,1,0,0,1,0,0,0,1,0,0,0,1,0,0,0,0,0,0,0,0
"93",713,0,163,964,0,432,0,0,108513.857916534,89,0,1,0,0,0,0,1,0,0,1,0,0,0,1,0,0,0,1,0,0,1,0,0,1,0,0
"94",1046,0,168,1260,1031,506,0,99,76438.284220261,100,0,0,0,0,0,0,1,0,0,1,0,0,0,0,1,0,0,1,0,0,1,0,0,1,0,0
"99",108,0,350,835,0,366,0,0,56452.2162595986,90,0,1,0,0,0,0,1,0,0,1,0,0,0,0,1,0,0,1,0,0,0,0,0,1,0,1
"101",1200,0,410,1610,0,480,168,0,143299.523965972,33,0,1,0,0,0,0,1,0,0,1,0,0,0,0,1,0,0,1,1,1,0,0,1,0,0,0
"105",224,0,816,1226,592,240,0,184,93363.7385154339,79,0,0,1,0,0,0,1,0,0,1,0,0,0,0,1,0,0,1,1,0,1,0,0,1,0,0
"106",0,0,1053,1053,939,648,140,0,152169.017170752,7,1,0,0,0,0,0,1,0,0,1,0,0,0,0,0,0,0,1,0,1,0,0,1,0,0,0
"107",0,0,641,1047,0,273,0,0,55480.6566690523,125,0,0,1,0,0,0,1,0,0,1,0,0,1,0,0,0,0,1,0,0,1,0,0,1,0,0
"109",0,0,793,997,520,0,0,0,63802.7551694102,91,0,0,1,0,0,0,0,0,0,1,0,0,0,0,1,0,0,1,0,0,0,0,0,0,0,0
"111",444,0,550,1216,639,325,182,0,74377.5161495374,56,0,1,0,0,0,0,1,0,0,1,0,0,0,0,1,0,0,1,0,1,0,0,0,1,0,0
"115",774,150,104,1436,884,180,224,0,143369.373649869,65,0,1,0,0,0,0,1,0,0,1,0,0,0,0,1,0,0,1,0,0,1,0,0,1,0,0
"122",0,0,732,772,351,264,0,0,55081.8516315244,71,0,0,1,0,0,0,1,0,0,1,0,0,0,0,1,0,0,1,0,0,1,0,0,1,0,0
"125",0,0,1362,1586,0,435,192,0,121173.170519438,31,0,1,0,0,0,0,1,0,0,1,0,0,0,1,0,0,0,1,0,1,0,0,0,1,0,0
"126",490,0,30,520,0,0,53,0,45786.8014803496,75,0,0,1,0,0,0,1,0,0,1,0,0,0,0,1,0,0,1,0,0,0,0,0,0,0,0
"128",116,0,556,840,0,0,0,0,47921.2109194263,80,0,0,1,0,0,0,0,0,0,1,0,0,0,0,1,0,0,1,0,0,0,0,0,0,0,0
"130",567,28,413,1053,0,750,0,0,81250.169271186,52,0,1,0,0,0,0,1,0,0,1,0,0,0,0,1,0,0,1,0,0,0,0,1,0,0,0
"133",405,0,658,1327,0,624,0,0,83286.8326694328,51,0,1,0,0,0,0,1,0,0,1,0,0,0,0,1,0,0,1,0,0,1,0,0,1,0,0
"134",1005,0,262,1296,0,471,192,0,146852.680061411,9,0,1,0,0,0,0,1,0,0,1,0,0,0,0,0,0,0,1,0,1,0,0,0,0,0,0
"135",570,0,891,1721,0,440,0,0,97500.2031254232,42,0,1,0,0,0,0,1,0,0,1,0,0,0,0,1,0,0,0,0,1,0,0,1,0,0,0
"139",668,0,336,1004,848,660,224,0,150766.28603642,11,0,1,0,0,0,0,1,0,0,1,0,0,0,1,0,0,0,1,1,1,0,0,0,0,1,0
"146",0,0,970,970,739,380,0,0,70787.20820696,6,0,0,1,0,0,0,1,0,0,1,0,0,0,1,0,0,0,0,0,0,1,0,0,1,0,0
"147",209,0,506,875,0,180,48,0,70970.4019628385,79,0,0,1,0,0,0,1,0,0,1,0,0,0,0,1,0,0,1,0,0,1,0,0,1,0,0
"149",680,0,400,1080,0,0,0,0,84264.1232049052,6,0,1,0,0,0,0,1,0,0,1,0,0,0,1,0,0,0,1,0,0,0,0,0,0,0,0
"150",0,0,896,896,448,240,200,0,62619.4534138492,74,0,0,1,0,0,0,1,0,0,1,0,0,0,1,0,0,0,1,0,0,1,0,0,1,0,0
"154",429,1080,93,1252,0,564,409,0,139953.428263446,50,0,1,0,0,0,0,1,0,0,1,0,0,0,1,0,1,0,1,0,1,0,0,1,0,0,0
"156",0,0,572,572,524,0,0,0,47211.8137105497,86,0,1,0,0,0,0,0,0,0,1,0,0,0,0,1,0,0,1,0,0,0,0,0,0,0,0
"159",222,0,769,991,956,678,0,0,173369.517163514,6,1,0,0,0,0,0,1,0,0,1,0,0,0,1,0,0,0,1,0,1,0,0,1,0,0,1
"162",1016,0,556,1572,1096,726,400,0,245662.932590091,7,0,1,0,0,1,0,1,0,0,1,0,0,0,0,0,0,0,1,1,0,0,0,0,0,1,0
"165",370,0,779,1149,467,216,0,0,85614.0271824536,84,0,0,1,0,0,0,1,0,0,1,0,0,0,0,1,0,0,1,0,0,1,0,0,1,0,0
"166",351,181,112,808,547,0,140,0,78740.6437588004,70,0,1,0,0,0,0,1,0,0,1,0,0,0,0,1,0,0,1,0,0,0,0,0,0,0,0
"167",379,768,470,1867,0,303,476,142,128422.632123232,55,0,1,0,0,0,0,1,0,0,1,0,0,0,0,1,0,0,1,0,1,0,0,0,0,0,0
"171",360,0,360,854,0,660,237,0,70646.3175950564,69,0,0,1,0,0,0,0,0,0,1,0,0,0,0,1,0,0,1,0,0,1,0,0,1,0,1
"176",477,0,725,2158,0,576,0,0,133848.899464604,60,0,1,0,0,0,0,1,0,0,1,0,0,0,0,1,0,0,1,0,1,0,0,0,1,0,0
"177",831,0,320,1164,896,521,0,192,117790.890465637,22,0,1,0,0,0,0,1,0,0,1,0,0,0,1,0,0,0,1,0,1,0,0,0,1,0,0
"180",0,0,968,968,0,480,0,0,55248.313545229,87,0,0,1,0,0,0,1,0,0,1,0,0,0,0,1,0,0,1,0,0,1,0,0,1,0,0
"182",352,0,441,901,901,216,0,0,108387.725807762,90,0,1,0,0,0,0,1,0,0,1,0,0,1,0,0,0,0,1,0,0,1,0,0,1,0,0
"183",0,0,0,1340,0,252,116,0,66098.2219578293,53,0,1,0,0,0,0,0,0,0,1,0,0,0,0,0,0,0,1,0,1,0,0,1,0,0,0
"185",0,0,504,936,316,576,104,0,68815.6661302296,102,0,1,0,0,0,0,0,0,0,1,0,0,1,0,0,0,0,1,0,1,0,0,0,1,0,0
"186",0,0,1107,1518,1518,840,0,410,257381.428439835,118,0,0,1,0,0,0,0,0,0,0,0,0,0,0,1,0,0,1,1,0,1,0,0,1,1,0
"187",611,0,577,1217,0,497,168,0,115479.607502837,20,0,1,0,0,0,0,1,0,0,1,0,0,0,1,0,0,0,1,0,1,0,0,0,1,0,0
"188",0,0,660,808,704,180,0,0,89598.5982797069,94,0,1,0,0,0,0,1,0,0,1,0,0,1,0,0,0,0,0,0,0,1,0,0,1,0,0
"190",1153,0,440,1593,0,682,0,224,174081.35564334,9,0,1,0,0,0,1,1,0,0,1,0,0,0,0,0,0,0,1,0,1,0,0,0,0,0,0
"191",297,0,556,1549,1178,440,0,0,181714.345049582,78,0,1,0,0,0,0,1,0,0,1,0,0,0,1,0,0,0,0,1,0,1,0,0,1,0,0
"192",626,0,99,725,754,484,0,0,101350.607002005,38,0,1,0,0,0,0,1,0,0,1,0,0,0,0,1,0,0,1,0,1,0,0,0,0,0,0
"198",1036,184,140,1360,1360,795,0,0,128589.5639993,92,0,1,0,0,0,0,0,0,0,1,0,0,0,0,1,0,0,1,0,0,1,0,0,1,0,0
"199",0,0,755,929,929,0,0,0,68985.6456791106,98,0,0,1,0,0,0,1,0,0,1,0,0,0,0,1,0,1,1,0,0,0,0,0,0,0,0
"200",1088,0,625,1713,0,856,0,170,184035.936882837,6,0,1,0,0,1,0,1,0,0,1,0,0,0,0,0,0,0,1,0,1,0,0,0,0,1,0
"201",0,0,1121,1121,0,440,132,0,97495.751970807,7,0,0,1,0,0,0,1,0,0,1,0,0,0,1,0,0,0,1,0,1,0,0,1,0,0,0
"203",617,0,0,865,445,398,0,0,60743.7859649313,86,0,1,0,0,0,0,0,0,0,1,0,0,1,0,0,0,0,0,0,1,0,0,0,1,0,1
"205",312,0,408,720,564,240,0,0,74851.8274052954,63,0,0,1,0,0,0,1,0,0,1,0,0,0,0,1,0,0,1,0,0,1,0,0,1,0,0
"209",1065,0,92,1180,882,454,60,154,152082.486905533,22,0,1,0,0,0,0,1,0,0,1,0,0,0,1,0,1,0,1,0,1,0,0,0,0,0,0
"211",468,0,396,864,0,0,0,0,58566.5537168845,85,0,1,0,0,0,0,1,0,0,1,0,0,0,0,1,0,0,1,0,0,0,0,0,0,0,0
"216",360,0,710,1236,0,447,0,0,72919.6609195091,53,0,1,0,0,0,0,1,0,0,1,0,0,0,0,1,0,0,0,0,1,0,0,0,1,0,1
"219",341,0,457,1137,817,431,0,0,186494.560824767,71,0,1,0,0,0,0,1,0,0,1,0,0,0,0,1,0,0,1,1,1,0,0,0,1,0,1
"230",16,0,1357,1555,0,430,143,0,129905.186084961,5,0,1,0,0,0,0,1,0,0,1,0,0,0,1,0,0,0,1,0,1,0,0,0,0,0,1
"232",689,0,773,1490,1304,810,0,0,267319.377006554,15,0,1,0,1,0,0,1,0,0,1,0,0,0,1,0,0,0,1,0,1,0,0,0,0,1,0
"238",402,0,594,1014,730,457,370,0,135959.792250641,17,0,1,0,0,0,0,0,0,0,1,0,0,0,1,0,0,0,1,0,1,0,0,1,0,0,0
"240",94,0,641,798,689,220,0,0,77719.3163451288,65,0,1,0,0,0,0,1,0,0,1,0,0,0,0,1,0,0,1,0,0,1,0,0,1,0,0
"242",329,0,357,866,0,0,58,0,61306.1256193028,65,0,0,1,0,0,0,1,0,0,1,0,0,0,0,1,0,0,1,0,0,0,0,0,0,0,0
"243",0,0,540,889,551,352,0,0,43016.8419103834,110,0,0,1,0,0,0,1,0,0,1,0,0,0,0,1,0,0,1,0,1,0,0,0,1,0,0
"245",695,0,253,1222,888,463,0,0,139430.17268937,16,0,1,0,0,0,0,1,0,0,1,0,0,0,1,0,0,0,1,1,1,0,0,1,0,0,1
"247",0,0,1020,908,1020,440,0,0,74598.8271104117,100,0,0,1,0,0,0,1,0,0,1,0,0,1,0,0,0,0,1,0,0,1,0,0,1,0,0
"250",697,0,747,1444,700,389,0,0,152576.729019323,52,0,1,0,0,0,0,1,0,0,1,0,0,0,1,0,1,0,1,1,1,0,0,0,0,0,0
"251",0,0,728,1306,0,0,263,0,52031.2595645698,70,0,1,0,0,0,0,1,0,0,1,0,0,0,0,1,0,0,0,0,0,0,0,0,0,0,1
"254",270,580,452,1302,0,309,333,0,88993.5282554452,46,0,1,0,0,0,0,1,0,0,1,0,0,0,1,0,1,0,0,0,1,0,0,1,0,0,0
"263",506,0,0,1212,0,492,292,0,81791.8370663272,33,0,1,0,0,0,0,1,0,0,1,0,0,0,1,0,0,0,1,0,1,0,0,0,1,0,0
"264",234,692,0,926,0,484,0,0,89411.6028749269,81,0,0,1,0,0,0,1,0,0,1,0,0,0,0,1,0,0,1,0,0,1,0,0,1,0,0
"265",0,0,680,764,0,504,0,0,43831.2078199678,85,0,0,1,0,0,0,0,0,0,1,0,0,1,0,0,0,0,1,0,0,1,0,0,1,0,0
"268",378,0,342,1052,720,240,262,0,108311.309028155,71,0,1,0,0,0,0,1,0,0,1,0,0,0,0,1,0,0,1,0,0,1,0,0,1,0,0
"269",403,125,212,778,0,924,0,0,71217.0731851467,70,0,0,1,0,0,0,1,0,0,1,0,0,0,0,1,0,0,1,0,0,1,0,0,0,0,0
"272",226,1063,96,1363,0,439,81,0,144324.721659465,56,0,1,0,0,0,0,1,0,0,0,0,0,0,1,0,1,0,0,1,1,0,0,0,1,0,0
"273",524,0,628,1164,1106,671,132,0,199456.652567145,11,0,1,0,1,0,0,1,0,0,1,0,0,0,1,0,0,0,1,0,1,0,0,0,0,1,0
"274",620,620,0,1632,0,338,289,0,94585.4909939642,52,0,1,0,0,0,0,0,0,0,1,0,0,0,0,1,0,0,0,0,1,0,0,1,0,0,0
"276",0,0,952,952,596,672,74,144,137962.595311964,85,0,1,0,0,0,0,1,0,0,1,0,0,0,0,1,0,0,1,0,0,1,0,0,1,0,0
"283",904,0,410,1314,0,626,172,0,141197.765332716,3,0,1,0,0,1,0,1,1,0,1,0,0,0,1,0,0,0,1,0,1,0,0,1,0,0,0
"287",600,0,312,1085,649,440,0,128,86155.0465724922,48,0,1,0,0,0,0,1,0,0,1,0,0,0,0,1,0,0,1,0,1,0,0,1,0,0,0
"290",0,0,698,698,698,384,0,259,84847.5975270855,95,0,1,0,0,0,0,0,0,0,1,0,0,0,0,1,0,0,1,0,0,1,0,0,1,0,0
"292",210,0,570,936,780,0,0,0,80934.7697914992,98,0,1,0,0,0,0,1,0,0,1,0,0,0,0,1,0,0,1,0,0,0,0,0,0,0,0
"293",292,0,476,1148,568,281,0,160,87699.9189947313,61,0,1,0,0,0,0,1,1,0,1,0,0,0,0,1,0,0,0,0,1,0,0,0,1,0,0
"294",795,0,0,1468,795,539,0,0,128589.5639993,33,0,1,0,0,0,0,0,0,0,1,0,0,0,0,1,0,0,1,0,1,0,0,0,0,0,0
"298",649,0,326,975,975,576,0,198,131645.625399343,13,1,0,0,0,0,0,1,0,0,1,0,0,0,1,0,0,0,1,0,0,1,0,1,0,0,0
"302",281,0,747,1210,1242,683,208,0,146790.403096343,12,0,1,0,0,0,0,1,0,0,1,0,0,0,1,0,0,0,1,0,0,0,0,0,0,0,1
"303",0,0,1541,1541,0,843,468,0,113364.264265925,9,0,1,0,0,0,0,1,0,0,1,0,0,0,1,0,0,0,1,0,1,0,0,1,0,1,0
"305",0,0,1470,1675,1818,870,302,0,176616.036736136,130,0,0,1,0,0,0,1,0,0,1,0,0,0,0,1,0,0,1,0,1,0,0,0,1,1,1
"306",1464,0,536,2000,0,888,168,0,169004.591134856,6,0,1,0,0,0,0,1,0,0,1,0,0,0,1,0,0,0,1,0,1,0,0,0,0,1,0
"307",700,0,0,1122,1121,746,127,0,123934.16617093,20,0,1,0,0,0,0,0,0,0,1,0,0,0,1,0,0,0,1,0,1,0,0,1,0,1,0
"308",0,0,319,1035,371,0,0,0,53301.4120407592,90,0,0,1,0,0,0,0,0,0,1,0,0,0,0,1,0,0,1,0,0,0,0,0,0,0,0
"309",262,0,599,861,0,539,158,0,56303.616398343,70,0,1,0,0,0,0,1,0,0,1,0,0,0,0,1,0,0,1,0,0,1,0,0,1,0,0
"310",1274,0,622,1944,0,708,208,0,196038.924617588,7,0,1,0,0,1,0,1,0,0,1,0,0,0,0,0,1,0,1,0,1,0,0,0,0,1,0
"311",518,0,179,697,804,420,190,0,89814.0263910056,17,0,1,0,0,0,0,1,0,0,1,0,0,0,1,0,0,0,1,0,1,0,0,0,0,0,1
"312",680,0,292,972,0,240,0,0,89077.8418868307,62,0,1,0,0,0,0,1,0,0,1,0,0,0,0,1,0,0,1,0,0,1,0,0,1,0,1
"313",507,0,286,793,325,410,0,271,65028.3922963863,71,0,0,1,0,0,0,0,0,0,1,0,0,0,1,0,0,0,1,0,0,1,0,0,1,0,1
"315",16,0,712,832,809,546,0,0,96522.479434747,85,0,0,1,0,0,0,1,0,0,1,0,0,0,0,1,0,0,1,0,0,1,0,0,1,0,0
"316",425,0,291,716,716,432,100,0,125036.482793388,6,0,1,0,0,0,0,1,0,0,1,0,0,0,1,0,0,0,1,0,1,0,0,0,0,0,0
"323",28,1474,0,1553,1177,576,201,0,166996.776573848,24,0,1,0,0,0,0,1,0,0,1,0,0,0,0,1,1,0,1,0,1,0,0,0,0,0,0
"324",256,0,906,1163,0,220,142,0,68344.9340519459,55,0,0,1,0,0,0,1,0,0,1,0,0,0,0,1,0,0,1,0,1,0,0,0,1,0,0
"325",0,0,710,1898,1080,564,240,0,163856.726928025,43,0,1,0,0,0,0,0,0,0,0,0,0,0,1,0,0,1,1,0,0,0,0,0,0,0,0
"326",116,0,604,803,0,360,0,0,50187.7714898846,69,0,0,1,0,0,0,0,0,0,1,0,0,0,0,1,0,0,1,0,0,1,0,0,1,0,0
"329",0,0,844,1445,689,441,0,0,142282.894213166,94,0,1,0,0,0,0,0,0,0,1,0,0,0,0,1,0,1,1,0,0,1,0,0,1,0,0
"330",0,0,596,596,596,189,0,0,51739.234259333,90,0,0,1,0,0,0,1,0,0,1,0,0,0,0,1,0,0,1,0,0,1,0,0,1,0,0
"332",846,0,210,1056,0,308,0,0,77118.1127699827,52,0,1,0,0,0,0,1,0,0,1,0,0,0,0,1,0,0,1,0,1,0,0,1,0,0,0
"333",1124,479,1603,1629,0,880,0,0,191128.668627306,7,0,1,0,0,1,0,1,0,0,1,0,0,0,1,0,0,0,1,0,1,0,0,1,0,1,0
"337",1249,0,673,1922,0,676,178,0,208521.499881216,5,0,1,0,0,0,1,1,0,0,1,0,0,0,0,0,1,0,1,0,1,0,0,0,0,1,0
"338",810,0,726,1536,0,532,192,0,140278.196573017,8,0,1,0,0,0,0,1,0,0,1,0,0,0,1,0,0,0,1,0,1,0,0,1,0,0,0
"339",213,0,995,1621,0,440,108,0,109826.934445523,26,0,1,0,0,0,0,1,0,0,1,0,0,0,1,0,0,0,1,0,1,0,0,1,0,0,1
"340",585,0,630,1215,0,297,0,234,103464.388225085,52,0,1,0,0,0,0,0,0,0,1,0,0,0,0,1,0,0,1,0,1,0,0,0,1,0,0
"343",0,0,0,1040,0,400,0,0,47456.0827851026,61,0,1,0,0,0,0,1,0,0,1,0,0,0,0,0,0,0,1,0,0,1,0,0,1,0,1
"346",0,0,972,972,605,312,0,0,76170.4000304247,71,0,1,0,0,0,0,0,0,0,1,0,0,0,0,1,0,0,1,0,0,1,0,0,1,0,0
"347",498,0,460,958,0,301,0,0,83178.6886866003,50,0,1,0,0,0,0,1,0,0,1,0,0,0,0,1,0,0,1,0,1,0,0,1,0,0,0
"349",573,0,191,764,862,474,0,0,96751.2926349649,7,0,1,0,0,1,0,1,0,0,1,0,0,0,1,0,0,0,1,0,0,0,0,1,0,0,0
"353",236,380,0,616,495,200,48,0,56576.9178086271,69,0,1,0,0,0,0,0,0,0,1,0,0,0,0,1,0,0,1,0,0,1,0,0,1,0,0
"354",0,0,624,720,0,484,106,0,72027.586769777,82,0,0,1,0,0,0,1,0,0,1,0,0,0,0,1,0,0,1,0,0,1,0,0,1,0,1
"355",388,0,552,1192,403,240,0,0,75859.7894348988,70,0,1,0,0,0,0,1,0,0,1,0,0,0,0,1,0,0,1,1,1,0,0,0,1,0,0
"362",399,0,484,988,517,240,0,0,87493.8150923814,70,0,1,0,0,0,0,1,0,0,1,0,0,0,0,1,0,0,1,0,0,1,0,0,1,0,0
"364",162,0,321,483,504,264,250,0,79630.1919897426,38,0,0,1,0,0,0,1,0,0,1,0,0,0,0,1,0,0,1,0,0,1,0,0,1,0,1
"366",456,0,216,672,672,468,0,0,97508.5568733583,90,0,0,1,0,0,0,1,0,0,1,0,0,0,0,1,0,0,1,0,0,1,0,0,1,0,0
"370",72,258,733,1287,0,576,364,182,112816.512994791,51,0,1,0,0,0,0,1,0,0,1,0,0,0,0,1,0,0,1,0,0,1,0,0,0,0,0
"375",0,0,847,847,1081,434,100,0,121270.048231778,7,0,1,0,0,0,0,1,0,0,1,0,0,0,1,0,0,0,1,0,0,0,0,0,0,0,0
"376",350,0,333,904,0,0,0,0,41630.552730896,88,0,1,0,0,0,0,1,0,0,1,0,0,1,0,0,1,0,0,0,0,0,0,0,0,0,0
"378",0,0,1580,1580,886,610,159,0,196136.118466216,6,1,0,0,0,0,0,1,0,0,1,0,0,0,1,0,0,0,1,0,1,0,0,1,0,0,0
"381",218,0,808,1026,665,308,0,0,86378.6923490243,86,0,1,0,0,0,0,1,0,0,1,0,0,0,0,1,0,0,1,0,0,1,0,0,1,0,1
"384",0,0,784,784,0,360,0,0,51147.1085058987,82,0,0,0,0,0,0,1,0,0,1,0,0,1,0,0,0,0,1,0,0,1,0,0,1,0,0
"386",24,0,1232,1269,0,430,146,144,132054.059630661,6,0,1,0,0,0,0,1,0,0,1,0,0,0,1,0,0,0,1,0,1,0,0,0,0,0,0
"387",0,0,658,658,526,0,0,0,43930.7737782093,100,0,1,0,0,0,0,0,0,0,1,0,0,0,0,1,0,1,1,0,0,0,0,0,0,0,1
"389",0,0,1468,1479,0,577,120,0,115250.473673413,11,0,1,0,0,0,0,1,0,0,1,0,0,0,1,0,0,0,1,0,1,0,0,1,0,0,0
"391",241,391,229,961,406,384,0,0,71116.5295133597,110,0,1,0,0,0,0,1,0,0,1,0,0,0,0,1,0,0,1,0,0,1,0,0,1,0,0
"392",690,0,114,804,1157,560,125,0,143515.119150924,9,0,1,0,0,0,0,1,0,0,1,0,0,0,0,0,0,0,1,0,0,0,0,0,0,0,0
"394",266,0,522,788,0,0,0,0,54451.6986207385,69,0,1,0,0,0,0,0,0,0,1,0,0,0,0,1,0,0,1,1,0,0,0,0,0,0,0
"395",0,0,735,735,299,240,0,0,60220.6617642996,70,0,1,0,0,0,0,1,0,0,1,0,0,0,0,1,0,0,1,0,0,1,0,0,1,0,0
"399",0,0,961,1077,0,338,0,0,38247.6851587564,90,0,0,1,0,0,0,1,0,0,1,0,0,1,0,0,0,0,0,0,0,1,0,0,1,0,0
"400",812,0,280,1112,438,438,0,0,162190.173025284,4,1,0,0,0,0,0,1,0,0,1,0,0,0,1,0,0,0,1,0,1,0,0,0,0,0,0
"403",0,0,672,672,0,240,168,0,65737.0154177648,70,0,1,0,0,0,0,1,0,0,1,0,0,0,0,1,0,0,1,0,0,1,0,0,1,0,0
"405",0,0,806,806,766,373,0,0,92362.5008246652,15,0,1,0,0,0,0,1,0,0,1,0,0,0,1,0,0,0,1,0,0,0,0,0,0,0,1
"406",1116,0,165,1620,0,490,120,0,100126.827314598,34,0,1,0,0,0,0,0,0,0,1,0,0,0,0,1,0,0,0,0,1,0,0,0,1,0,0
"407",0,0,1064,1166,0,240,0,0,68487.8478736012,74,0,1,0,0,0,0,1,0,0,1,0,0,0,0,1,0,0,0,0,0,1,0,0,1,0,0
"408",0,0,840,840,840,308,0,0,105411.731075021,95,0,1,0,0,0,0,1,0,0,1,0,0,0,1,0,0,0,1,0,1,0,0,0,1,0,0
"414",0,0,1008,1028,0,360,0,0,80085.7962617343,83,0,0,1,0,0,0,0,0,0,1,0,0,0,0,1,0,0,1,0,0,1,0,0,1,0,0
"418",1128,0,242,1370,1254,864,0,0,136435.772431982,92,0,1,0,0,0,0,0,0,0,1,0,0,0,1,0,0,0,1,0,0,1,0,0,1,1,0
"419",312,0,444,756,378,240,0,0,69178.3153433111,70,0,1,0,0,0,0,1,0,0,1,0,0,0,0,1,0,0,1,0,0,1,0,0,1,0,0
"421",1309,0,35,1344,0,784,0,0,132176.65413028,13,0,0,1,0,0,0,1,0,0,1,0,0,0,1,0,1,0,1,0,1,0,0,0,0,0,0
"422",1246,0,356,1602,0,529,240,0,143515.119150924,33,0,1,0,0,0,0,1,0,0,1,0,0,0,1,0,0,0,1,0,1,0,0,0,0,0,0
"426",0,0,651,707,682,240,0,0,90221.9459871283,64,0,0,1,0,0,0,1,0,0,1,0,0,0,0,1,0,0,1,1,0,1,0,0,1,0,0
"432",0,0,901,1088,110,0,0,0,49344.1367555149,90,0,0,1,0,0,0,0,0,0,1,0,0,0,0,1,0,0,1,0,0,0,0,0,0,0,0
"434",0,0,926,926,678,470,0,0,109216.417460145,13,0,1,0,0,0,0,1,0,0,1,0,0,0,1,0,0,0,1,0,1,0,0,0,0,0,0
"437",0,0,648,734,384,440,0,0,63022.5849039177,90,0,0,1,0,0,0,1,0,0,1,0,0,1,0,0,0,0,1,0,0,1,0,0,1,0,0
"438",0,0,884,904,0,180,0,0,79666.3386288017,84,0,0,1,0,0,0,1,0,0,1,0,0,0,0,1,0,0,1,0,0,1,0,0,1,0,0
"439",365,0,75,694,0,352,0,0,49588.3644346872,97,0,1,0,0,0,0,1,0,0,1,0,0,0,0,1,0,0,1,0,0,1,0,0,1,0,0
"440",0,0,684,684,512,528,0,0,73006.2652649464,90,0,1,0,0,0,0,1,0,0,1,0,0,0,0,1,0,0,1,0,0,1,0,0,1,0,0
"443",0,0,1078,1128,445,360,0,0,97809.6404640104,80,0,0,1,0,0,0,1,0,0,1,0,0,0,0,1,0,0,1,0,0,1,0,0,1,0,0
"445",642,0,273,933,975,493,144,0,126715.180478621,16,0,1,0,0,0,0,1,0,0,1,0,0,0,1,0,0,0,1,0,1,0,0,0,1,0,0
"447",247,713,557,1888,0,578,0,0,128647.843455887,44,0,1,0,0,0,0,0,0,0,1,0,0,0,0,1,0,0,0,0,1,0,0,0,0,0,0
"448",0,0,930,956,930,431,89,0,108279.392248734,12,0,1,0,0,0,0,1,0,0,1,0,0,0,1,0,0,0,1,0,1,0,0,0,0,0,0
"449",0,0,780,780,596,198,0,0,64751.7488390743,73,0,0,1,0,0,0,1,0,0,1,0,0,0,0,1,0,0,1,0,0,1,0,0,1,0,0
"450",331,0,318,679,504,308,0,0,66098.2219578293,62,0,0,1,0,0,0,1,0,0,1,0,0,0,0,1,0,0,1,0,0,1,0,0,1,0,0
"451",0,0,813,813,0,270,0,0,59604.1202702776,80,0,0,1,0,0,0,1,0,0,1,0,0,0,0,1,0,0,1,0,0,1,0,0,1,0,0
"453",742,0,130,888,868,422,144,0,112706.559632267,14,0,1,0,0,0,0,1,0,0,1,0,0,0,0,0,0,0,1,0,1,0,0,0,0,0,0
"457",0,0,624,624,720,513,0,0,58672.4461021739,94,0,0,1,0,0,0,1,0,0,1,0,0,0,0,1,0,0,1,0,0,1,0,0,1,1,1
"458",1116,0,248,1663,0,529,224,0,152459.904831669,56,0,1,0,0,0,0,1,0,0,0,0,1,0,1,0,1,0,0,1,1,0,0,0,0,0,0
"459",0,0,588,833,833,228,192,0,96668.8282056824,85,0,0,1,0,0,0,1,0,0,1,0,0,0,0,1,0,0,1,0,0,1,0,0,1,0,0
"462",350,210,0,575,560,576,256,0,105473.029525644,74,0,1,0,0,0,0,0,0,0,1,0,0,0,1,0,0,0,1,0,0,1,0,1,0,0,0
"464",326,0,389,849,811,240,0,0,114857.174160484,76,0,1,0,0,0,0,1,0,0,1,0,0,0,0,1,0,0,1,0,0,1,0,0,1,0,0
"468",386,0,342,888,756,312,168,0,80694.9126401833,68,0,1,0,0,0,0,0,0,0,1,0,0,0,0,1,0,0,1,1,1,0,0,0,1,0,0
"477",994,0,484,1493,0,508,140,0,124842.378280175,13,0,1,0,0,0,0,1,0,0,1,0,0,0,1,0,1,0,1,0,1,0,0,0,0,0,0
"479",1288,0,417,1718,0,826,208,0,198488.281171682,3,0,1,0,0,0,0,1,1,0,1,0,0,0,0,0,1,0,1,0,1,0,0,1,0,1,0
"480",168,0,739,1131,0,672,0,0,49105.9275521405,73,0,0,1,0,0,0,1,0,0,1,0,0,1,0,0,0,0,1,0,0,1,0,0,1,0,0
"481",1261,0,572,1850,0,772,519,0,178383.820696901,6,0,1,0,0,1,0,1,0,0,1,0,0,0,0,0,1,0,1,0,1,0,0,0,0,1,0
"482",1567,0,225,1792,0,874,206,0,202805.659037053,7,0,1,0,0,1,0,1,0,0,1,0,0,0,0,0,1,0,1,0,1,0,0,0,0,1,0
"483",299,0,611,916,910,164,0,0,103464.388225085,95,0,0,1,0,0,0,1,0,0,1,0,0,0,0,1,0,0,0,0,1,0,0,0,1,0,0
"485",588,0,411,999,0,264,0,0,72722.2832052689,48,0,1,0,0,0,0,1,0,0,1,0,0,0,0,1,0,0,1,0,0,1,0,0,1,0,0
"486",607,0,506,1113,0,264,0,0,97508.5568733583,60,0,1,0,0,0,0,1,0,0,1,0,0,0,0,1,0,0,1,0,1,0,0,0,1,0,0
"489",664,0,290,1766,648,520,142,0,86776.837092759,110,0,1,0,0,0,0,1,0,0,1,0,0,0,0,1,0,0,0,0,1,0,0,0,1,0,1
"490",515,0,115,630,0,286,0,0,58035.5636535412,40,0,0,1,0,0,0,1,0,0,1,0,0,0,1,0,0,0,1,0,1,0,0,0,1,0,1
"492",403,165,238,958,620,240,0,0,72120.7290158503,69,0,1,0,0,0,0,0,0,0,1,0,0,0,0,1,0,0,1,1,1,0,0,0,1,0,0
"495",0,0,190,886,0,273,144,0,62244.7657810593,72,0,0,1,0,0,0,0,0,0,1,0,0,1,0,0,0,0,1,0,1,0,0,0,1,0,0
"496",495,0,225,720,0,0,0,0,23589.2097952673,90,0,0,0,0,0,0,1,0,0,1,0,0,0,0,1,0,0,1,0,0,0,0,0,0,0,0
"497",1231,0,1969,3228,0,546,264,0,236404.019967893,18,0,1,0,1,0,0,1,0,0,1,0,0,0,1,0,0,0,1,0,1,0,0,1,0,0,1
"498",329,0,697,1133,687,240,0,0,110478.660806494,85,0,1,0,0,0,0,1,0,0,1,0,0,0,0,1,0,0,1,0,0,1,0,0,1,0,0
"499",450,0,414,899,0,288,64,0,86776.583672652,43,0,1,0,0,0,0,1,0,0,1,0,0,0,0,1,0,0,1,0,1,0,0,0,0,0,0
"500",111,279,522,912,0,297,12,0,66098.2219578293,52,0,1,0,0,0,0,1,0,0,1,0,0,0,0,1,0,0,1,0,1,0,0,0,0,0,0
"504",1247,0,254,1801,0,484,0,161,201259.08799688,51,0,1,0,0,0,0,1,0,0,1,0,0,0,0,1,0,0,1,1,1,0,0,0,0,0,0
"507",380,0,397,1065,846,471,182,0,116717.153621489,17,0,1,0,0,0,0,1,0,0,1,0,0,0,1,0,0,0,1,0,1,0,0,1,0,0,0
"509",141,0,548,689,689,360,0,0,101149.078663827,82,0,0,1,0,0,0,1,0,0,1,0,0,0,0,1,0,0,1,0,0,1,0,0,1,0,0
"511",650,180,178,1363,0,288,324,168,110072.758827849,59,0,1,0,0,0,0,1,0,0,1,0,0,0,0,1,0,0,0,1,0,0,0,0,1,0,0
"515",0,0,768,789,0,200,0,0,53153.9868244211,84,0,1,0,0,0,0,1,0,0,1,0,0,0,0,1,0,0,1,0,0,1,0,0,1,0,0
"518",0,0,1264,1277,1067,889,220,0,175780.731778503,14,0,1,0,1,0,0,1,0,0,1,0,0,0,1,0,0,0,1,0,1,0,0,1,0,1,0
"520",0,0,1276,1276,804,282,0,145,156197.850610774,84,0,1,0,0,0,0,1,0,0,1,0,0,0,1,0,0,0,1,1,0,1,0,0,1,0,0
"521",0,0,0,694,600,0,220,0,64671.8322975696,110,0,1,0,0,0,0,1,0,0,1,0,0,0,0,0,0,0,1,0,0,0,0,0,0,0,0
"523",399,0,605,1004,660,420,0,0,86384.4051700251,63,0,0,1,0,0,0,0,0,0,1,0,0,0,0,1,0,0,1,1,0,1,0,0,1,0,0
"525",719,0,660,1383,1015,834,239,0,175180.173432533,14,0,1,0,1,0,0,1,0,0,1,0,0,0,1,0,0,0,1,0,1,0,0,0,0,1,0
"527",377,0,551,928,0,252,261,0,72708.0441536123,54,0,1,0,0,0,0,1,0,0,1,0,0,0,1,0,0,0,1,0,1,0,0,0,1,0,0
"529",348,0,180,605,0,0,0,0,47513.549648897,90,0,1,0,0,0,0,1,0,0,1,0,0,0,0,1,0,0,1,0,0,0,0,0,0,0,0
"530",1219,0,816,2515,0,484,0,0,110111.964873765,53,0,1,0,0,0,0,1,0,0,1,0,0,0,0,1,0,0,0,1,1,0,0,1,0,0,0
"531",783,0,678,1509,0,600,224,0,106518.312019526,22,0,1,0,0,0,0,1,0,0,1,0,0,0,1,0,0,0,1,0,1,0,0,1,0,0,0
"532",0,0,611,751,611,502,0,0,76854.7205610395,90,0,0,1,0,0,0,0,0,0,1,0,0,1,0,0,0,0,1,0,0,1,0,0,0,0,0
"533",0,0,0,827,0,392,0,0,73936.5177619588,55,0,1,0,0,0,0,1,0,0,1,0,0,0,0,0,0,0,0,0,0,1,0,0,1,0,0
"534",0,0,0,334,0,0,0,0,21507.8479017535,64,0,1,0,0,0,0,1,0,0,1,0,0,0,0,0,0,0,1,0,0,0,0,0,0,0,0
"536",969,0,148,820,527,0,85,0,62833.1618816048,100,0,1,0,0,0,0,1,0,0,1,0,0,0,1,0,1,0,1,0,0,0,0,0,0,0,0
"537",0,0,880,880,844,527,120,0,113440.256809432,12,0,1,0,0,0,0,1,0,0,1,0,0,0,1,0,0,0,1,0,1,0,0,0,0,0,0
"540",1358,0,223,1601,0,670,180,0,185000.034007359,9,0,1,0,0,0,0,1,0,0,1,0,0,0,1,0,0,0,1,0,1,0,0,1,0,0,1
"543",144,1127,379,1680,0,583,78,0,142346.972832254,12,0,1,0,0,0,0,0,0,0,1,0,0,0,0,0,0,0,0,0,1,0,0,0,0,0,0
"547",300,0,765,915,720,440,0,0,115453.126030831,87,0,1,0,0,0,0,1,0,0,1,0,0,0,1,0,0,0,1,0,0,1,0,0,1,0,1
"549",180,645,0,825,0,720,140,0,75053.4380478901,55,0,0,1,0,0,0,0,0,0,1,0,0,0,0,1,0,0,1,0,0,1,0,1,0,0,0
"550",0,0,912,912,1182,615,182,0,177763.959202158,7,1,0,0,0,0,0,1,0,0,1,0,0,0,1,0,0,0,1,0,0,0,0,0,0,0,0
"554",0,0,0,1126,0,520,0,0,72881.8706346796,61,0,1,0,0,0,0,0,0,0,1,0,0,0,0,0,0,0,1,0,0,1,0,0,0,0,1
"555",866,0,132,1006,1040,871,320,0,172864.003505974,7,0,1,0,0,1,0,1,0,0,1,0,0,0,1,0,0,0,1,0,0,0,0,1,0,1,0
"556",0,0,993,1048,0,280,0,0,61275.5066074518,88,0,0,1,0,0,0,1,0,0,1,0,0,0,0,1,0,0,1,0,0,1,0,0,1,0,0
"558",637,0,0,897,439,570,0,0,58630.0120517247,90,0,0,0,0,0,0,1,0,0,1,0,0,0,0,1,0,0,1,0,0,0,0,0,1,0,0
"559",604,0,125,729,717,406,264,0,106518.312019526,14,0,1,0,0,0,0,1,0,0,1,0,0,0,1,0,1,0,1,0,1,0,0,0,1,0,0
"560",0,0,1374,1557,0,420,143,0,127131.766099282,7,0,1,0,0,0,0,1,0,0,1,0,0,0,1,0,1,0,1,0,1,0,0,0,0,0,0
"561",1302,0,90,1392,0,528,0,95,82637.8828378461,53,0,1,0,0,0,0,1,0,0,1,0,0,0,1,0,0,0,0,0,0,1,0,0,1,0,1
"562",1071,123,195,1389,0,418,240,0,92567.8876552554,36,0,1,0,0,0,0,1,0,0,1,0,0,0,1,0,0,0,1,0,1,0,0,1,0,0,0
"563",290,0,706,996,0,0,144,0,65167.807103291,70,0,1,0,0,0,0,1,0,0,1,0,0,0,0,1,0,0,1,0,0,0,0,0,0,0,0
"564",0,0,1163,1163,511,396,72,144,111630.039945452,92,0,1,0,0,0,0,1,0,0,1,0,0,0,1,0,0,0,1,0,0,1,0,0,0,0,0
"565",728,0,367,1166,1129,590,0,0,145166.969097852,18,0,1,0,1,0,0,1,0,0,1,0,0,0,1,0,0,0,1,0,1,0,0,1,0,0,0
"566",0,0,806,841,806,216,0,0,87058.8395328749,95,0,1,0,0,0,0,1,0,0,1,0,0,0,1,0,0,0,1,0,0,1,0,0,1,0,1
"567",0,0,1122,1134,1370,656,144,0,195138.938924514,5,0,1,0,0,0,1,1,0,0,1,0,0,0,1,0,0,0,1,0,0,0,0,0,0,1,0
"569",1441,0,55,1496,636,612,349,0,211587.171107591,27,0,1,0,0,0,0,1,0,1,1,0,0,0,1,0,1,0,0,0,0,0,0,0,0,0,0
"575",349,0,23,576,533,288,35,0,80185.0601964822,39,0,1,0,0,0,0,1,0,0,1,0,0,0,0,1,0,0,1,0,0,0,0,0,1,0,0
"576",442,0,390,832,384,336,158,0,74448.2349171646,63,0,1,0,0,0,0,1,0,0,1,0,0,0,0,1,0,0,1,0,0,1,0,0,1,0,0
"577",0,0,861,877,600,216,0,0,96235.5314856111,82,0,1,0,0,0,0,1,0,0,1,0,0,0,0,1,0,0,1,0,0,1,0,0,1,0,0
"581",594,219,331,1429,0,572,216,0,100193.888117743,50,0,1,0,0,0,0,1,0,0,1,0,0,0,0,1,0,0,1,1,1,0,0,0,1,0,0
"584",0,0,1237,1521,1254,880,105,0,196106.8269312,117,0,0,1,0,0,0,0,0,0,1,0,0,0,0,1,0,0,1,0,0,1,0,0,1,0,0
"585",0,0,884,989,584,240,0,120,88222.0276473242,75,0,0,1,0,0,0,1,0,0,1,0,0,0,0,1,0,0,1,0,0,1,0,0,1,0,0
"587",210,606,0,838,0,275,0,0,77830.7958498225,92,0,1,0,0,0,0,0,0,0,1,0,0,0,0,1,0,0,1,0,0,1,0,0,0,0,1
"590",0,0,742,779,0,308,0,0,48389.7474602991,80,0,0,1,0,0,0,0,0,0,1,0,0,0,0,1,0,0,1,0,0,1,0,0,1,0,0
"593",816,0,0,816,0,816,0,0,82858.9956048707,28,0,1,0,0,0,0,1,0,0,1,0,0,0,0,1,0,0,1,0,0,1,0,0,0,0,0
"597",0,0,684,684,684,216,0,0,62209.8108779155,100,0,0,1,0,0,0,1,0,0,1,0,0,0,0,1,0,0,1,0,0,1,0,0,1,0,0
"602",0,0,780,780,595,544,0,126,81338.8020698129,73,0,0,1,0,0,0,1,0,0,1,0,0,0,0,1,0,0,1,0,0,1,0,0,1,0,0
"604",0,0,600,600,600,480,0,0,102241.180851784,6,1,0,0,0,0,0,1,0,0,1,0,0,0,1,0,0,0,1,0,0,1,0,1,0,0,0
"606",454,0,314,1186,800,486,0,189,137962.595311964,45,0,1,0,0,0,0,1,0,0,1,0,0,0,0,1,0,0,1,0,1,0,0,0,1,0,0
"608",603,0,293,1112,896,230,103,0,122008.752094484,62,0,1,0,0,0,0,1,0,0,1,0,0,0,0,1,0,0,1,0,1,0,0,0,1,0,0
"609",428,0,537,1940,1254,380,0,0,200467.814057868,76,0,1,0,0,0,0,1,0,0,1,0,0,0,1,0,0,0,1,1,0,0,1,0,1,0,0
"617",457,0,326,807,702,393,100,0,99267.9530319532,8,0,1,0,0,0,0,1,0,0,1,0,0,0,1,0,0,0,1,0,1,0,0,0,0,0,0
"621",41,0,823,864,0,0,0,0,41377.4363281539,96,0,1,0,0,0,0,1,0,0,1,0,0,0,0,1,0,0,1,0,0,0,0,0,0,0,0
"622",956,182,384,1548,1066,624,38,0,144102.601051949,36,0,1,0,0,0,0,1,0,0,1,0,0,0,0,1,0,0,1,0,1,0,0,1,0,0,0
"627",0,0,978,1422,0,286,0,0,77617.4386800042,50,0,1,0,0,0,0,1,0,0,1,0,0,0,0,1,0,0,0,0,1,0,0,1,0,0,0
"628",674,132,350,1520,0,364,0,0,106548.928939525,55,0,1,0,0,0,0,1,0,0,1,0,0,0,0,1,0,0,1,1,0,0,0,1,0,0,0
"631",0,0,636,1089,661,240,0,0,67190.0992137675,130,0,0,1,0,0,0,0,0,0,1,0,0,1,0,0,0,0,1,0,0,1,0,0,1,0,0
"634",480,468,108,1056,0,260,390,0,77016.1490820493,56,0,1,0,0,0,0,1,0,0,1,0,0,0,0,1,0,0,1,0,1,0,0,0,1,0,0
"636",256,0,1184,1440,1440,0,0,0,109769.484083425,96,0,0,0,0,0,0,0,0,0,1,0,0,0,0,1,0,0,1,0,0,0,0,0,0,0,0
"637",0,0,264,800,0,0,0,0,40167.9018296479,74,0,0,1,0,0,0,1,0,0,1,0,0,0,0,1,0,0,0,0,0,0,0,0,0,0,0
"639",0,0,796,796,0,0,328,0,50889.3665171916,100,0,1,0,0,0,0,0,0,0,1,0,0,1,0,0,0,0,1,0,0,0,0,0,0,0,1
"641",1218,0,300,1518,0,588,185,0,163747.303249248,7,0,1,0,0,1,0,1,0,0,1,0,0,0,0,0,1,0,1,0,1,0,0,1,0,0,0
"643",1410,0,542,2000,704,538,269,0,228846.613070127,38,0,1,0,0,0,0,1,0,0,1,0,0,0,1,0,1,0,1,0,1,0,0,0,0,0,0
"652",0,0,755,755,755,296,120,0,72682.7331399614,70,0,1,0,0,0,0,0,0,0,1,0,0,0,0,1,0,0,1,0,0,1,0,0,1,0,0
"654",0,0,756,756,713,216,57,0,81057.7130917213,104,0,0,1,0,0,0,1,0,0,1,0,0,0,0,1,0,0,1,0,0,1,0,0,1,0,0
"657",806,0,247,1053,0,312,0,0,88562.3679933776,51,0,1,0,0,0,0,1,0,0,1,0,0,0,0,1,0,0,1,0,1,0,0,1,0,0,0
"658",0,0,776,851,651,270,0,0,88060.9452662809,79,0,1,0,0,0,0,1,0,0,1,0,0,0,1,0,0,0,1,0,1,0,0,1,0,0,0
"659",0,0,912,912,546,330,192,0,67239.9881381765,62,0,1,0,0,0,0,0,0,0,1,0,0,0,0,1,0,0,1,0,1,0,0,0,1,0,0
"660",637,0,849,1486,0,480,0,0,113972.168951797,46,0,1,0,0,0,0,1,0,0,1,0,0,0,0,1,0,0,1,0,0,1,0,0,0,0,0
"662",1361,180,88,1686,762,711,517,0,266656.053490408,16,0,1,0,1,0,0,1,0,0,1,0,0,0,1,0,0,0,1,0,1,0,0,1,0,1,0
"667",187,723,111,1465,915,596,0,0,71570.0471030775,45,0,1,0,0,0,0,1,0,0,0,0,1,0,1,0,0,0,0,0,0,0,0,0,1,0,0
"668",1138,0,270,1679,0,575,224,0,121567.370940686,16,0,1,0,0,0,0,1,0,0,1,0,0,0,1,0,0,0,1,0,1,0,0,1,0,0,0
"669",988,0,200,1437,0,576,304,0,91484.8314882077,54,0,1,0,0,0,0,1,0,0,1,0,0,0,0,1,0,0,0,0,0,1,0,0,1,0,0
"670",0,0,700,1180,0,252,0,0,74479.3218319205,88,0,1,0,0,0,0,1,0,0,1,0,0,1,0,0,0,0,1,0,0,1,0,0,1,0,0
"672",551,0,121,697,672,300,147,0,68720.3162726525,85,0,0,0,0,0,0,0,0,0,1,0,0,0,0,1,0,0,1,0,0,1,0,0,1,0,0
"674",1186,0,291,1839,0,416,0,200,141835.767951175,53,0,1,0,0,0,0,1,0,0,1,0,0,0,0,1,0,0,1,1,1,0,0,0,0,0,0
"677",0,0,1095,1095,679,779,0,0,47184.9051691877,110,0,0,1,0,0,0,1,0,0,1,0,0,0,0,1,0,0,0,0,0,0,0,0,1,1,1
"678",0,0,768,792,0,240,316,0,73894.1188379391,86,0,1,0,0,0,0,1,0,0,1,0,0,0,0,1,0,0,1,0,0,1,0,0,1,0,1
"682",182,0,611,848,672,281,0,0,105756.321473109,78,0,0,0,0,0,0,1,0,0,1,0,0,0,0,1,0,0,1,0,0,1,0,0,1,0,0
"683",1003,0,288,1291,0,431,307,0,110841.30472389,14,0,1,0,0,0,0,1,0,0,1,0,0,0,1,0,0,0,1,0,1,0,0,0,1,0,0
"690",20,0,1342,1362,0,460,192,0,107244.365126578,5,0,1,0,0,1,0,1,0,0,1,0,0,0,1,0,0,0,1,0,1,0,0,1,0,0,0
"692",1455,0,989,2444,1872,832,382,0,413191.480046409,16,0,1,0,1,0,0,1,0,0,0,0,0,0,0,0,1,0,1,1,1,0,0,0,0,1,0
"693",965,0,245,1238,1281,628,320,0,182413.190379474,21,0,1,0,0,0,0,1,0,0,1,0,0,0,1,0,1,0,1,1,1,0,0,1,0,0,0
"694",0,0,1073,1073,0,326,0,0,59202.6632466505,89,0,1,0,0,0,0,1,0,0,1,0,0,0,0,1,0,0,1,0,0,1,0,0,1,0,0
"695",0,0,927,1067,472,576,112,0,96286.6688895391,74,0,0,1,0,0,0,1,0,0,1,0,0,0,0,1,0,0,1,0,0,1,0,0,1,0,0
"697",616,0,0,616,0,205,0,0,48225.1518550428,89,0,0,1,0,0,0,1,0,0,1,0,0,0,0,1,0,0,1,0,0,1,0,0,1,0,0
"699",553,117,224,894,0,336,416,0,95257.746139826,45,0,1,0,0,0,0,0,0,1,1,0,0,0,0,1,0,0,1,0,0,1,0,0,1,0,0
"704",0,0,360,1032,780,672,344,0,95220.6057390819,110,0,0,1,0,0,0,0,0,0,1,0,0,0,1,0,0,0,1,0,0,1,0,0,1,0,1
"705",712,0,761,1484,0,606,0,0,144871.350160175,6,0,1,0,0,0,0,1,0,0,1,0,0,0,1,0,0,0,1,0,1,0,0,1,0,0,1
"706",0,0,0,372,720,0,0,0,37276.7630214511,80,0,0,1,0,0,0,1,0,0,1,0,0,0,0,0,0,0,0,0,0,0,0,0,0,0,0
"707",1219,0,424,1824,0,739,380,0,166347.191927204,39,0,1,0,0,0,0,1,0,0,1,0,0,0,1,0,1,0,1,1,1,0,0,0,1,0,0
"711",0,0,270,729,0,0,0,0,31377.092308992,75,0,1,0,0,0,0,1,0,0,1,0,0,0,0,1,0,0,0,0,0,0,0,0,0,0,0
"712",0,0,859,859,319,384,68,0,70878.5335475818,110,0,0,0,0,0,0,1,0,0,1,0,0,0,0,1,0,0,1,0,0,1,0,1,0,0,0
"713",767,0,461,1228,0,472,168,0,118740.222779275,22,0,1,0,0,0,1,1,0,0,1,0,0,0,1,0,0,0,1,0,1,0,0,0,0,0,0
"715",533,0,192,725,754,475,0,0,90879.9688013594,34,0,1,0,0,0,0,0,0,0,1,0,0,0,0,1,0,0,1,0,1,0,0,1,0,0,0
"717",0,0,718,1576,978,704,0,0,88121.0601046403,120,0,0,1,0,0,0,1,0,0,1,0,0,0,0,1,0,0,1,0,0,1,0,0,1,0,0
"718",1084,0,92,1178,0,439,224,0,100590.085789888,37,0,1,0,0,0,0,1,0,0,1,0,0,0,1,0,0,0,1,0,1,0,0,0,1,0,0
"719",1173,0,138,1325,1093,983,250,0,207558.539420906,17,0,1,0,1,0,0,1,0,0,1,0,0,0,1,0,1,0,1,0,1,0,0,1,0,1,0
"724",0,0,941,997,473,548,0,156,80824.2879978926,56,0,1,0,0,0,0,1,0,0,1,0,0,0,0,1,0,0,1,0,0,1,0,0,1,0,1
"725",1234,0,464,1698,0,768,327,0,216759.579757365,3,0,1,0,0,0,0,1,1,0,1,0,0,0,0,0,0,0,1,0,1,0,0,0,0,1,0
"727",808,0,72,1680,0,540,292,0,151350.909128096,22,0,1,0,0,0,0,1,0,0,1,0,0,0,1,0,0,0,1,0,1,0,0,0,0,0,0
"730",152,0,628,848,0,539,0,0,68954.8981408956,85,0,0,1,0,0,0,1,0,0,1,0,0,0,0,1,0,0,1,0,0,1,0,0,1,0,0
"731",1180,0,415,1616,0,608,237,0,164698.181007828,15,0,1,0,0,0,1,1,0,0,1,0,0,0,1,0,0,0,1,0,1,0,0,1,0,0,0
"733",252,0,901,1153,878,541,192,0,134257.750745206,12,0,1,0,0,0,0,1,0,0,1,0,0,0,1,0,0,0,1,0,1,0,0,0,0,0,0
"734",594,0,270,1144,0,264,165,0,89676.3053908153,49,0,1,0,0,0,0,0,0,0,1,0,0,0,0,1,0,0,1,0,1,0,0,1,0,0,0
"736",390,0,490,880,888,320,0,0,88557.5977529189,96,0,0,1,0,0,0,1,0,0,1,0,0,0,1,0,0,0,1,1,0,1,0,0,1,0,0
"739",1200,0,0,1200,0,0,120,0,122161.785882465,23,0,1,0,0,0,0,1,0,0,1,0,0,0,1,0,1,0,1,0,0,0,0,0,0,0,0
"741",0,0,264,768,664,360,270,0,72570.5363622369,100,0,0,1,0,0,0,1,0,0,1,0,0,1,0,0,0,0,1,0,0,1,0,0,1,0,1
"742",832,0,80,912,0,288,168,0,85015.1770051907,49,0,1,0,0,0,0,0,0,0,1,0,0,0,0,1,0,0,1,0,0,1,0,0,1,0,1
"743",0,0,1349,1349,0,539,120,0,103259.897663096,10,0,1,0,0,0,0,1,0,0,1,0,0,0,1,0,0,0,1,0,1,0,0,0,1,0,0
"744",444,0,76,1464,0,480,302,100,117772.94721753,47,0,1,0,0,0,0,1,0,0,1,0,0,0,1,0,0,0,0,0,1,0,0,1,0,0,0
"746",575,80,487,1175,1540,831,0,0,180901.005273765,34,0,1,0,0,0,0,1,0,0,1,0,0,0,0,1,0,0,1,1,0,0,0,0,0,0,0
"748",0,0,1240,1320,1320,864,181,0,179491.176569828,130,0,0,1,0,0,0,1,0,0,1,0,0,0,0,1,0,0,1,0,0,1,0,0,1,0,1
"750",0,0,0,1088,441,240,92,0,66686.1735065359,65,0,1,0,0,0,0,1,0,0,1,0,0,0,0,0,0,0,0,0,0,1,0,0,1,0,0
"751",0,0,576,792,348,0,0,0,65339.5625973322,100,0,0,1,0,0,0,1,0,0,1,0,0,0,0,1,0,0,0,0,0,0,0,0,0,0,0
"755",439,472,115,1026,0,440,171,0,103478.468518666,41,0,1,0,0,0,0,1,0,0,1,0,0,0,0,1,0,0,1,0,0,1,0,1,0,0,0
"762",405,0,740,1301,0,440,0,0,67298.8269814457,86,0,0,1,0,0,0,0,0,0,1,0,0,0,0,1,0,0,0,0,0,1,0,0,1,0,0
"765",437,1057,0,1494,0,481,0,216,147019.586275994,15,0,1,0,0,0,0,1,0,0,1,0,0,0,1,0,0,0,1,0,1,0,0,0,0,0,0
"768",660,0,323,983,767,423,245,0,96544.8994122829,70,0,1,0,0,0,0,1,0,0,1,0,0,0,1,0,0,0,0,0,1,0,0,0,1,0,0
"769",24,0,1836,1836,0,484,120,0,117807.140024231,6,0,1,0,0,0,0,1,0,0,1,0,0,0,1,0,0,0,1,0,1,0,0,0,0,0,0
"781",0,0,1237,1253,0,402,220,0,96944.058871483,15,0,1,0,0,0,0,1,0,0,1,0,0,0,1,0,0,0,1,0,1,0,0,0,0,0,0
"783",0,0,1413,1430,0,605,0,0,124891.529270409,9,0,1,0,0,0,0,1,0,0,1,0,0,0,1,0,0,0,1,0,1,0,0,1,0,0,0
"785",0,0,742,742,742,0,0,0,76854.7205610395,96,0,0,1,0,0,0,1,0,0,1,0,0,0,0,1,0,0,1,0,0,0,0,0,0,0,0
"787",686,0,0,966,686,416,0,0,94116.0538966755,95,0,0,1,0,0,0,0,0,0,1,0,0,1,0,0,0,0,1,0,0,1,0,0,1,0,0
"789",0,0,901,901,0,281,0,0,65676.1478108965,56,0,0,1,0,0,0,1,0,0,1,0,0,0,0,1,0,0,1,0,0,1,0,0,1,0,0
"790",568,0,264,976,1111,444,133,0,103590.587897304,44,0,1,0,0,0,0,1,0,0,1,0,0,0,0,1,1,1,1,0,1,0,0,0,0,0,0
"791",16,0,1129,1145,0,397,100,0,107063.375904726,5,0,1,0,0,0,0,1,0,0,1,0,0,0,1,0,0,0,1,0,1,0,0,0,0,0,0
"793",862,0,255,1127,886,455,180,0,148605.32751669,14,0,1,0,1,0,0,1,0,0,1,0,0,0,1,0,0,0,1,0,1,0,0,0,1,0,0
"795",0,0,712,1086,809,409,143,0,122195.626087667,16,0,1,0,0,0,0,1,0,0,1,0,0,0,1,0,0,0,1,0,1,0,0,0,0,0,0
"796",0,0,650,888,676,476,0,204,117610.646858558,30,0,1,0,0,0,0,1,0,0,1,0,0,0,1,0,0,0,1,0,1,0,0,0,1,0,0
"800",569,0,162,981,787,240,0,0,96393.2403551678,73,0,1,0,0,0,0,0,0,0,1,0,0,0,1,0,0,0,1,1,0,1,0,0,1,0,0
"802",197,0,999,1196,0,440,0,0,60717.8965862067,94,0,0,1,0,0,0,1,0,0,1,0,0,0,0,1,0,0,1,0,0,1,0,0,1,0,0
"808",1309,0,15,1072,504,528,0,0,150824.982285656,87,0,1,0,0,0,0,1,0,0,1,0,0,0,0,1,1,0,1,0,1,0,0,1,0,0,1
"810",0,0,849,1075,1063,360,40,0,71646.3105529608,112,0,0,1,0,0,0,1,0,0,1,0,0,0,0,1,0,0,1,0,0,1,0,0,1,0,0
"811",663,377,0,1309,0,484,265,0,100092.350400646,36,0,1,0,0,0,0,1,0,0,1,0,0,0,0,1,0,0,1,0,1,0,0,1,0,0,0
"815",0,0,686,686,564,280,207,0,62833.4642363838,92,0,1,0,0,0,0,1,0,0,1,0,0,0,0,1,0,0,1,0,0,1,0,0,1,0,0
"824",0,0,778,944,545,240,335,0,92533.6305022686,70,0,1,0,0,0,0,1,0,0,1,0,0,0,0,1,0,0,1,0,0,1,0,0,1,0,0
"827",784,0,0,784,0,0,0,0,65557.4780427351,86,0,0,1,0,0,0,1,0,0,1,0,0,0,0,1,0,0,1,0,0,0,0,0,0,0,1
"836",442,0,625,1067,0,436,290,0,89474.8247202164,60,0,1,0,0,0,0,1,0,0,1,0,0,0,1,0,0,0,0,0,1,0,0,0,1,0,0
"837",338,0,1221,1559,0,812,0,0,84550.64225439,62,0,0,1,0,0,0,1,0,0,1,0,0,0,0,1,0,0,0,0,0,1,0,0,1,0,0
"839",0,0,1099,1099,0,352,278,0,86461.5606311694,15,0,1,0,0,0,0,1,0,0,1,0,0,0,1,0,0,0,1,0,1,0,0,0,1,0,0
"840",352,0,416,768,432,240,0,0,78130.1450646295,64,0,1,0,0,0,0,1,0,0,1,0,0,0,0,1,0,0,1,0,0,1,0,0,1,0,1
"841",156,0,516,810,672,400,0,0,83376.5104548189,85,0,0,0,0,0,0,1,0,0,1,0,0,0,0,1,0,0,1,0,0,1,1,0,1,0,0
"842",0,0,650,958,581,686,70,0,94567.3319403415,106,0,0,1,0,0,0,1,0,0,1,0,0,0,0,1,0,0,1,0,0,1,0,0,1,0,0
"845",0,0,876,876,540,720,418,0,92405.7929245623,95,0,0,1,0,0,0,0,0,0,1,0,0,0,0,1,0,0,1,0,0,1,0,0,1,1,0
"846",1390,0,0,1701,0,611,0,0,93583.7656793853,35,0,1,0,0,0,0,0,0,0,1,0,0,0,1,0,1,0,0,1,0,0,0,0,0,0,0
"849",0,0,907,1307,1051,360,486,175,148217.682369507,102,0,1,0,0,0,0,1,0,0,1,0,0,0,0,1,0,1,1,0,0,1,0,0,1,0,0
"850",0,0,528,1094,761,512,113,0,103748.827971128,34,0,1,0,0,0,0,0,0,0,1,0,0,0,0,1,0,0,1,0,1,0,0,1,0,0,0
"853",364,0,554,918,728,240,0,126,90988.2769372458,69,0,1,0,0,0,0,1,0,0,1,0,0,0,0,1,0,0,1,1,0,1,0,0,1,0,0
"855",306,1085,372,1779,0,454,0,312,92083.5251740108,55,0,1,0,0,0,0,1,0,0,1,0,0,0,0,1,0,0,1,0,1,0,0,0,1,0,0
"856",659,0,381,1040,0,260,0,0,87348.2581931978,48,0,1,0,0,0,0,1,0,0,1,0,0,0,0,1,0,0,1,0,0,1,0,0,1,0,0
"858",0,0,702,702,779,343,0,0,118749.445494687,16,0,1,0,0,0,0,1,0,0,1,0,0,0,1,0,0,0,1,0,1,0,0,0,0,0,0
"860",619,0,435,1512,1142,619,0,222,135565.280104982,42,0,1,0,0,0,0,0,0,0,1,0,0,0,0,1,0,0,1,0,1,0,0,0,1,0,0
"861",0,0,912,912,514,216,0,0,104627.977174081,92,0,1,0,0,0,0,1,0,0,1,0,0,0,0,1,0,0,1,0,0,1,0,0,1,0,0
"863",338,0,702,1097,0,480,0,0,103382.371945289,26,0,1,0,0,0,0,1,0,0,1,0,0,0,1,0,0,0,1,0,1,0,0,0,1,0,1
"869",0,0,0,1547,720,672,120,0,91658.0341792267,62,0,1,0,0,0,0,0,0,0,1,0,0,0,0,0,0,0,1,0,1,0,0,0,1,0,1
"870",750,0,300,1062,887,574,156,0,159794.163450471,17,0,1,0,0,0,0,1,0,0,1,0,0,0,1,0,0,0,1,0,1,0,0,0,0,0,0
"873",0,0,105,910,0,414,196,0,72877.5970497138,57,0,1,0,0,0,0,1,0,0,1,0,0,0,0,1,0,0,1,0,1,0,0,0,1,0,0
"874",375,0,457,1036,0,288,0,0,88885.3245650968,61,0,1,0,0,0,0,1,0,0,1,0,0,0,0,1,0,0,1,0,1,0,0,0,1,0,0
"875",0,0,676,676,455,200,26,0,44135.605819263,69,0,0,1,0,0,0,0,0,0,1,0,0,0,0,1,0,0,1,0,0,1,0,0,1,0,0
"878",1170,0,292,1462,762,738,184,0,233629.263734063,6,0,1,0,0,1,0,1,0,0,1,0,0,0,0,0,0,0,1,0,1,0,0,0,0,1,0
"879",899,0,210,1155,0,576,192,0,100209.899113007,49,0,1,0,0,0,0,1,0,0,1,0,0,0,0,1,0,0,0,0,0,1,0,0,1,0,0
"880",646,0,218,864,0,336,0,0,90543.6599538327,32,0,1,0,0,0,0,1,0,0,1,0,0,0,0,1,0,0,1,0,1,0,0,0,1,0,0
"881",980,0,110,1090,0,450,0,0,86478.5070614934,5,0,1,0,0,0,0,1,0,0,1,0,0,0,0,0,0,0,1,0,1,0,0,0,0,0,0
"882",902,0,254,1187,530,400,168,0,102943.921641832,20,0,1,0,0,0,0,1,0,0,1,0,0,0,1,0,0,0,1,0,1,0,0,1,0,0,0
"883",0,0,808,808,785,389,342,0,121353.431643248,18,0,1,0,0,0,0,1,0,0,1,0,0,0,1,0,0,0,1,0,0,0,0,1,0,0,0
"884",0,0,795,954,795,440,0,0,64841.9716336894,98,0,1,0,0,0,0,1,0,0,1,0,0,0,0,1,0,1,1,0,0,1,0,0,1,0,0
"886",1238,0,460,1709,0,506,97,0,192240.250631254,11,1,0,0,0,0,0,1,0,0,1,0,0,0,0,0,0,0,1,0,1,0,0,0,0,0,0
"891",0,0,672,672,252,576,0,0,67900.1773470865,61,0,1,0,0,0,0,0,0,0,1,0,0,0,0,1,0,0,1,0,0,1,0,0,1,0,0
"893",663,0,396,1068,0,264,192,0,85122.0909732017,47,0,1,0,0,0,0,1,0,0,1,0,0,0,0,1,0,0,1,0,1,0,0,1,0,0,0
"897",285,0,666,951,0,327,0,0,57991.0590310865,74,0,0,1,0,0,0,1,0,0,1,0,0,0,0,1,0,0,1,0,0,1,0,0,1,0,0
"900",465,0,447,1236,0,288,0,0,73150.5112407952,49,0,1,0,0,0,0,0,0,0,1,0,0,0,0,1,0,0,1,0,1,0,0,0,1,0,0
"902",860,0,132,1306,0,756,0,0,103249.316732463,53,0,1,0,0,0,0,1,0,0,1,0,0,0,0,1,0,0,1,0,0,1,0,0,1,0,1
"908",223,0,794,1020,1037,180,0,322,135463.909705176,74,0,1,0,0,0,0,1,0,0,1,0,0,0,1,0,0,0,1,0,1,0,0,0,0,0,0
"912",196,0,1072,1268,0,252,173,0,96573.8167183746,33,0,1,0,0,0,0,1,0,0,1,0,0,0,1,0,0,0,1,0,0,1,0,0,1,0,0
"913",489,0,279,1015,0,450,0,120,47666.7659724291,85,0,0,1,0,0,0,1,0,0,1,0,0,0,0,1,0,0,0,0,0,1,0,0,1,0,0
"914",284,0,717,1001,1001,871,0,0,80446.9521701259,61,0,0,0,0,0,0,1,0,0,1,0,0,0,0,1,0,0,1,0,0,0,0,0,1,1,0
"917",50,0,430,480,0,308,0,0,19184.40082364,61,0,0,0,0,0,0,1,0,0,1,0,0,0,0,1,0,0,1,0,0,1,0,0,1,0,0
"920",528,411,245,1414,0,601,0,190,105670.272826874,52,0,1,0,0,0,0,1,0,0,1,0,0,0,1,0,0,0,0,0,1,0,0,0,1,0,1
"922",1084,0,188,1272,928,0,0,0,90103.9994071293,110,0,1,0,0,0,0,0,0,0,1,0,0,0,0,1,0,0,1,0,0,0,0,0,0,0,0
"924",165,841,598,1617,0,533,0,0,116457.284916066,17,0,1,0,0,0,0,1,0,0,1,0,0,0,1,0,0,0,1,0,1,0,0,1,0,0,0
"927",0,0,1181,1234,1140,656,104,0,156686.385327557,7,0,1,0,0,1,0,1,0,0,1,0,0,0,1,0,0,0,1,0,0,0,0,0,0,1,1
"935",425,0,160,2069,0,505,0,0,155049.686376771,50,0,1,0,0,0,0,0,0,0,0,0,1,0,1,0,1,0,1,0,1,0,0,1,0,0,0
"936",0,0,600,747,0,528,0,0,43294.2655417744,84,0,1,0,0,0,0,1,0,0,1,0,0,1,0,0,0,0,1,0,0,1,0,0,1,0,0
"940",0,0,1032,1207,1196,349,56,0,165481.752319047,70,0,1,0,0,0,0,1,0,0,1,0,0,0,0,1,0,0,1,1,1,0,0,0,1,0,0
"946",1088,0,0,1188,561,456,48,0,83472.0078058691,120,0,0,1,0,0,0,1,0,0,1,0,0,0,0,1,0,0,1,0,0,1,0,0,1,0,0
"948",1300,0,316,1629,0,808,0,0,154132.462580063,8,0,1,0,0,0,0,1,0,0,1,0,0,0,1,0,0,0,1,0,1,0,0,0,0,1,0
"950",982,0,179,1381,0,676,0,0,137538.650101674,38,0,1,0,0,0,0,1,0,0,1,0,0,0,0,1,0,0,1,0,1,0,0,1,0,0,0
"951",398,149,317,864,0,720,194,0,71270.3244733454,60,0,1,0,0,0,0,1,0,0,1,0,0,0,0,1,0,0,1,0,0,1,0,1,0,0,0
"953",660,0,108,768,0,396,192,0,91115.0880869914,38,0,1,0,0,0,0,1,0,0,1,0,0,0,1,0,0,0,1,0,0,1,0,0,0,0,0
"956",484,0,495,979,979,492,0,0,80446.9521701259,64,0,0,0,0,0,0,1,0,0,1,0,0,0,1,0,0,0,1,0,1,0,0,0,1,0,0
"961",696,0,162,858,0,0,117,0,81436.0709367595,52,0,1,0,0,0,0,1,1,0,1,0,0,0,0,1,1,0,1,0,0,0,0,0,0,0,0
"962",896,0,434,1542,1330,619,550,0,164126.329000881,33,0,1,0,0,0,0,0,0,0,1,0,0,0,1,0,0,0,1,0,1,0,0,0,0,0,0
"965",624,0,193,824,1070,510,0,0,150219.842440426,8,0,1,0,0,0,0,1,0,0,1,0,0,0,1,0,0,0,1,0,0,0,0,0,0,0,0
"967",428,0,300,976,332,256,0,0,106801.949135572,70,0,1,0,0,0,0,1,0,0,1,0,0,0,0,1,0,0,0,1,0,1,0,0,1,0,0
"969",0,0,600,600,368,0,0,0,25576.1379356885,100,0,0,1,0,0,0,1,0,0,1,0,0,0,0,1,0,0,1,0,0,0,0,0,0,0,1
"971",0,0,720,720,472,0,0,0,73675.880699648,61,0,1,0,0,0,0,1,0,0,1,0,0,0,0,1,0,0,1,0,0,0,0,0,0,0,0
"972",567,0,197,764,862,474,0,0,114754.968293136,7,0,1,0,0,1,0,1,0,0,1,0,0,0,1,0,0,0,1,0,0,0,0,1,0,0,0
"975",0,0,728,1136,883,532,509,0,112725.535193922,100,0,1,0,0,0,0,0,0,0,1,0,0,0,1,0,0,0,1,0,0,1,0,0,1,0,0
"977",0,0,440,869,0,0,0,0,46363.3257959038,87,0,1,0,0,0,0,1,0,0,1,0,0,0,1,0,0,0,1,0,0,0,0,0,0,0,0
"981",867,0,77,999,0,588,144,0,107647.562844695,49,0,1,0,0,0,0,1,0,0,1,0,0,0,0,1,0,0,1,0,1,0,0,1,0,0,0
"982",854,0,371,1276,1336,676,250,0,222876.701424819,12,0,1,0,1,0,0,1,0,0,1,0,0,0,1,0,0,0,1,0,1,0,0,0,0,1,0
"987",0,0,485,1001,634,255,394,0,63397.1097420225,100,0,0,1,0,0,0,0,0,0,1,0,0,0,0,1,0,0,1,0,1,0,0,0,1,0,0
"991",1074,0,322,1407,985,870,0,0,188565.762309605,13,0,1,0,1,0,0,1,0,0,1,0,0,0,1,0,0,0,1,0,1,0,0,0,0,1,0
"992",216,0,700,916,826,424,0,0,113552.643140542,128,0,0,1,0,0,0,0,0,0,1,0,0,0,0,1,0,0,1,0,1,0,0,0,1,0,0
"993",536,117,169,1020,831,440,239,0,103314.346329578,46,0,1,0,0,0,0,1,0,0,1,0,0,0,0,1,1,0,1,0,1,0,0,1,0,0,0
"995",1172,0,528,1718,0,786,216,0,223871.686699037,4,0,1,0,0,1,0,1,0,0,1,0,0,0,0,0,1,0,1,0,1,0,0,0,0,1,0
"996",384,0,363,774,456,305,0,63,65938.9522430631,64,0,1,0,0,0,0,0,0,0,1,0,0,0,0,1,0,0,1,0,0,1,0,0,1,0,0
"999",0,0,1007,1077,0,210,0,0,49354.3260965067,88,0,0,1,0,0,0,1,0,0,1,0,0,0,0,1,0,0,1,0,0,1,0,0,1,0,1
"1002",0,0,691,691,0,216,0,0,47065.5195814452,90,0,1,0,0,0,0,1,0,0,1,0,0,1,0,0,0,0,1,0,0,1,0,0,1,0,0
"1005",16,0,1330,1504,0,457,156,0,122144.616526639,5,0,1,0,0,0,0,1,0,0,1,0,0,0,1,0,0,0,1,0,1,0,0,0,0,0,1
"1009",0,0,1710,1710,0,550,100,180,163313.07797519,6,0,1,0,0,0,0,1,0,0,1,0,0,0,0,0,0,0,1,0,1,0,0,0,0,0,0
"1010",0,0,1008,1008,0,0,0,0,55269.2751597119,84,0,1,0,0,0,0,1,0,0,1,0,0,0,0,1,0,0,1,0,0,0,0,0,0,0,0
"1011",0,0,720,720,551,312,0,0,82171.269272206,62,0,1,0,0,0,0,1,0,0,1,0,0,0,0,1,0,0,1,0,1,0,0,0,1,0,0
"1013",0,0,602,900,602,180,96,53,91543.0835039364,87,0,1,0,0,0,0,1,0,0,1,0,0,0,0,1,0,0,1,1,0,1,0,0,1,0,0
"1014",247,465,310,1022,0,280,0,0,56738.5354782725,100,0,0,1,0,0,0,1,0,0,1,0,0,0,0,1,0,0,0,0,0,1,0,0,1,0,0
"1015",336,0,746,1082,0,240,0,0,68046.6279242353,62,0,1,0,0,0,0,0,0,0,1,0,0,0,0,1,0,0,1,0,0,1,0,0,1,0,0
"1019",0,0,384,802,670,402,164,0,87964.2864996811,19,0,1,0,0,0,0,1,0,0,1,0,0,0,1,0,0,0,1,0,1,0,0,1,0,0,1
"1023",324,0,588,912,336,160,0,0,47749.7255762898,80,0,0,1,0,0,0,1,0,0,1,0,0,0,0,1,0,0,1,0,0,1,0,0,1,0,0
"1024",16,0,1330,1504,0,437,156,0,114351.400056278,5,0,1,0,0,0,0,1,0,0,1,0,0,0,1,0,0,0,1,0,1,0,0,0,0,0,1
"1029",368,41,359,968,408,240,0,0,57648.5961194259,69,0,1,0,0,0,0,0,0,0,1,0,0,0,0,1,0,0,1,0,1,0,0,0,1,0,0
"1031",0,0,686,948,980,0,0,0,86666.8472225984,94,0,0,0,0,0,0,1,0,0,1,0,0,0,0,1,0,1,1,0,0,0,0,0,0,0,0
"1032",523,0,301,1687,998,672,136,0,130747.584156313,90,0,1,0,0,0,0,1,0,0,1,0,0,0,0,1,0,1,1,1,0,0,0,0,0,0,0
"1035",0,0,920,954,0,240,0,0,65960.5173287505,72,0,1,0,0,0,0,1,0,0,1,0,0,1,0,0,0,0,1,0,0,0,0,0,1,0,0
"1037",1022,0,598,1620,0,912,228,0,210852.029325474,3,0,1,0,0,0,0,1,1,0,1,0,0,0,0,0,1,0,1,0,1,0,0,0,0,1,0
"1038",0,0,1055,1055,1208,905,0,189,177243.645166868,9,0,1,0,0,0,0,1,0,0,1,0,0,0,1,0,0,0,1,0,0,0,0,0,0,0,0
"1039",0,0,546,798,546,0,0,0,65458.7171441104,40,0,0,1,0,0,0,1,1,0,1,0,0,0,0,1,0,0,1,0,0,0,0,0,0,0,1
"1041",168,682,284,1803,0,484,0,0,85714.4437132603,53,0,1,0,0,0,0,1,0,0,1,0,0,0,0,1,0,0,0,0,1,0,0,1,0,0,0
"1042",400,64,336,800,832,484,0,0,104389.172489531,44,0,1,0,0,0,0,0,0,0,1,0,0,0,0,1,0,0,1,0,1,0,0,0,1,0,0
"1048",686,0,304,990,0,672,0,0,85696.8930443673,16,0,1,0,0,0,0,1,0,0,1,0,0,0,1,0,0,0,1,0,0,1,0,0,1,0,0
"1049",0,0,0,1771,0,336,0,0,77729.4878640613,50,0,1,0,0,0,0,1,0,0,1,0,0,0,0,0,0,0,0,0,1,0,0,0,1,0,0
"1050",0,0,0,930,0,308,0,0,58392.654492933,64,0,1,0,0,0,0,1,0,0,1,0,0,0,0,0,0,0,1,0,0,1,0,0,1,0,0
"1053",442,0,374,1127,850,540,0,0,90885.0551920153,46,0,1,0,0,0,0,0,0,0,1,0,0,0,0,1,0,0,1,0,1,0,0,1,0,0,0
"1054",383,0,833,1526,0,364,116,0,98281.2680664096,53,0,1,0,0,0,0,1,0,0,1,0,0,0,0,1,0,0,0,0,0,0,0,0,1,0,1
"1060",297,557,0,1096,895,432,0,0,120746.432491767,78,0,1,0,0,0,0,1,0,0,1,0,0,0,0,1,0,0,1,0,0,1,0,0,1,0,0
"1062",0,0,894,894,0,1248,0,0,49302.7615633236,75,0,0,0,0,0,0,1,0,0,1,0,0,0,0,1,0,0,1,0,0,1,0,1,0,1,0
"1063",0,0,662,1422,915,560,0,0,50242.5599142527,110,0,0,1,0,0,0,1,0,0,1,0,0,0,0,1,0,1,0,0,0,1,0,0,1,0,0
"1064",397,0,706,1103,0,440,166,0,59854.291363107,85,0,0,1,0,0,0,0,0,0,1,0,0,0,0,1,0,0,1,0,0,1,0,0,1,0,0
"1066",1201,0,105,1306,954,533,296,0,225592.351869046,14,0,1,0,0,0,0,1,0,0,1,0,0,0,0,0,1,0,1,0,1,0,0,1,0,0,0
"1067",0,0,799,799,772,380,0,0,120120.12012012,17,0,1,0,0,0,0,1,0,0,1,0,0,0,1,0,0,0,1,0,1,0,0,1,0,0,1
"1070",220,0,625,893,0,576,0,0,74219.8667341059,61,0,1,0,0,0,0,1,0,0,1,0,0,0,0,1,0,0,1,0,0,1,0,0,1,0,1
"1073",0,0,810,1002,454,280,0,0,49616.8925184233,62,0,1,0,0,0,0,0,0,0,1,0,0,1,0,0,0,0,1,0,0,1,0,0,1,0,0
"1076",410,0,390,960,780,240,0,0,121270.048231778,70,0,1,0,0,0,0,1,0,0,1,0,0,0,0,1,0,0,1,1,1,0,0,0,1,0,0
"1077",626,0,170,1096,370,566,436,0,92567.8876552554,74,0,1,0,0,0,0,1,0,0,1,0,0,1,0,0,0,0,0,0,1,0,0,0,1,0,0
"1081",656,0,602,1258,0,528,55,0,91096.9963121423,39,0,1,0,0,0,0,1,0,0,1,0,0,0,0,1,0,0,1,0,1,0,0,1,0,0,0
"1085",592,0,99,691,807,409,315,0,101562.711588982,15,0,1,0,0,0,0,1,0,0,1,0,0,0,1,0,0,0,1,0,1,0,0,0,0,0,0
"1088",0,0,1082,1082,871,1043,160,0,170057.698147586,5,1,0,0,0,0,0,1,0,0,1,0,0,0,1,0,0,0,1,0,1,0,0,1,0,1,1
"1092",510,0,90,624,628,462,0,0,95287.440519793,11,1,0,0,0,0,0,1,0,0,1,0,0,0,1,0,0,0,1,0,0,1,0,0,1,0,0
"1093",423,0,758,1390,304,576,342,0,81958.354348296,85,0,1,0,0,0,0,1,0,0,1,0,0,0,0,1,0,0,1,0,0,1,0,0,1,0,0
"1094",661,0,203,1200,0,884,0,0,79321.5292756206,45,0,1,0,0,0,0,0,0,0,1,0,0,0,0,1,0,0,1,0,0,1,0,0,1,0,0
"1095",248,240,448,936,0,308,0,160,87738.9867167255,54,0,1,0,0,0,0,1,0,0,1,0,0,0,0,1,0,0,1,0,1,0,0,0,0,0,1
"1097",0,0,684,773,582,0,136,0,69703.6223929748,96,0,0,1,0,0,0,1,0,0,1,0,0,0,0,1,0,0,1,0,0,0,0,0,0,0,0
"1099",672,0,0,757,567,240,0,0,84905.4100665977,74,0,0,1,0,0,0,1,0,0,1,0,0,0,0,1,0,0,1,0,0,1,0,0,1,0,0
"1101",290,0,0,438,0,246,0,0,40167.9018296479,90,0,1,0,0,0,0,1,0,0,1,0,0,0,0,1,0,0,1,0,0,1,0,0,1,0,0
"1106",1032,0,431,1500,1122,712,186,0,223529.007187317,16,0,1,0,1,0,0,1,0,0,1,0,0,0,0,0,0,0,1,1,1,0,0,1,0,0,0
"1107",738,0,172,1442,0,719,0,0,98904.844633079,20,0,1,0,0,0,0,0,0,0,1,0,0,0,1,0,0,0,1,0,1,0,0,0,0,0,1
"1110",1039,0,797,1836,0,862,125,0,191091.061715588,6,0,1,0,0,1,0,1,0,0,1,0,0,0,0,0,0,0,1,0,1,0,0,0,0,1,0
"1111",219,0,554,773,885,431,224,0,112880.370824027,15,0,1,0,0,0,0,1,0,0,1,0,0,0,1,0,0,0,1,0,1,0,0,0,0,0,0
"1114",643,0,365,1008,0,240,0,0,73944.9783387944,57,0,1,0,0,0,0,1,0,0,1,0,0,0,0,1,0,0,1,0,1,0,0,0,1,0,1
"1115",415,0,418,833,0,326,0,0,63444.5510891315,56,0,1,0,0,0,0,1,0,0,1,0,0,0,0,1,0,0,1,0,0,1,0,0,1,0,0
"1118",702,0,192,894,0,450,0,0,77830.7958498225,43,0,1,0,0,0,0,0,0,0,1,0,0,0,0,1,0,0,1,0,1,0,0,1,0,0,1
"1119",0,0,533,1021,580,300,280,0,91770.7828047773,52,0,1,0,0,0,0,1,0,0,1,0,0,0,0,1,0,0,0,0,0,0,0,1,0,0,0
"1121",0,0,1012,1012,0,308,0,0,65093.572009764,90,0,0,1,0,0,0,1,0,0,1,0,0,0,0,1,0,0,1,0,0,1,0,0,1,0,1
"1124",0,0,698,698,0,0,0,0,78766.4374874841,63,0,1,0,0,0,0,1,1,0,1,0,0,0,0,1,0,0,1,0,0,0,0,0,0,0,0
"1129",0,0,847,847,1112,434,100,0,118783.874122242,6,0,1,0,0,0,0,1,0,0,1,0,0,0,1,0,0,0,1,0,0,0,0,0,0,0,0
"1131",622,0,500,1328,653,576,431,0,92037.7150103287,82,0,1,0,0,0,0,1,0,0,1,0,0,0,0,1,0,0,0,1,0,1,0,0,1,0,0
"1132",212,0,762,974,0,0,0,0,52196.4372442514,19,0,1,0,0,0,0,1,0,0,1,0,0,0,1,0,0,0,1,0,0,0,0,0,0,0,0
"1133",0,0,1008,1178,1032,205,0,0,64598.7728982033,130,0,0,1,0,0,0,1,0,0,1,0,0,0,0,1,0,1,1,0,0,1,0,0,1,0,1
"1136",0,0,960,986,0,180,0,0,56077.2326435467,84,0,0,1,0,0,0,1,0,0,1,0,0,0,0,1,0,0,1,0,0,1,0,0,1,0,1
"1138",0,0,780,780,240,0,0,0,63933.835281955,135,0,1,0,0,0,0,0,0,0,1,0,0,0,0,1,0,0,1,0,0,0,0,0,0,0,1
"1140",645,0,270,1167,0,495,0,126,79167.857849713,90,0,1,0,0,0,0,1,0,0,1,0,0,0,0,1,0,0,0,0,0,1,0,0,1,0,1
"1145",348,0,324,672,252,280,0,0,54220.7462130198,69,0,1,0,0,0,0,1,0,0,1,0,0,0,1,0,0,0,1,0,0,1,0,0,1,0,0
"1148",275,0,429,860,704,234,0,0,115749.953567354,69,0,1,0,0,0,0,1,0,0,1,0,0,0,0,1,0,0,1,0,1,0,0,0,1,0,0
"1149",0,0,572,572,539,288,0,0,71154.2324290436,84,0,0,1,0,0,0,1,0,0,1,0,0,0,0,1,0,0,1,0,0,1,0,0,1,0,0
"1150",624,0,26,832,650,324,0,0,94855.2628087771,90,0,0,1,0,0,0,0,0,0,1,0,0,0,0,1,0,0,1,0,0,1,0,0,1,0,0
"1153",296,547,230,1811,0,470,0,0,124583.592882485,54,0,1,0,0,0,0,1,0,0,1,0,0,0,0,1,0,0,1,0,1,0,0,0,0,0,0
"1154",538,0,278,816,0,432,0,0,72351.5142781661,80,0,0,1,0,0,0,1,0,0,1,0,0,0,0,1,0,0,1,0,0,1,0,0,1,0,0
"1155",454,0,410,902,918,492,60,273,120817.343096109,45,0,1,0,0,0,0,1,0,0,1,0,0,0,0,1,1,0,1,1,1,0,0,0,1,0,1
"1156",1157,0,280,1437,0,528,0,180,120441.323528599,34,0,1,0,0,0,0,1,0,0,1,0,0,0,1,0,1,0,1,0,1,0,0,1,0,0,0
"1157",633,0,586,1265,0,502,0,0,113023.100941754,45,0,1,0,0,0,0,1,0,0,1,0,0,0,0,1,1,0,1,0,1,0,0,1,0,0,0
"1158",904,0,410,1314,0,626,172,0,152564.408713418,3,0,1,0,0,1,0,1,1,0,1,0,0,0,1,0,0,0,1,0,1,0,0,1,0,0,0
"1162",728,0,568,1640,0,924,108,0,143517.065076019,56,0,1,0,0,0,0,0,0,0,1,0,0,0,0,1,0,0,1,0,0,1,0,0,1,0,0
"1169",626,0,501,1236,872,540,0,90,141800.321011791,75,0,1,0,0,0,0,1,0,0,1,0,0,0,0,1,0,0,1,1,0,0,0,0,1,0,0
"1170",1387,0,543,1831,1796,807,361,0,338542.371963275,15,0,1,0,1,0,0,1,0,0,1,0,0,0,0,0,1,0,1,0,1,0,0,0,0,1,0
"1173",0,0,625,625,625,625,0,0,102374.443908453,4,1,0,0,0,0,0,1,0,0,1,0,0,0,1,0,0,0,1,0,0,1,0,0,0,0,0
"1174",152,469,977,1636,971,0,122,0,110043.907793633,64,0,1,0,0,0,0,1,0,0,1,0,0,0,0,1,0,0,0,0,0,0,0,0,0,0,0
"1175",503,0,449,1170,1175,360,0,0,129458.603038756,78,0,1,0,0,0,0,1,0,0,1,0,0,0,1,0,0,0,1,0,0,1,0,0,1,0,0
"1176",700,0,983,2129,743,541,0,0,156474.760895585,18,0,1,0,1,0,0,1,0,0,1,0,0,0,1,0,0,0,1,0,1,0,0,0,0,0,0
"1177",658,0,218,923,0,264,362,0,75076.4900641448,26,0,1,0,0,0,0,1,0,0,1,0,0,0,0,1,0,0,1,0,1,0,0,0,1,0,0
"1178",468,0,350,818,406,210,0,0,78402.4979717615,84,0,0,1,0,0,0,0,0,0,1,0,0,0,0,1,0,0,1,0,0,1,0,0,1,0,0
"1179",0,0,731,820,523,186,192,0,102748.812650906,89,0,1,0,0,0,0,1,0,0,1,0,0,0,0,1,0,0,1,0,0,1,0,0,1,0,0
"1181",1216,0,0,1298,1216,693,0,0,136129.246551846,20,0,1,0,0,0,0,1,0,0,1,0,0,0,1,0,0,0,1,0,1,0,0,0,0,0,0
"1184",821,0,299,1130,0,720,229,0,65022.6766584846,90,0,1,0,0,0,0,1,0,0,1,0,0,0,0,1,0,0,1,0,0,1,0,0,1,0,0
"1186",392,0,392,949,272,392,0,0,57400.1926107512,86,0,1,0,0,0,0,1,0,0,1,0,0,0,0,1,0,0,1,0,1,0,0,0,1,0,0
"1187",440,0,538,1014,685,420,0,0,63050.86545609,110,0,1,0,0,0,0,0,0,0,1,0,0,1,0,0,0,0,1,0,0,0,0,0,1,0,0
"1188",1456,0,168,1624,0,757,0,0,141916.962327005,16,0,1,0,1,0,0,1,0,0,1,0,0,0,1,0,0,0,1,0,1,0,0,1,0,1,0
"1191",1159,0,90,1622,0,1356,439,0,92206.3666300768,49,0,1,0,0,0,0,1,0,0,1,0,0,0,0,1,0,0,1,0,0,0,0,0,0,0,0
"1192",0,0,776,764,677,492,206,0,99329.809218263,11,1,0,0,0,0,0,1,0,0,1,0,0,0,1,0,0,0,1,0,0,1,0,0,1,0,0
"1193",0,0,702,842,630,250,0,0,69060.3919315363,85,0,0,1,0,0,0,1,0,0,1,0,0,0,0,1,0,0,1,0,0,1,0,0,1,0,0
"1198",0,0,815,815,875,225,0,0,78000.1625003385,94,0,0,1,0,0,0,1,0,0,1,0,0,0,0,1,0,0,1,0,0,1,0,0,1,0,0
"1200",547,0,504,1382,0,459,0,0,80408.1255670674,47,0,1,0,0,0,0,1,0,0,1,0,0,0,0,1,0,0,1,0,1,0,0,0,1,0,0
"1203",0,0,884,884,464,216,0,0,78955.3598542363,85,0,0,1,0,0,0,1,0,0,1,0,0,0,0,1,0,0,1,0,0,1,0,0,1,0,1
"1204",0,0,1630,1630,0,451,74,0,143346.501470479,10,0,1,0,0,0,0,1,0,0,1,0,0,0,1,0,0,0,1,0,1,0,0,0,1,0,0
"1206",485,177,1496,2196,0,701,84,0,181496.562312262,20,0,1,0,0,0,0,1,0,0,1,0,0,0,1,0,0,0,1,0,1,0,0,1,0,1,0
"1209",504,108,319,1283,0,506,0,0,87955.7205772408,48,0,1,0,0,0,0,1,0,0,1,0,0,0,0,1,0,0,1,0,0,1,0,0,1,0,0
"1212",427,0,132,1080,672,492,325,0,111043.401719819,22,0,1,0,0,0,0,1,0,0,1,0,0,0,1,0,0,0,1,0,0,0,0,1,0,0,0
"1213",344,0,328,672,0,234,0,0,74997.3452267176,69,0,1,0,0,0,0,1,0,0,1,0,0,0,0,1,0,0,1,0,1,0,0,0,1,0,0
"1214",648,0,0,960,0,364,88,0,78641.5086153129,45,0,1,0,0,0,0,1,0,0,1,0,0,0,0,1,0,0,1,0,1,0,0,0,1,0,1
"1219",0,0,0,672,240,0,0,0,43604.2575088698,63,0,0,1,0,0,0,1,0,0,1,0,0,0,0,0,0,0,1,0,0,0,0,0,0,0,0
"1223",196,0,844,1168,678,315,0,0,78260.1081412403,61,0,1,0,0,0,0,0,0,0,1,0,0,0,0,1,0,0,1,0,1,0,0,0,1,0,0
"1225",724,0,64,788,702,388,100,0,108746.402208025,6,0,1,0,0,0,0,0,0,0,1,0,0,0,1,0,0,0,1,0,1,0,0,0,0,0,0
"1228",595,0,317,912,0,576,0,0,96359.3219450162,45,0,1,0,0,0,0,1,1,0,1,0,0,0,0,1,0,0,1,0,0,1,0,0,1,0,0
"1235",0,0,940,1024,940,0,0,0,83291.1538387612,99,0,0,0,0,0,0,1,0,0,1,0,0,0,0,1,0,0,1,0,0,0,0,0,0,0,0
"1236",0,0,747,892,892,180,203,0,75230.6150637814,96,0,1,0,0,0,0,1,0,0,1,0,0,0,1,0,0,0,1,0,0,1,0,0,1,0,0
"1238",0,0,847,847,1101,434,100,0,105859.743982281,6,0,1,0,0,0,0,1,0,0,1,0,0,0,1,0,0,0,1,0,0,0,0,0,0,0,0
"1245",0,0,792,792,725,400,0,0,124626.796928762,81,0,1,0,0,0,0,1,0,0,1,0,0,0,1,0,0,0,1,1,0,1,0,0,1,0,0
"1246",0,0,585,1140,728,477,268,147,97414.6800639216,26,0,1,0,0,0,0,1,0,0,1,0,0,0,1,0,0,0,1,0,0,0,0,0,0,0,0
"1249",319,0,416,1134,924,396,0,0,77391.5174115974,93,0,0,1,0,0,0,1,0,0,1,0,0,0,1,0,0,0,1,0,0,1,0,0,1,0,0
"1254",125,1031,36,1516,651,518,220,0,162430.041822973,36,0,1,0,0,0,0,1,0,0,1,0,0,0,0,1,1,0,1,1,1,0,0,1,0,0,0
"1255",0,0,746,760,896,397,178,0,99803.2897674475,7,0,1,0,0,0,0,1,0,0,1,0,0,0,1,0,0,0,1,0,0,0,0,0,0,0,0
"1256",425,0,459,959,408,560,0,120,72784.773996141,79,0,0,1,0,0,0,1,0,0,1,0,0,0,0,1,0,0,1,0,0,1,0,0,1,0,0
"1258",0,0,864,864,0,0,0,0,66266.0192629149,88,0,1,0,0,0,0,0,0,0,1,0,0,1,0,0,0,0,1,0,0,0,0,0,0,0,0
"1263",0,0,1104,1104,684,304,120,0,109159.237304747,53,0,1,0,0,0,0,1,0,0,1,0,0,0,0,1,0,1,0,1,1,0,0,0,1,0,0
"1264",0,0,764,1060,764,520,0,0,99723.2059491384,91,0,1,0,0,0,0,1,0,0,1,0,0,0,0,1,0,0,1,0,0,1,0,0,1,0,0
"1265",266,0,1139,1337,0,511,144,0,110170.368431624,12,0,0,0,0,0,0,1,0,0,1,0,0,0,1,0,0,0,1,0,1,0,0,0,0,0,0
"1267",0,0,925,964,925,308,0,0,66767.3649876316,100,0,0,1,0,0,0,0,0,0,1,0,0,0,0,1,0,0,1,0,0,1,0,0,1,0,0
"1268",0,0,2002,2018,0,746,144,0,257435.709087447,2,0,1,0,0,0,0,1,0,1,1,0,0,0,0,0,1,0,1,0,1,0,0,0,0,1,1
"1269",192,0,536,1968,1479,1014,314,0,228104.101682941,75,0,1,0,0,0,0,1,0,0,1,0,0,0,0,1,0,0,1,1,0,0,0,0,1,1,1
"1274",719,0,300,1357,0,312,0,163,105969.622041681,51,0,1,0,0,0,0,1,0,0,1,0,0,0,0,1,0,0,1,0,0,0,0,1,0,0,1
"1275",0,0,661,661,589,552,242,0,79349.6751801066,100,0,1,0,0,0,0,1,0,0,1,0,0,0,0,1,0,0,1,0,0,1,0,0,1,0,0
"1276",220,0,708,928,992,400,0,0,75690.1895569638,62,0,1,0,0,0,0,0,0,0,0,1,0,0,0,1,0,0,1,0,0,1,0,0,1,0,0
"1278",528,0,1152,1724,0,480,0,0,132100.66083706,43,0,1,0,0,0,0,1,0,0,1,0,0,0,1,0,0,0,1,0,1,0,0,1,0,0,0
"1280",0,0,698,698,430,528,30,0,47044.2587434231,90,0,0,0,0,0,0,1,0,0,1,0,0,0,0,1,0,0,1,0,0,1,0,1,0,0,0
"1283",532,144,364,1040,0,484,0,288,100580.762007873,33,0,1,0,0,0,0,1,1,0,1,0,0,0,1,0,0,0,1,0,0,1,0,0,1,0,0
"1285",0,0,804,1699,748,336,272,116,117691.300593331,91,0,1,0,0,0,0,0,0,0,1,0,0,0,0,1,0,0,0,0,0,1,0,0,1,0,0
"1286",0,0,780,825,587,280,45,0,89415.2579545838,71,0,0,1,0,0,0,1,0,0,1,0,0,0,0,1,0,0,1,0,0,1,0,0,1,0,1
"1293",0,0,994,1378,994,432,0,0,73289.2915822988,118,0,0,1,0,0,0,1,0,0,1,0,0,0,0,1,0,0,0,0,1,0,0,1,0,0,0
"1295",167,0,697,864,0,572,0,0,62619.4534138492,55,0,1,0,0,0,0,1,0,0,1,0,0,0,0,1,0,0,1,0,0,1,0,0,1,0,0
"1300",340,906,0,1246,0,305,218,0,104742.66631299,51,0,1,0,0,0,0,1,0,0,1,0,0,0,0,1,0,0,1,0,1,0,0,1,0,0,1
"1302",547,0,224,753,741,213,0,224,119973.774746703,68,0,1,0,0,0,0,1,0,0,1,0,0,0,0,1,0,0,1,1,1,0,0,0,1,0,0
"1306",1572,0,80,1652,0,840,404,0,219670.291789738,4,0,1,0,0,1,0,1,0,0,1,0,0,0,0,0,0,0,1,1,1,0,0,0,0,0,0
"1308",746,0,244,990,0,480,0,0,93126.8346998684,16,0,1,0,0,0,0,1,0,0,1,0,0,0,1,0,0,0,1,0,0,1,0,0,1,0,1
"1309",144,608,172,1122,0,528,0,0,88008.6691532608,62,0,0,1,0,0,0,1,0,0,1,0,0,0,0,1,0,0,1,0,1,0,0,0,1,0,1
"1311",1406,0,496,1902,0,567,0,0,227849.306589946,51,0,1,0,0,0,0,0,0,0,1,0,0,0,1,0,0,0,1,1,1,0,0,0,0,0,1
"1319",0,0,1753,1787,0,748,198,0,149121.80811548,9,0,1,0,0,0,0,1,0,0,1,0,0,0,1,0,1,0,1,0,1,0,0,1,0,1,0
"1322",0,0,0,720,0,287,0,0,43746.9075461907,61,0,1,0,0,0,0,0,0,0,1,0,0,0,0,0,0,0,1,0,0,1,0,0,1,0,0
"1324",280,0,140,708,0,0,164,0,56245.2702840897,70,0,1,0,0,0,0,1,0,0,1,0,0,0,0,1,0,0,1,0,0,0,0,0,0,0,0
"1326",0,0,796,796,0,0,0,0,32147.1991022164,88,0,0,1,0,0,0,1,0,0,1,0,0,0,0,1,0,0,1,0,0,0,0,0,0,0,0
"1327",544,0,0,774,0,0,0,0,43432.3664592176,79,0,0,0,0,0,0,1,0,0,1,0,0,0,0,1,0,0,1,0,0,0,0,0,0,0,1
"1328",641,0,175,816,0,264,0,0,81987.2966809281,28,0,1,0,0,0,0,1,1,0,1,0,0,0,0,1,0,0,1,0,1,0,0,0,1,0,0
"1329",493,0,1017,1584,1208,520,0,480,153709.441122079,90,0,0,1,0,0,0,1,0,0,1,0,0,0,1,0,0,1,0,1,0,1,0,0,1,0,0
"1333",690,0,126,816,0,288,0,0,67483.2135506293,72,0,1,0,0,0,0,1,0,0,1,0,0,0,0,1,0,0,1,0,0,1,0,0,1,0,1
"1334",0,0,803,803,557,297,0,0,67979.3082902256,72,0,0,1,0,0,0,1,0,0,1,0,0,0,0,1,0,0,1,0,0,1,0,0,1,0,0
"1338",0,0,693,693,0,0,0,0,28727.4557870776,69,0,0,1,0,0,0,0,0,0,1,0,0,0,0,1,0,0,1,0,0,0,0,0,0,0,0
"1342",814,0,300,1114,0,576,0,0,93527.8713056491,7,0,1,0,0,0,0,0,0,0,1,0,0,0,1,0,0,0,1,0,0,1,0,0,1,0,0
"1344",0,0,896,1172,741,342,0,0,120796.849727354,82,0,1,0,0,0,0,1,0,0,1,0,0,0,0,1,0,0,1,0,0,1,0,0,1,0,0
"1346",250,0,710,960,0,308,0,0,59944.4201965735,90,0,0,1,0,0,0,1,0,0,1,0,0,0,0,1,0,0,1,0,0,1,0,0,1,0,0
"1347",297,68,1203,2156,0,508,0,0,142237.105190435,42,0,1,0,0,0,0,0,0,0,1,0,0,0,0,1,0,0,1,0,1,0,0,1,0,0,0
"1350",259,0,425,938,1215,0,0,0,79971.6821584488,138,0,0,1,0,0,0,1,0,0,1,0,0,0,0,1,0,0,1,0,0,0,0,0,0,0,0
"1353",0,0,698,786,390,624,210,0,89482.3423280002,73,0,0,1,0,0,0,1,0,0,1,0,0,0,0,1,0,0,1,0,0,1,0,0,1,0,0
"1354",816,0,1217,2053,1185,666,283,0,285523.273628792,15,0,1,0,1,0,0,1,0,0,1,0,0,0,1,0,0,0,1,0,1,0,0,0,0,1,0
"1356",0,0,570,1222,698,487,0,0,92287.9819332704,42,0,1,0,0,0,0,1,0,0,1,0,0,0,0,1,0,0,1,0,1,0,0,1,0,0,0
"1358",734,0,344,1078,0,500,0,0,103098.455930397,39,0,1,0,0,0,0,1,1,0,1,0,0,0,0,1,0,0,1,0,1,0,0,0,0,0,0
"1360",1447,0,533,1980,0,770,194,0,171004.20181753,6,0,1,0,0,1,0,1,0,0,1,0,0,0,0,0,0,0,1,0,1,0,0,0,0,1,0
"1361",0,0,612,990,1611,621,183,0,113154.00319705,89,0,1,0,0,0,0,0,0,0,1,0,0,0,0,1,0,0,1,0,0,0,0,1,0,0,1
"1363",0,0,715,1281,457,368,55,0,70022.0279020092,90,0,1,0,0,0,0,0,0,0,1,0,0,0,0,1,0,0,1,0,1,0,0,0,1,0,0
"1369",685,0,163,848,0,420,140,0,96121.7542220146,7,0,0,1,0,0,0,1,0,0,1,0,0,0,1,0,0,0,1,0,1,0,0,0,0,0,0
"1371",315,105,420,840,534,338,0,0,70663.768330518,90,0,1,0,0,0,0,0,0,0,1,0,0,0,0,1,0,0,1,0,0,1,0,0,0,0,0
"1372",831,0,161,1661,0,377,0,178,103976.226825238,55,0,1,0,0,0,0,1,0,0,1,0,0,0,0,1,0,0,1,0,0,0,0,1,0,0,0
"1374",1282,0,1351,2633,0,804,314,0,256037.321624588,9,0,1,0,1,0,0,1,0,0,1,0,0,0,0,0,1,0,1,1,1,0,0,1,0,1,0
"1377",384,0,384,790,0,160,0,0,54383.2284513927,80,0,1,0,0,0,0,1,0,0,1,0,0,0,1,0,0,0,1,0,0,1,0,0,1,0,0
"1378",408,420,156,984,620,660,0,0,77608.8513889994,69,0,1,0,0,0,0,1,0,0,1,0,0,0,0,1,0,0,0,0,0,1,0,0,1,0,0
"1380",0,0,384,754,640,400,100,0,100281.986960348,4,0,1,0,0,0,0,1,0,0,1,0,0,0,1,0,0,0,1,0,0,0,0,0,0,0,1
"1381",203,0,661,864,0,200,0,0,39609.9939061548,96,0,1,0,0,0,0,1,0,0,1,0,0,0,0,1,0,0,1,0,0,1,0,0,1,0,0
"1383",0,0,596,998,764,576,36,0,85297.8088785783,90,0,0,1,0,0,0,1,0,0,1,0,0,1,0,0,0,0,1,0,0,1,0,0,1,0,0
"1384",0,0,816,1416,0,576,0,0,62138.3354693386,92,0,1,0,0,0,0,1,0,0,1,0,0,0,0,1,0,0,1,0,1,0,0,0,1,0,0
"1385",204,0,356,698,560,280,0,0,70663.768330518,71,0,1,0,0,0,0,1,0,0,1,0,0,0,0,1,0,0,1,0,0,1,0,0,1,0,0
"1386",735,0,61,796,358,240,0,0,85358.4715732484,88,0,0,1,0,0,0,1,0,0,1,0,0,0,0,1,0,0,1,0,0,1,0,0,1,0,1
"1389",1320,0,426,1746,0,758,201,0,254053.071854958,4,0,1,0,0,0,0,1,0,0,1,0,0,0,0,0,1,0,1,1,1,0,0,0,0,1,0
"1390",375,0,360,869,349,440,0,0,71899.0120746433,69,0,0,1,0,0,0,1,0,0,1,0,0,0,0,1,0,0,1,0,0,1,0,0,1,0,0
"1394",0,0,482,1221,691,672,0,0,97411.7168964507,105,0,0,1,0,0,0,1,0,0,1,0,0,1,0,0,0,0,1,0,0,1,0,0,1,0,0
"1396",0,0,1094,1133,1349,642,144,0,154108.736991511,5,0,1,0,0,0,0,1,0,0,1,0,0,0,1,0,1,0,1,0,0,0,0,0,0,1,0
"1397",353,334,60,1687,0,572,0,0,108335.026068116,62,0,1,0,0,0,0,1,0,0,1,0,0,0,0,1,0,0,0,1,0,1,0,0,1,0,0
"1398",0,0,939,939,574,180,24,0,75594.3087106635,90,0,0,1,0,0,0,1,0,0,1,0,0,0,0,1,0,0,1,0,0,1,0,0,1,0,1
"1399",180,352,676,1136,768,240,0,0,93126.8346998684,60,0,1,0,0,0,0,1,0,0,1,0,0,0,0,1,0,0,0,0,1,0,0,0,1,0,1
"1400",264,0,712,1160,448,216,147,0,92502.2376859971,85,0,1,0,0,0,0,1,0,0,1,0,0,0,0,1,0,0,1,0,0,1,0,0,1,0,0
"1401",0,0,862,950,208,208,0,0,72408.6745592122,81,0,0,1,0,0,0,1,0,0,1,0,0,0,0,1,0,0,1,0,0,0,0,1,0,0,0
"1406",1373,0,221,1646,0,482,128,155,160735.995511082,6,0,0,1,0,0,0,1,0,0,1,0,0,0,0,0,1,0,1,0,1,0,0,0,0,0,0
"1407",656,0,112,768,0,396,58,0,90768.2543149044,38,0,1,0,0,0,0,1,0,0,1,0,0,0,1,0,0,0,1,0,0,1,0,0,1,0,0
"1409",0,0,622,741,622,528,0,168,84975.2860721782,100,0,0,1,0,0,0,1,0,0,1,0,0,1,0,0,0,0,1,0,0,1,0,0,1,0,0
"1410",0,0,791,1236,857,542,364,0,137750.754425643,24,0,1,0,0,0,0,1,0,0,1,0,0,0,1,0,0,0,1,0,1,0,0,0,0,0,0
"1412",120,0,736,1112,556,271,0,0,93563.4995422072,60,0,1,0,0,0,0,1,0,0,1,0,0,0,0,1,0,0,0,0,1,0,0,0,1,0,0
"1413",0,0,0,1040,0,420,0,0,60076.0963887591,61,0,1,0,0,0,0,1,0,0,1,0,0,0,0,0,0,0,1,0,0,1,0,0,1,0,0
"1414",976,0,868,1844,0,620,165,0,171755.852731052,5,0,1,0,0,0,0,1,0,0,1,0,0,0,1,0,0,0,1,0,1,0,0,0,0,0,0
"1415",0,0,833,1053,795,370,0,220,124288.493407306,87,0,1,0,0,0,0,1,0,0,1,0,0,0,0,1,0,0,1,0,0,1,0,0,1,0,0
"1417",0,0,777,1246,1044,560,0,0,84253.2411706042,125,0,0,1,0,0,0,1,0,0,1,0,0,0,0,1,0,0,1,0,0,1,0,0,1,0,0
"1425",457,374,193,1344,0,484,316,0,79317.8663493952,52,0,1,0,0,0,0,1,0,0,1,0,0,0,0,1,0,0,0,0,0,1,0,0,1,0,0
"1428",580,0,333,1048,510,288,0,0,83666.505309835,65,0,1,0,0,0,0,0,0,0,1,0,0,0,0,1,0,0,1,0,1,0,0,0,1,0,0
"1429",510,0,278,804,0,240,0,0,83183.6261070762,70,0,0,1,0,0,0,1,0,0,1,0,0,0,0,1,0,0,1,1,1,0,0,0,1,0,0
"1433",0,0,656,968,0,216,0,0,35785.0235515388,83,0,1,0,0,0,0,1,0,0,1,0,0,0,0,1,0,0,1,0,0,1,0,0,1,0,0
"1436",0,0,1319,1537,0,462,0,0,104992.578110858,48,0,1,0,0,0,0,1,0,0,1,0,0,0,0,1,0,0,1,0,1,0,0,1,0,0,0
"1439",600,0,312,1236,0,923,0,0,102960.899618281,53,0,0,1,0,0,0,0,0,0,1,0,0,0,0,1,0,0,1,0,1,0,0,0,1,0,0
"1441",0,0,588,1423,748,672,431,0,117956.572219066,88,0,1,0,0,0,0,1,0,0,1,0,0,0,0,0,0,0,0,0,0,1,0,0,0,0,0
"1444",0,0,952,952,0,192,0,40,81654.6883962614,94,0,1,0,0,0,0,1,0,0,1,0,0,0,0,1,0,0,1,0,0,1,0,0,1,0,1
"1448",1079,0,141,1220,870,556,0,0,138449.024799682,15,0,1,0,0,0,0,1,0,0,1,0,0,0,1,0,0,0,1,0,1,0,0,1,0,0,0
"1449",0,0,560,796,550,384,168,0,61575.0005497768,100,0,1,0,0,0,0,1,0,0,1,0,0,1,0,0,0,0,0,0,0,1,0,0,1,0,1
"1455",410,0,811,1221,0,400,0,0,124502.829915675,6,1,0,0,0,0,0,1,0,0,1,0,0,0,1,0,0,0,1,0,1,0,0,1,0,0,0
"1456",0,0,953,953,694,460,0,0,97091.1491708416,11,0,1,0,0,0,0,1,0,0,1,0,0,0,1,0,0,0,1,0,1,0,0,1,0,0,0
"1457",790,163,589,2073,0,500,349,0,146794.634306605,32,0,1,0,0,0,0,1,0,0,1,0,0,0,1,0,0,0,0,1,1,0,0,0,1,0,0
"1458",275,0,877,1188,1152,252,0,0,181259.224496181,69,0,1,0,0,0,0,1,0,0,1,0,0,0,0,1,0,0,1,1,1,0,0,1,0,0,1
"1459",49,1029,0,1078,0,240,366,0,97750.9542969153,60,0,1,0,0,0,0,1,0,0,1,0,0,0,0,1,0,0,1,0,1,0,0,0,1,0,0
