"","Name","Game","Current Views","Current Duration","Broadcaster Type","Total Views"
"1","FACEIT TV","Counter-Strike: Global Offensive",114809,5.68448341528575,"partner",192284102
"2","SolaryFortnite","Fortnite",51778,1.03968918165399,"partner",50592874
"3","ZeratoR","TrackMania² Stadium",44265,1.68309591525131,"partner",60075325
"4","RiotGamesBrazil","League of Legends",39545,1.52781813747353,"partner",133748848
"5","Trymacs","Fortnite",36729,1.17309591525131,"partner",32518609
"6","Symfuhny","Fortnite",31437,3.71392924858464,"partner",19868595
"7","BeyondTheSummit_PT","Counter-Strike: Global Offensive",27636,5.10809591525131,"partner",40732652
"8","MrSavage","Fortnite",23085,39.8524382352829,"partner",11421417
"9","summit1g","World of Warcraft",21763,16.5172628594769,"partner",293133815
"10","PlayHearthstone","Hearthstone",21374,1.85004063725471,"partner",133861922
"11","StarLadder5","Counter-Strike: Global Offensive",21087,4.55226285947694,"partner",180483590
"12","LIRIK","Path of Exile",19241,34.7691049019496,"partner",300111999
"13","forsen","Jump King",18952,3.57420730392138,"partner",110107048
"14","esl_csgo_pl","Counter-Strike: Global Offensive",15751,32.0691049019496,"partner",42440500
"15","LeStream","Special Events",15720,1.25830030433006,"partner",57262969
"16","Nightblue3","League of Legends",13736,6.19670730392138,"partner",211195658
"17","HoneyMad","Fallout: New Vegas",13315,2.65781841503249,"partner",46057310
"18","StarCraft","StarCraft II",12972,2.92504063725471,"partner",50081057
"19","풍월량","Super Mario Maker",12265,5.62115202612347,"partner",58235221
"20","Yassuo","Jump King",11537,2.55476313723458,"partner",40955940
"21","VRChallenger","Onward",11417,7.52309647056792,"partner",8176120
"22","JtgTv","Counter-Strike: Global Offensive",11197,1.83226313723458,"partner",26542129
"23","ALOHADANCETV","Dota 2",11015,3.04420758167903,"partner",49091246
"24","한동숙","Total War: Three Kingdoms",10829,4.77531869279014,"partner",33583827
"25","Castro_1021","FIFA 19",10774,40.9357882340749,"partner",66461574
"26","AdmiralBahroo","Borderlands 2",10761,2.62476313723458,"partner",45252728
"27","AdmiralBulldog","Dota 2",10421,2.50726313723458,"partner",79344102
"28","PEL_Esports","PLAYERUNKNOWN'S BATTLEGROUNDS",9785,2.50837424834569,"partner",3711764
"29","Greekgodx","Terraria",9094,6.4119853594568,"partner",32156857
"30","RiotGamesTurkish","League of Legends",8891,5.96670785943667,"partner",133173507
"31","SCGTour","Magic: The Gathering",8558,3.74365230388112,"partner",64004349
"32","NoWay4u_Sir","League of Legends",8069,1.73559674832556,"partner",30288106
"33","stylishnoob4","PLAYERUNKNOWN'S BATTLEGROUNDS",7528,5.51754119277,"partner",28122887
"34","RebirthzTV","Grand Theft Auto V",7460,4.01309674832556,"partner",10045474
"35","DrLupo","Fortnite",7255,54.5524715662003,"partner",64613113
"36","ROSHTEIN","Slots",7191,2.30143008165889,"streamer",8384530
"37","JrokezFTW","Grand Theft Auto V",7065,4.07615230388112,"partner",5296452
"38","서새봄냥","Cooking Simulator",6677,2.40254119277,"partner",45252800
"39","ybicanoooobov","Dota 2",6675,4.59837452610334,"partner",41218302
"40","Zizaran","Path of Exile",6265,17.1536523038811,"partner",26761816
"41","KingGothalion","Destiny 2",6184,4.94254147052765,"partner",44600978
"42","boyMinORu","PLAYERUNKNOWN'S BATTLEGROUNDS",6095,4.36281924830543,"partner",21263271
"43","venruki","World of Warcraft",6044,1.11726369274987,"partner",21306394
"44","Issa","Fortnite",5914,40.1358215649923,"partner",1584438
"45","얍얍","Dark Souls II: Scholar of the First Sin",5668,7.1855970260832,"partner",45015580
"46","接接","Dungeon Munchies",5344,3.49365258163876,"partner",94632068
"47","NetherRealm","Mortal Kombat 11",5209,48.8358215649923,"partner",16613247
"48","StaysafeTV","World of Warcraft",5196,6.24781924830543,"partner",3595123
"49","TSM_Viss","Apex Legends",5148,2.27198591497209,"partner",29143665
"50","DansGaming","Cooking Simulator",5090,55.2524882316589,"partner",110475498
"51","PEL_Esports_RU","PLAYERUNKNOWN'S BATTLEGROUNDS",5050,2.43920841501819,"partner",2878494
"52","따효니","Hearthstone",4927,4.71615285946263,"partner",26169326
"53","Xayoo_","Just Chatting",4904,5.81504174835152,"partner",20655087
"54","PlayHearthstoneRU","Hearthstone",4872,1.80448619279597,"partner",4488532
"55","亞洲統神","League of Legends",4832,11.9847639705737,"partner",187334778
"56","Ko0416","Grand Theft Auto V",4748,9.29393063724041,"partner",20471183
"57","Bonjwa","Tom Clancy's Rainbow Six: Siege",4658,7.2353195261293,"partner",40236271
"58","fps_shaka","PLAYERUNKNOWN'S BATTLEGROUNDS",4460,4.64143063724041,"partner",17026393
"59","LVPes2","Fortnite",4453,1.14920841501819,"partner",26640848
"60","EWROON","Fortnite",4330,46.1358382344246,"partner",11752756
"61","ElmiilloR","League of Legends",4162,2.97754174835152,"partner",23766909
"62","Dota2RuHub","Dota 2",4098,10.3691882332166,"partner",182913609
"63","머독","Cooking Simulator",4032,4.65948647055361,"partner",16880754
"64","RaizQT","Path of Exile",4003,10.9550420261092,"partner",14877064
"65","갱생레바","Art",3886,4.20115313722028,"partner",14112953
"66","hashinshin","League of Legends",3735,19.2664309149981,"partner",18929365
"67","김뚜띠_","Minecraft",3691,9.91254202610916,"partner",2698165
"68","imaqtpie","League of Legends",3661,1.03254202610917,"partner",316286541
"69","Nick28T","FIFA 19",3633,1.36309758166472,"partner",35547726
"70","melharucos","Just Chatting",3621,10.3839309149981,"partner",34890356
"71","소우릎","League of Legends",3618,2.8083753594425,"partner",2650225
"72","Socio2k","Fortnite",3453,2.70920869277583,"affiliate",214848
"73","Solary","League of Legends",3450,9.66226452608903,"partner",70308794
"74","PG_Esports","League of Legends",3422,3.41670897053348,"partner",14553252
"75","WagamamaTV","Dota 2",3327,9.36615341497792,"partner",42320592
"76","themythic_","Fortnite",3264,1.12198674831125,"partner",651823
"77","花輪同學","League of Legends",3243,4.68448674831125,"partner",4740408
"78","JoshOG","Apex Legends",3236,4.37337563720014,"partner",68891123
"79","김나성","Minecraft",3221,12.1092089705335,"partner",9092473
"80","殺梗","Talk Shows & Podcasts",3217,1.52004230386681,"partner",66145573
"81","Shiphtur","League of Legends",3214,1.58198674831125,"partner",41232694
"82","itmeJP","Path of Exile",3174,36.0525382320086,"partner",66079593
"83","Kiwo","Grand Theft Auto V",3164,1.96615341497792,"partner",9724949
"84","룩삼","Hearthstone",3157,6.68893147057957,"partner",24014772
"85","GMHikaru","Chess",3129,1.81170924835735,"partner",1995755
"86","AdzTV","Fortnite",3103,1.35282035946846,"partner",5086625
"87","고차비","Music & Performing Arts",3099,5.00059813724624,"partner",4212365
"88","XEWER","Fortnite",3010,2.32782035946846,"partner",2119161
"89","Baiano","League of Legends",3003,47.5858882347743,"partner",1019362
"90","Danucd","PLAYERUNKNOWN'S BATTLEGROUNDS",2908,7.52170924835735,"partner",6374925
"91","avatariaclub","Stream Avatars",2904,1.6822648039129,"affiliate",4914099
"92","Jankos","League of Legends",2886,2.4647648039129,"partner",15756587
"93","nugiyen","Path of Exile",2852,8.97420924835735,"partner",19693238
"94","LAGTVMaximusBlack","Grand Theft Auto V",2847,4.30087619278166,"partner",27555900
"95","쉐리","Langrisser Mobile",2827,2.74420952611499,"partner",16537682
"96","BobRoss","Art",2819,1.90994391543998,"partner",27398780
"97","Alkaizerx","Path of Exile",2813,3.52920952611499,"partner",20101463
"98","singsing","Total War: Three Kingdoms",2802,9.32809841500388,"partner",77817921
"99","gaules","Just Chatting",2800,20.6280984150039,"partner",48320306
"100","TrU3Ta1ent","Dead by Daylight",2743,4.38337619278166,"partner",24666373
"101","Lory","Grand Theft Auto V",2695,5.18032111002339,"partner",12801630
"102","knekro","Just Chatting",2690,58.202616584301,"partner",8259980
"103","XEWER","Fortnite",2669,2.44809916529391,"partner",2119161
"104","룩삼","Hearthstone",2665,6.80921027640502,"partner",24014772
"105","PiazzTwitch","Fortnite",2655,2.12032166527377,"partner",1420964
"106","鳥屎","NULL",2637,1.16282166527377,"partner",12923639
"107","NymN","Just Chatting",2636,4.94643277638488,"partner",3943083
"108","gaules","Just Chatting",2618,20.7483772208293,"partner",48320306
"109","LAGTVMaximusBlack","Grand Theft Auto V",2606,4.42115527609984,"partner",27555900
"110","GamekultLive","Talk Shows & Podcasts",2590,1.99948860943317,"partner",5396980
"111","uzra","World of Warcraft",2531,12.9969886094332,"partner",42973729
"112","Vamkok","Grand Theft Auto V",2441,4.17698860943317,"affiliate",365892
"113","Dekarldent","Just Chatting",2417,2.30921110888322,"partner",1131707
"114","PainLivestream","Fortnite",2402,2.17782221999433,"partner",3655501
"115","ZeuSidiouss","Grand Theft Auto V",2385,3.95115583168136,"partner",6958854
"116","tnitan","Slots",2365,3.73004472057025,"streamer",112
"117","小奈","Grand Theft Auto V",2346,3.83976694279247,"partner",4172492
"118","Multiplayerit","Special Events",2304,45.6693665663401,"partner",53747446
"119","rxnexus","Dota 2",2295,6.461156109439,"partner",32716082
"120","SuperZouloux","Yu-Gi-Oh! TRADING CARD GAME",2235,4.09393416444461,"partner",222488
"121","Gssspotted","Grand Theft Auto V",2232,3.71310083111127,"partner",1712108
"122","Rekinss","Fortnite",2224,1.04504527555572,"partner",1388733
"123","teamquesogg","Fortnite",2201,45.936066532135,"partner",1307633
"124","PsheroTV","World of Warcraft",2201,10.9186566644245,"partner",17977242
"125","蝦愛橘子","Just Chatting",2182,13.9311566644245,"partner",10663164
"126","guit88man","The Witcher 2: Assassins of Kings",2180,4.74810110886892,"partner",18135145
"127","robi","Just Chatting",2156,47.6694165349007,"partner",4503628
"128","shtan_udachi","Hearthstone",2119,4.51476805335946,"partner",3311564
"129","Whippy","Grand Theft Auto V",2104,42.2194165349007,"partner",795430
"130","pajalockk","Just Chatting",2073,37.002749868234,"partner",4848366
"131","연두는말안드뤄","Games + Demos",2072,6.07421277556154,"partner",16880073
"132","LaeppaStream","My Summer Car",2069,4.77921277556155,"partner",12538620
"133","Llobeti4","Fortnite",2062,2.51865722000599,"partner",120821
"134","nyakoeu","World of Warcraft",2057,3.6897683311171,"affiliate",140573
"135","flamuu","World of Warships",2045,5.98115749776363,"partner",5170941
"136","TommyKayLIVE","Hearts of Iron IV",2031,8.4128241644303,"partner",1366775
"137","CasinoDaddy","Slots",1994,2.54643527554141,"streamer",10426207
"138","Kinamazing","Grand Theft Auto V",1944,4.48643527554141,"partner",1472529
"139","Giants","Fortnite",1923,1.30782444225417,"partner",175352
"140","icebergdoto","Dota 2",1918,4.63199110892084,"partner",1286295
"141","OfficialYuGiOhChannel","Yu-Gi-Oh! TRADING CARD GAME",1913,8.79782444225417,"streamer",2881757
"142","Ramee","Grand Theft Auto V",1887,1.66226888669862,"partner",658797
"143","오킹","League of Legends",1858,5.35032472001182,"partner",5005814
"144","H2P_Gucio","Just Chatting",1840,46.669483200709,"partner",15840428
"145","MONSTERSANDEXPLOSIONS","Special Events",1827,19.369483200709,"partner",12485236
"146","moO_UK","World of Warcraft",1816,5.54588055332502,"affiliate",1933794
"147","CyrusTWO","Grand Theft Auto V",1805,7.04199166443613,"partner",6148678
"148","SaltyTeemo","League of Legends",1798,1.83159918972188,"affiliate",3621675
"149","웁_게임방송","theHunter: Call of the Wild",1796,2.96643610888057,"partner",9996639
"150","letw1k3","Fortnite",1791,49.2195165316264,"partner",409350
"151","mL7_ow","Overwatch",1789,2.31226971997155,"partner",3707996
"152","KendineMuzisyen","Just Chatting",1770,12.9528498649597,"partner",24687281
"153","Yogscast","DND",1760,48.1861831982931,"partner",107741332
"154","우왁굳","Just Chatting",1758,3.09032555335098,"partner",25686924
"155","Overpow","League of Legends",1754,8.21143666446209,"partner",27963937
"156","ghazzytv","Path of Exile",1740,2.58199222001765,"partner",1545166
"157","Pandagirl91","Grand Theft Auto V",1736,8.0625477755732,"partner",6654128
"158","E3Streamer","Special Events",1731,1.66643694248464,"streamer",78576
"159","살인마협회장","Minecraft",1728,4.04504805359575,"partner",8228400
"160","DatModz","Path of Exile",1710,1.79060360915131,"partner",26755941
"161","Zade","Grand Theft Auto V",1697,2.47421499775516,"partner",2484761
"162","Attrix","Hearthstone",1687,1.95088166442182,"partner",2818918
"163","B0aty","Old School RuneScape",1685,2.47921499775516,"partner",64598656
"164","xLethal_Mercy","Call of Duty: Black Ops 4",1660,4.38699277553293,"partner",174233
"165","BlackFIreIce","Hearthstone",1656,2.04560416446792,"partner",22493563
"166","박옥자누나","League of Legends",1656,2.29921527557903,"partner",3187742
"167","잼미님","Just Chatting",1652,6.7883819422457,"partner",2179722
"168","EuropeanGoFederation","Go",1652,9.21699305335681,"streamer",6201082
"169","OgamingLoL","League of Legends",1646,2.73365999778112,"partner",133537678
"170","DoyserLive","Arena of Valor",1641,2.08421555333667,"partner",4555523
"171","Kotton","Escape From Tarkov",1640,37.3362665335337,"partner",7884757
"172","AkTep","PLAYERUNKNOWN'S BATTLEGROUNDS",1632,2.97310471998321,"partner",13813211
"173","Broxah","League of Legends",1621,7.94754916442765,"partner",1359234
"174","Opat04","League of Legends",1618,5.04866055415736,"partner",1220443
"175","Bounty92","Grand Theft Auto V",1600,4.01060499860181,"partner",908227
"176","Rubsarb","Grand Theft Auto V",1593,2.65643861028883,"partner",10807378
"177","kragiee","Overwatch",1587,4.51532749917772,"partner",5366642
"178","i1ame_ru","PLAYERUNKNOWN'S BATTLEGROUNDS",1580,4.31282749917772,"partner",10441990
"179","Starladder11","Counter-Strike: Global Offensive",1579,7.96171666469839,"partner",4084176
"180","BarbarousKing","Super Mario World",1548,1.83393888692061,"partner",3237264
"181","Yoshi93","FIFA 19",1544,4.98949444247617,"partner",1036497
"182","您老爸","Grand Theft Auto V",1532,2.6753277758095,"affiliate",298421
"183","GN_GG","Dota 2",1526,6.5669947199689,"partner",4821351
"184","TheCaramelGamer","Fortnite",1518,2.27643916441335,"affiliate",22289
"185","Immortoru","League of Legends",1497,47.1696831981341,"partner",9263027
"186","aDrive","Pokemon: Let's Go, Pikachu!/Eevee!",1497,2.02255027552446,"partner",9888496
"187","SoloRenektonOnly","League of Legends",1487,6.80393944223722,"partner",9351185
"188","SNEUX","Just Chatting",1467,1.60810610890388,"partner",556012
"189","TaeRss","They Are Billions",1461,1.74866166445944,"partner",11025321
"190","chessbrah","Chess",1459,2.26199527555042,"partner",9505068
"191","OgamingSC2","StarCraft II",1443,11.8808841644393,"partner",46453978
"192","HellYeahPlay","Just Chatting",1433,1.74671749777264,"partner",7806462
"193","easywithaces","Poker",1428,3.99310638666153,"partner",3123317
"194","mailand","World of Tanks",1417,4.76671777553029,"partner",3190969
"195","소니쇼","Langrisser Mobile",1407,4.78977333108584,"partner",17771257
"196","evion_official","Metin 2",1407,7.60338444219695,"streamer",15264
"197","Fairlight_Excalibur","Grand Theft Auto V",1405,8.38477333108584,"partner",20157951
"198","Flambass","World of Warships",1398,5.21282916473018,"partner",2346974
"199","Sco","World of Warcraft",1396,1.12421805361907,"partner",33195316
"200","Anomaly","Terraria",1389,1.77060694250796,"partner",24357593
"201","SNEUX","Just Chatting",1372,1.71124709447225,"partner",556012
"202","Sco","World of Warcraft",1370,1.22735848334101,"partner",33195316
"203","소니쇼","Langrisser Mobile",1366,4.89291403889656,"partner",17771257
"204","Bounty92","Grand Theft Auto V",1365,4.11374737222989,"partner",908227
"205","Ruben","Travel & Outdoors",1363,1.16346959445212,"partner",4219744
"206","Yoshi93","FIFA 19",1343,5.09263653887643,"partner",1036497
"207","lol_peanut","League of Legends",1337,2.88708098332087,"partner",7571116
"208","evion_official","Metin 2",1337,7.70652542776532,"streamer",15264
"209","LVPes3","Clash Royale",1325,2.39846987220976,"partner",17071373
"210","AdamKissAK","League of Legends",1303,3.56819209443198,"partner",6717870
"211","阿寧","League of Legends",1303,5.09430348330074,"partner",5890155
"212","Drnkie","Dauntless",1301,2.25402570552296,"partner",2734958
"213","viperdemon","Grand Theft Auto V",1299,7.09541459441185,"partner",6767803
"214","우주하마","PLAYERUNKNOWN'S BATTLEGROUNDS",1290,4.89291459441185,"streamer",2272605
"215","AlexandraBotez","Chess",1277,4.13347042779128,"partner",2325181
"216","dmbrandon","Smite",1276,3.59680376112461,"partner",17061543
"217","Anomaly","Terraria",1271,1.87374820556906,"partner",24357593
"218","LobosJr","Final Fantasy XIII",1268,1.13013709445794,"partner",20651826
"219","CoconutB","Rust",1262,3.1756926500135,"partner",3965746
"220","Faux","Old School RuneScape",1236,1.89458181639512,"partner",17756049
"221","RAZORRRTV","Grand Theft Auto V",1233,1.25513737195068,"affiliate",251195
"222","치킨쿤","Minecraft",1225,5.7623595941729,"partner",7599362
"223","葉子","Grand Theft Auto V",1222,1.1148595941729,"partner",9282823
"224","Bizzleberry","League of Legends",1219,3.61291514972846,"partner",5147790
"225","1Adrianaries1","League of Legends",1198,2.21958209415277,"partner",3748050
"226","ChipSa","Overwatch",1194,3.43513764970832,"partner",2967114
"227","KarmikKoala","Domina",1175,2.06735987193055,"partner",4011349
"228","태준이","PLAYERUNKNOWN'S BATTLEGROUNDS",1168,4.46652653859721,"partner",8309788
"229","ProfessorBroman","Destiny 2",1166,1.89013792779711,"partner",21771810
"230","PEL_Esports_NAVI","PLAYERUNKNOWN'S BATTLEGROUNDS",1166,2.01763792779711,"partner",480071
"231","chess24es","Chess",1163,1.76708237224155,"partner",1654458
"232","Maghla","Travel & Outdoors",1162,39.574942334493,"partner",2452289
"233","RedRoyaleStream","Fortnite",1160,56.174942334493,"partner",2329082
"234","小向","Street Fighter V",1155,12.2556937611103,"partner",4988451
"235","貝克","Octopath Traveler",1149,5.82791598333253,"partner",14614791
"236","勝敗難免","League of Legends",1134,3.49597153888808,"partner",3378909
"237","hs3104","NULL",1134,4.8120826499992,"partner",843504
"238","AlexiaRaye","Fortnite",1132,1.4312495941586,"partner",8680690
"239","EvilP00H","Just Chatting",1126,9.48763848304749,"affiliate",16192
"240","피유","The Shapeshifting Detective",1109,4.80708292749193,"partner",11985210
"241","AlphaCast","Total War: Three Kingdoms",1102,34.6416423161825,"partner",11133536
"242","RunalexX","Just Chatting",1098,54.7416423161825,"partner",305054
"243","tuweswdew","NULL",1098,4.32097209413846,"streamer",21153
"244","WarcraftFR","World of Warcraft",1092,4.34347209413846,"partner",2150071
"245","DieHahn","FIFA 19",1089,2.43374987191624,"partner",9849504
"246","たぬき忍者","League of Legends",1077,10.5631943163607,"partner",3584041
"247","나나양","Just Chatting",1068,5.9018054274718,"partner",1874907
"248","睡大","Grand Theft Auto V",1061,1.89375014974011,"partner",4233151
"249","Tonytubo","FIFA 19",1050,1.46458348307345,"partner",1336398
"250","WarcraftDE","World of Warcraft",1047,4.32652792751789,"partner",3529677
"251","꽃핀","Minecraft",1045,5.71541681640678,"partner",5225100
"252","花_","Grand Theft Auto V",1045,1.92652820527554,"partner",855943
"253","HalienPower","Fortnite",1044,1.03478589744204,"partner",1401686
"254","TaKeTV","StarCraft II",1043,3.32652820527554,"partner",113030042
"255","IGN","Special Events",1042,20.4083589831988,"partner",12990042
"256","Halifax","PLAYERUNKNOWN'S BATTLEGROUNDS",1042,2.0581948719422,"partner",5421044
"257","slimsquid","Apex Legends",1039,44.0750423351924,"affiliate",108677
"258","chigre","FIFA 19",1036,1.05875070558654,"partner",916194
"259","wintergaming","StarCraft II",1026,1.71375070558654,"partner",25465481
"260","Evangelion0","Auto Chess",1023,4.01041737225321,"partner",13530039
"261","thisEguy","Just Chatting",1021,1.3384732053015,"partner",5857694
"262","kev1nTV","League of Legends",1018,4.11069542752372,"partner",12934696
"263","RickyEdit","Fortnite",1010,49.1250589847565,"partner",220550
"264","pashadizel","Just Chatting",1004,1.77402876085705,"partner",4403720
"265","미라지","Cooking Simulator",1003,5.85902876085705,"partner",9087236
"266","Mickalow","League of Legends",990,5.74208459417025,"partner",10049541
"267","HellLighT111","Heroes of Might and Magic III: The Shadow of Death",988,1.95986237194803,"partner",3012824
"268","GeekandSundry","Dungeons & Dragons",980,56.2084089835485,"partner",56181594
"269","Hydramist","World of Warcraft",975,4.96847348305914,"partner",15440997
"270","永井博之","NULL",959,3.27625126083692,"partner",974168
"271","RocKy_","FIFA 19",957,1.12041820526123,"partner",1255265
"272","chiawei1031tv","PLAYERUNKNOWN'S BATTLEGROUNDS",945,2.7770848719279,"partner",2522560
"273","donatolive","Just Chatting",943,3.88541820526123,"partner",4543924
"274","Kamikatze","Just Chatting",940,51.3584256490072,"partner",8392389
"275","Sixquatre","Tom Clancy's Rainbow Six: Siege",939,1.75486292779446,"partner",909431
"276","wachinanii","Grand Theft Auto V",931,2.96375181668335,"partner",404340
"277","LeWolfy","Grand Theft Auto V",930,46.4584423343341,"partner",414944
"278","t3sTv","Dota 2",917,2.84486292779446,"affiliate",487735
"279","yznb","League of Legends",916,4.90791848335001,"partner",21183675
"280","makataO","PLAYERUNKNOWN'S BATTLEGROUNDS",903,4.66291876110766,"partner",12461952
"281","Celerity","ISLANDERS",903,13.7334743166632,"partner",3194132
"282","bazattak007","Fortnite",900,56.6251256664594,"partner",424007
"283","Shadybunny","Hearthstone",898,9.87069653888543,"partner",5564525
"284","MrKeroro10","Fortnite",892,51.9918089985847,"partner",417440
"285","thomasPASTE","Fortnite",884,2.35958570553197,"partner",4832193
"286","wasuezqelusia","PLAYERUNKNOWN'S BATTLEGROUNDS",883,6.14347459442086,"partner",14620346
"287","sirfoch","World of Tanks",877,1.87097459442086,"partner",6430541
"288","Morf_UK","Dead by Daylight",860,2.39041931635804,"partner",2346936
"289","zironicdk","Tom Clancy's Rainbow Six: Siege",854,4.4445859830247,"partner",2012882
"290","Fitzyhere","Overwatch",847,1.53597487191359,"partner",3296995
"291","RocketBeansTV","Talk Shows & Podcasts",847,14.9409748719136,"partner",75047010
"292","코렛트","Just Chatting",846,3.95180820524693,"partner",6708526
"293","しゃるる","League of Legends",846,4.12764181640413,"partner",2866103
"294","Mazarin1k","PLAYERUNKNOWN'S BATTLEGROUNDS",841,7.44736403862635,"partner",16930669
"295","DodoCZ_","Fortnite",836,1.05986403862635,"partner",518155
"296","highrollersdnd","Dungeons & Dragons",831,54.2085089842478,"partner",119880
"297","MeepoHa3ap","Dota 2",817,2.8118084830708,"partner",2312129
"298","ilya93di","PLAYERUNKNOWN'S BATTLEGROUNDS",816,1.98958653860622,"streamer",2217
"299","UncleBjorn","World of Warcraft",815,4.49097542749511,"partner",3920392
"300","Zrool","Fortnite",812,54.9585256497065,"partner",839182
"301","NAKINTH","Grand Theft Auto V",833,3.97240179055267,"affiliate",162630
"302","코렛트","Just Chatting",825,4.07184623499711,"partner",6709446
"303","UncleBjorn","World of Warcraft",821,4.61101290166378,"partner",3921232
"304","chiawei1031tv","PLAYERUNKNOWN'S BATTLEGROUNDS",820,2.89712429053254,"partner",2523451
"305","MrKeroro10","Fortnite",813,59.1941240986188,"partner",417440
"306","t3sTv","Dota 2",813,2.96490206831031,"affiliate",487797
"307","GamesAreLive","Apex Legends",812,2.27184651275476,"affiliate",741225
"308","Olesha","Just Chatting",812,26.5274574319522,"partner",854777
"309","Igromania","Just Chatting",811,21.4107907652855,"partner",123837843
"310","ilya93di","PLAYERUNKNOWN'S BATTLEGROUNDS",808,2.10962429053254,"streamer",2217
"311","Mazarin1k","PLAYERUNKNOWN'S BATTLEGROUNDS",808,7.56740206831031,"partner",16930669
"312","PietSmietTV","NULL",806,2.51240234613419,"partner",9142920
"313","DoKomiTV","Super Smash Bros. Ultimate",806,3.13934679057863,"affiliate",160253
"314","Jordberry","Fortnite",805,1.43184679057863,"partner",526185
"315","hJune","Rust",788,2.69129123502307,"partner",1960222
"316","WingsOfRedemption","Call of Duty: Modern Warfare Remastered",783,42.4108074347178,"partner",2600999
"317","Giuse360","MotoGP 19",783,3.16184679057863,"partner",416561
"318","RocketBeansTV","Talk Shows & Podcasts",783,15.0610134572453,"partner",75047677
"319","Timmac","Grand Theft Auto V",782,18.0608241001765,"partner",14209031
"320","SayeedBlack","Grand Theft Auto V",780,1.05351373500294,"partner",2158036
"321","unforgettabletv","Dota 2",779,4.03184706833628,"streamer",432814
"322","삼식","League of Legends",775,4.2590692905585,"partner",878666
"323","好色龍","Path of Exile",770,5.37184706833628,"partner",6750016
"324","ぺにょ","Just Chatting",769,1.17879151278072,"partner",1333244
"325","Sir_Thomas_","Path of Exile",769,3.13629151278072,"partner",2769620
"326","bazattak007","Fortnite",768,1.06379151278072,"partner",424505
"327","Cabravoladora","Pokémon Ultra Sun/Ultra Moon",768,54.5108407497406,"partner",3372293
"328","TheKller","Dead by Daylight",766,2.98545845694012,"partner",2813185
"329","BeasttrollMC","Minecraft",762,3.81184734582901,"partner",3957679
"330","chess24fr","Chess",761,2.02712512360679,"partner",263367
"331","MmorpgRS","Old School RuneScape",759,6.02212512360679,"partner",18767057
"332","AltairHunter","The Surge",751,9.09379179027346,"partner",1540215
"333","PEL_Esports_MAP","PLAYERUNKNOWN'S BATTLEGROUNDS",745,2.35712512360679,"partner",163993
"334","Guzu","World of Warcraft",744,6.12712512360679,"partner",800288
"335","BaniakBaniaka","Talk Shows & Podcasts",742,1.99906984614001,"partner",561768
"336","카라멜_","Just Chatting",742,5.17823651280668,"partner",2844902
"337","MoraisHD","Counter-Strike: Global Offensive",739,33.1275241017342,"partner",4525819
"338","FilthyRobot","Battle Brothers",738,3.26906984614001,"partner",4674242
"339","NoctisAK47","Dota 2",737,2.65073651280668,"partner",1440178
"340","Nixjke","Dota 2",736,3.60684762391779,"partner",1550925
"341","Jessie","Rocket League",735,2.33073651280668,"partner",1405714
"342","shenryyr","Stellaris",734,2.09434790167544,"partner",8417225
"343","k13tv","Dota 2",730,5.30545901278655,"partner",4539791
"344","Steelmage202","Path of Exile",723,5.4410145683421,"partner",825400
"345","PEL_Esports_VIT","PLAYERUNKNOWN'S BATTLEGROUNDS",721,2.15879234611988,"partner",1097212
"346","pescocofino","Just Chatting",716,21.5307367905643,"partner",4138380
"347","Spt083","Fortnite",715,1.28212567945321,"partner",587310
"348","windy31","Just Chatting",715,1.85407012389766,"partner",960951
"349","TheMainManSWE","Tekken 7",713,4.30045901278655,"partner",964358
"350","Scrub","Rocket League",712,30.3442241152128,"partner",2852240
"351","13hd_arg","NULL",711,7.46934817969799,"streamer",108880
"352","Otzdarva","Dark Souls",709,2.86907040192021,"partner",1856914
"353","falsesymmetry","Minecraft",704,2.07407040192021,"partner",1451172
"354","Electrokidi","League of Legends",703,3.35907040192021,"partner",8136866
"355","김블루","PLAYERUNKNOWN'S BATTLEGROUNDS",703,3.79351484636466,"partner",2250793
"356","Sp4zie","Battlerite Royale",701,1.87407040192021,"partner",24621101
"357","ESL_CSGO","Counter-Strike: Global Offensive",701,15.0949037352535,"partner",359088345
"358","GeoHunter","FIFA 19",700,2.1596262349685,"partner",297006
"359","たくまんプロ","League of Legends",698,2.76407067941295,"partner",1626515
"360","WantedOW","Overwatch",698,4.90684845719073,"partner",2279630
"361","인간젤리","Total War: Three Kingdoms",692,6.34268179052406,"partner",7048575
"362","Kiaraakitty","Just Chatting",690,6.60184845719073,"streamer",1299968
"363","Sintica","Music & Performing Arts",689,1.22990401274628,"partner",1928190
"364","蒼汁","Hearthstone",687,2.09851512385739,"partner",1033032
"365","Bajheera","World of Warcraft",687,1.8046262349685,"partner",35655737
"366","daltoosh","Apex Legends",685,56.3109240849813,"affiliate",371874
"367","강지","PLAYERUNKNOWN'S BATTLEGROUNDS",685,10.020182068083,"partner",4780409
"368","HypeBeastJames","Magic: The Gathering",679,56.8442574183146,"affiliate",13243
"369","VarsityGaming","Tom Clancy's Rainbow Six: Siege",677,1.0404598458608,"partner",1729482
"370","digitale","League of Legends",674,28.2775907516479,"partner",7786
"371","PEL_Esports_G2","PLAYERUNKNOWN'S BATTLEGROUNDS",672,2.36740429030524,"partner",74604
"372","tkhaf","Fortnite",671,1.47240429030524,"affiliate",32465
"373","Veritas","Escape From Tarkov",671,2.99462679055002,"partner",993371
"374","merlinchess","Auto Chess",667,51.9109407663345,"affiliate",191640
"375","SymbolK_xD","Slots",664,16.2601823461056,"streamer",7495
"376","PsiSyn","Tom Clancy's Rainbow Six: Siege",663,19.2874045683278,"partner",12360651
"377","제라르","Total War: Three Kingdoms",662,6.00101567943891,"partner",1757192
"378","PEL_Esports_DA","PLAYERUNKNOWN'S BATTLEGROUNDS",661,1.77462679055002,"partner",171818
"379","CyanidePlaysGames","PLAYERUNKNOWN'S BATTLEGROUNDS",658,3.67823790166113,"partner",6846424
"380","ATL770ER","NBA 2K19",657,3.42101567943891,"partner",650659
"381","아크로","Path of Exile",653,8.310460401641,"affiliate",2533711
"382","l2elixir12","Lineage II",651,5.57101595719655,"streamer",1203
"383","C4mlann","Hearthstone",651,4.72851595719655,"partner",7001399
"384","LTU_Republic","Grand Theft Auto V",647,36.8276240984599,"partner",427730
"385","lord_of_dice","Slots",645,16.4876826238632,"streamer",5586
"386","Winghaven","PLAYERUNKNOWN'S BATTLEGROUNDS",643,1.872960401641,"partner",1496222
"387","TMemoryy","Call of Duty: Black Ops 4",642,5.02657151275211,"partner",625602
"388","렘쨩","Minecraft",637,8.95629401306311,"partner",4234494
"389","PNDKetchup","Mortal Kombat 11",637,4.14184956861867,"partner",683961
"390","무굴","World of Warcraft",632,6.00184956861867,"partner",3539350
"391","Viktorkaa","Talk Shows & Podcasts",628,57.6609741171201,"partner",1788487
"392","DD_Warrior_Lady","League of Legends",623,1.52629401306311,"partner",2611414
"393","TwisTonFire","Dead by Daylight",620,5.15851623528533,"partner",2922586
"394","tnitan","Slots",619,3.95323845750756,"streamer",123
"395","Zrool","Fortnite",617,1.03601623528534,"partner",840167
"396","RachelR_csgo","Counter-Strike: Global Offensive",614,3.02962762388918,"partner",897725
"397","idke","osu!",612,7.14432410001755,"partner",890344
"398","VeniCraft","Fortnite",609,2.73157206833363,"partner",4381691
"399","NickChipperHS","Hearthstone",607,3.83851651277807,"partner",2575443
"400","Hirnsturz","Desert Skies",607,6.69296095722251,"partner",2482769
"401","yellowhat","Magic: The Gathering",611,3.08027718418174,"partner",1555489
"402","LiquidWiFi","The Simpsons: Hit & Run",611,6.29944413390425,"partner",2158962
"403","MattOblivium","The Elder Scrolls: Legends",610,5.11805524501536,"partner",1742539
"404","薇薇","League of Legends",600,2.59916635612647,"partner",5614829
"405","WantedOW","Overwatch",597,5.02666635612647,"partner",2279630
"406","Shurjoka","Fallout 76",595,5.04361080057091,"partner",3496758
"407","Khaldor","Heroes of the Storm",594,1.39972191168202,"partner",10724128
"408","Fekah_","Dofus",592,53.3333147009214,"partner",828222
"409","LagonisGames","Tom Clancy's Rainbow Six: Siege",592,1.48888857834869,"partner",713338
"410","NickChipperHS","Hearthstone",585,3.95833302279313,"partner",2575443
"411","PermabanXD","League of Legends",584,3.8977777408229,"affiliate",74234
"412","CyanidePlaysGames","PLAYERUNKNOWN'S BATTLEGROUNDS",583,3.79805551860068,"partner",6846424
"413","제라르","Total War: Three Kingdoms",582,6.12083329637845,"partner",1757192
"414","IndyStarCraft","StarCraft II",580,3.35611107415623,"partner",3764124
"415","brutalmoose","Nancy Drew: Labyrinth of Lies",579,1.66111107415623,"partner",446899
"416","QuattroAce","Escape From Tarkov",569,3.19222218526734,"affiliate",516328
"417","RachelR_csgo","Counter-Strike: Global Offensive",568,3.14944440748956,"partner",897725
"418","SilikonovayaZina","Just Chatting",565,1.69249996304512,"partner",3255368
"419","DiakonSG1","Dota 2",563,2.1052777408229,"affiliate",10838
"420","hyubsama","Just Chatting",562,46.0999977827072,"partner",3046106
"421","fragbite","Just Chatting",562,4.93000024053786,"partner",37697046
"422","THISKK","Grand Theft Auto V",562,12.0358335738712,"partner",3503194
"423","Bestmarmotte","World of Warcraft",552,7.08083357387119,"partner",2159075
"424","Maty","Minecraft",540,8.13527801831563,"partner",1129653
"425","NAKINTH","Grand Theft Auto V",535,4.09222246276008,"affiliate",163771
"426","工具人小光","Grand Theft Auto V",532,59.7500144322713,"affiliate",633241
"427","CzechCloud","World of Warcraft",531,1.37222246276008,"partner",7175629
"428","RotMGFloflorian","Minion Masters",530,8.30916690720452,"affiliate",62736
"429","tnitan","Slots",528,4.07305579609341,"streamer",123
"430","ilyon_","Eternal",528,1.08561344748846,"partner",616116
"431","MegaM0gwai","Magic: The Gathering",525,4.79111162861188,"partner",2233950
"432","RiffTrax","Always On",525,10.1394449619452,"partner",4462027
"433","giantbomb8","NULL",525,20.399722739723,"partner",1375940
"434","Garmy","League of Legends",518,1.76111162861188,"partner",288955
"435","Hotted89","Grand Theft Auto V",517,6.92611162861188,"partner",21704592
"436","23savagezzz","Dota 2",516,2.3083338508341,"partner",151628
"437","WarcraftRU","World of Warcraft",516,4.53916718416744,"partner",4620382
"438","PotionShopTV","Black Desert Online",514,6.15111162861188,"partner",648382
"439","Stoner_Minded","Grand Theft Auto V",512,5.98555635054906,"partner",677433
"440","KTVSKY","Grand Theft Auto V",512,3.05777857277128,"partner",5391102
"441","jessirocks","Path of Exile",511,2.23666746166017,"partner",9712322
"442","Fewa05","Dota 2",511,3.16694523943795,"partner",1893189
"443","MMOGA","Diablo III: Reaper of Souls",511,3.82777857277128,"streamer",18797680
"444","ArmutTV","PLAYERUNKNOWN'S BATTLEGROUNDS",507,2.04555635054906,"partner",4224456
"445","Hosty","Auto Chess",504,7.42166746166017,"partner",994431
"446","jillyfish","Old School RuneScape",504,17.1791674616602,"partner",175638
"447","BigJon","NES Open Tournament Golf",503,2.60277857277128,"partner",6972032
"448","권이슬","League of Legends",499,3.03111218386226,"partner",1359493
"449","FoxyakaAJ","Just Chatting",496,1.21555662830671,"affiliate",180601
"450","Cyberclasher","Grand Theft Auto V",496,1.91500107275115,"partner",20932920
"451","서넹","League of Legends",496,2.03583440608448,"partner",2546288
"452","DooleyNotedGaming","Spyro Reignited Trilogy",495,1.18166773941782,"partner",1194391
"453","y0nd","Dota 2",491,1.53500107275115,"partner",12280717
"454","Rickymainia","Just Chatting",489,6.4344455171956,"partner",1314811
"455","MrMouton","DayZ",488,3.57055662830671,"partner",879898
"456","BjornBee","EVE Online",486,1.1916680175066,"partner",1456805
"457","BattlegroundsTR","PLAYERUNKNOWN'S BATTLEGROUNDS",485,2.64139023972882,"partner",4281597
"458","MandyLia","Just Chatting",479,8.5691680175066,"partner",746293
"459","사빈1","Auto Chess",476,5.80944579528438,"partner",273600
"460","갓샤인1","Grand Theft Auto V",474,2.32972357306216,"partner",3232137
"461","mob5tertv","Just Chatting",472,55.750081050396,"partner",7642331
"462","merlinchess","Auto Chess",472,59.100081050396,"affiliate",191640
"463","suNsh1ne_Tv","Dota 2",472,7.39444607277711,"streamer",1541
"464","Starladder_CS_en","Counter-Strike: Global Offensive",472,8.19722385055489,"partner",68078653
"465","IFresh_HD","League of Legends",471,3.38500162833267,"partner",4099488
"466","runitup247","Poker",470,2.00351858636571,"partner",2904534
"467","Whaazz","World of Warcraft",469,14.4000976999601,"partner",4656678
"468","bmetv","Counter-Strike: Global Offensive",466,5.43611273944378,"partner",237105
"469","Bigdaddyden76","Diablo III: Reaper of Souls",465,2.70027940611045,"partner",3986524
"470","armatvhs","Hearthstone",465,9.99777940611045,"partner",45436396
"471","LiLqki","Fortnite",464,1.21639051722156,"partner",435702
"472","rangustreamer","Minecraft",463,1.47361301693651,"partner",168409
"473","Shjami","World of Warcraft",463,4.19889079471429,"partner",1573425
"474","빅헤드","League of Legends",460,6.78472412804763,"partner",6397887
"475","Ceice","Fortnite",459,59.4501143495242,"partner",2492210
"476","Milschbaum","PLAYERUNKNOWN'S BATTLEGROUNDS",459,1.37166857249207,"partner",3135421
"477","마뫄","Mother Simulator",458,5.33639079471429,"partner",2845844
"478","bitcoinstrategy","Slots",455,1.84436350533532,"streamer",10253
"479","DarkarCompany","Art",453,1.6082986905205,"partner",19672780
"480","Payamz","Fortnite",452,1.49833551724752,"partner",396607
"481","ArenaSuperCup","Magic: The Gathering",452,3.79305773946974,"affiliate",4708
"482","btssmash","Super Smash Bros. Ultimate",450,23.0666688505809,"partner",5366029
"483","GENSYXA","Grand Theft Auto V",450,14.1167977015177,"partner",1236454
"484","Zark","Fortnite",448,9.16666885058085,"partner",458641
"485","聶寶","Octopath Traveler",448,4.09000218391418,"partner",5812209
"486","DrErhano","FIFA 19",446,3.08555773946974,"partner",842697
"487","TrololoLove","Path of Exile",446,11.2316688505809,"affiliate",216710
"488","rr_tfc","NULL",443,16.5105577394697,"streamer",95652
"489","DeeThane","Immortal Redneck",443,6.59444690638118,"partner",7171995
"490","Slayproxx","Outer Wilds",443,5.07750246193674,"partner",2313313
"491","Pokket","Just Chatting",442,3.41250246193674,"partner",15515566
"492","bLuE622","Grand Theft Auto V",442,18.2361135730478,"partner",561796
"493","CauthonTV","League of Legends",441,1.59416912860341,"partner",5312295
"494","Jahrein","Grand Theft Auto V",441,10.2001477162043,"partner",43565644
"495","bladeito","Counter-Strike: Global Offensive",440,4.39583579527007,"partner",1785247
"496","Slysssa","Hearthstone",438,3.25861357304785,"partner",2836910
"497","JohnyBastions","Dota 2",437,8.77694690638118,"affiliate",44722
"498","gustavocsgoyt","Grand Theft Auto V",434,2.52972468415896,"affiliate",26226
"499","OGSeries","League of Legends",433,3.1647249616517,"partner",3725273
"500","beaver_ow","Overwatch",431,4.08778051720725,"affiliate",32514
