"","Name","Game","Current Views","Current Duration","Broadcaster Type","Total Views"
"1","Riot Games","League of Legends",121229,4.03157522055838,"partner",1148076488
"2","Call of Duty","Call of Duty: Black Ops 4",84849,3.60713466419114,"partner",50772130
"3","OverwatchLeague","Overwatch",76560,6.3051902197467,"partner",136525616
"4","ghn555f","NULL",62772,2.06657910863558,"partner",48897933
"5","PlayHearthstone","Hearthstone",38685,8.29019049750434,"partner",317964809
"6","jheobjeouaa","NULL",37263,1.3182460530599,"partner",5777308
"7","Fortnite","Fortnite",33952,1.12435716417101,"partner",132285818
"8","shroud","Apex Legends",25396,1.72963522030248,"partner",468829332
"9","btssmash","Super Smash Bros. Melee",24046,6.82963522030248,"partner",228227
"10","Tfue","Fortnite",21885,41.5947798848152,"partner",69617853
"11","Ninja","Fortnite",20764,1.05824660917123,"partner",41374067
"12","twitchmusic","Music & Performing Arts",18822,1.2224132758379,"partner",16846212
"13","xQcOW","Hunt: Showdown",15340,3.86435772028234,"partner",77903536
"14","s1mple","Counter-Strike: Global Offensive",10730,2.3674132758379,"partner",11778409
"15","ybicanoooobov","Dota 2",10170,4.97019133137332,"partner",46492048
"16","goal_azura2","NULL",10036,1.4229691091511,"partner",2438049
"17","Elwind","League of Legends",9376,4.45991355359554,"partner",25153219
"18","TSM_Myth","Fortnite",9105,7.04713605304559,"partner",38111021
"19","72hrs","Fortnite",8727,7.81963605304559,"partner",30730659
"20","HoneyMad","Fallout 76",8579,7.10269160860115,"partner",139984398
"21","Shotz","Grand Theft Auto V",8311,6.57769188635879,"partner",29238899
"22","KendineMuzisyen","Grand Theft Auto V",8181,6.21602521969212,"partner",294069863
"23","오버워치리그","Overwatch",8124,5.23574744191435,"partner",4831390
"24","NoWay4u_Sir","League of Legends",7976,5.44769188635879,"partner",6269792
"25","TimTheTatman","Fortnite",7900,1.05824744191435,"partner",45718996
"26","MitchJones","Just Chatting",7897,2.57435883025328,"partner",23592920
"27","summit1g","World of Warcraft",7478,1.06630327469773,"partner",12117030
"28","Mizkif","Just Chatting",7169,54.1781964818637,"partner",5540381
"29","LeBouseuh","Grand Theft Auto V",6527,4.44269216358662,"partner",34490886
"30","서새봄냥","League of Legends",6482,10.0126921635866,"partner",10826358
"31","Mathil1","Path of Exile",6326,4.10769216358662,"partner",59019515
"32","overwatchleague_fr","Overwatch",6069,5.2351924416754,"streamer",86640
"33","Doigby","Fortnite",5988,2.73324799723095,"partner",54409770
"34","aXtLOL","League of Legends",5848,56.7448798338572,"partner",39984769
"35","HearthstonezhTW","Hearthstone",5764,8.25463688611984,"partner",4655439
"36","DisguisedToast","Dota Underlords",5713,4.10908133056429,"partner",110787665
"37","24hdumanslive","Special Events",5666,16.1329702194532,"partner",9110376
"38","Giantwaffle","Terraria",5645,7.17297049694591,"partner",4989310
"39","korafans62","NULL",5358,32.5282298167547,"partner",5717897
"40","NBA2KLeague","NBA 2K19",5273,1.28630383027924,"partner",134216595
"41","PlayHearthstoneRU","Hearthstone",5123,8.21019271916813,"partner",58908060
"42","DansGaming","Thief",5120,3.49213716361258,"partner",28032418
"43","dasMEHDI","Grand Theft Auto V",5095,6.09130383027924,"partner",50844881
"44","ashlynn","Grand Theft Auto V",4912,2.38908188581467,"partner",43927488
"45","Call of Duty® Bravo","Call of Duty: Black Ops 4",4669,3.202415219148,"partner",115436627
"46","OgamingLoL","League of Legends",4623,3.39435966359244,"partner",5669130
"47","풍월량","Just Chatting",4429,13.1132485524813,"partner",16907134
"48","chocoTaco","PLAYERUNKNOWN'S BATTLEGROUNDS",4243,1.12880410803689,"partner",7533571
"49","wtcN","Just Chatting",4170,6.66269327501456,"partner",18574550
"50","SkipNhO","PLAYERUNKNOWN'S BATTLEGROUNDS",3858,1.47852660834789,"partner",18978812
"51","SummonersInnLive","League of Legends",3848,4.12158216390345,"partner",27821256
"52","gabepeixe","Grand Theft Auto V",3827,3.939637719459,"partner",23838976
"53","JakenbakeLIVE","Just Chatting",3805,2.68102660834789,"partner",68669650
"54","SolaryHS","Hearthstone",3799,8.50047105279234,"partner",7382205
"55","Chap","Fortnite",3663,8.64880466388331,"streamer",59573
"56","RoyalPhunk","Path of Exile",3632,8.13491577499443,"partner",46988594
"57","KingRichard","Fortnite",3630,6.47297133054998,"partner",2679996
"58","ElmiilloR","League of Legends",3580,3.84102688610554,"partner",16683853
"59","pokimane","Fortnite",3514,1.05824910832776,"partner",1129104
"60","Jerma985","Just Chatting",3465,1.04186021943887,"partner",60567997
"61","1_TEMPLAR_1","Overwatch",3459,1.11547160830763,"partner",3384300
"62","FollowGrubby","Warcraft III: The Frozen Throne",3457,6.15436049719652,"partner",1920612
"63","orangemorange","Grand Theft Auto V",3452,4.84102716386318,"partner",11144370
"64","pokelawls","Hunt: Showdown",3443,3.01880494164096,"partner",7478041
"65","JLTomy","Grand Theft Auto V",3434,3.65186049719652,"partner",3015317
"66","ZeratoR","Overcooked! 2",3422,1.00102716386318,"partner",1277795
"67","Ssaab","Grand Theft Auto V",3281,3.66852716386318,"partner",49369325
"68","masondota2","Dota 2",3265,3.73324966357814,"partner",23317863
"69","KingGeorge","Tom Clancy's Rainbow Six: Siege",3212,3.7063052191337,"partner",2427905
"70","playhearthstonekr","Hearthstone",3211,8.23602744135592,"streamer",6704
"71","Spaceboy","Grand Theft Auto V",3207,4.00658299691147,"partner",26923794
"72","demonzz1","Just Chatting",3165,1.45491633024481,"partner",16800873
"73","gaules","Counter-Strike: Global Offensive",3160,23.9368607746893,"partner",2412830
"74","CopaAmerica_pt1","Hearthstone",3154,1.10074994140201,"partner",7329505
"75","HasanAbi","Just Chatting",3081,35.2616631507874,"partner",6235934
"76","laligarcha","Soccer",2951,1.67380549695757,"partner",4280836
"77","DatModz","Path of Exile",2914,9.01380549695757,"partner",9976439
"78","Kamet0","Pro Evolution Soccer 2019",2839,1.74158327473534,"partner",3839825
"79","MarcaoRX","Grand Theft Auto V",2835,2.69297216362423,"partner",9284694
"80","G4G_Revenant","Auto Chess",2805,2.81352771917979,"streamer",45086
"81","lolesportsla","League of Legends",2778,5.61741688582632,"partner",81123074
"82","IamCristinini","Grand Theft Auto V",2774,6.88186133027077,"partner",862762
"83","Kiwo","Grand Theft Auto V",2732,8.28713910804854,"partner",6227646
"84","StaysafeTV","World of Warcraft",2730,1.6501946636041,"partner",6061737
"85","김나성","Minecraft",2726,7.4426946636041,"partner",51345712
"86","elchoyero01","NULL",2689,1.86797244138188,"partner",15661487
"87","VGBootCamp","Super Smash Bros. Ultimate",2677,2.70213938580619,"partner",1436192
"88","follentass","Just Chatting",2657,3.24713938580619,"partner",82876934
"89","Liberto","NULL",2647,4.49519494136175,"partner",4339037
"90","overwatchleague_br","Overwatch",2640,5.23713938580619,"partner",1109638
"91","SolaryFortnite","Grand Theft Auto V",2604,14.2371393858062,"partner",10000099
"92","Distortion2","Dark Souls",2601,7.16602827469508,"partner",31932156
"93","AntoineDanielLive","GeoGuessr",2531,4.49991744140784,"partner",25231386
"94","Amouranth","Just Chatting",2515,7.26352855251895,"partner",38360910
"95","BrownMan","NCAA Football 14",2220,5.72610950695144,"partner",11476421
"96","PAGO3","Grand Theft Auto V",2193,8.39138728472922,"partner",25232496
"97","AnneMunition","Tom Clancy's Rainbow Six: Siege",2184,3.25972061806255,"partner",17623054
"98","Jendenise","Dead by Daylight",2155,12.9077761736181,"partner",7785888
"99","SypherPK","Fortnite",2110,1.47916506250699,"partner",40589019
"100","Aydan","Fortnite",2082,1.47916534026464,"partner",11958378
"101","BJPofficial","Just Chatting",2082,1.83805422915353,"partner",1110524
"102","EsfandTV","Special Events",2081,1.86999867359797,"partner",8478846
"103","imaqtpie","BaBa Is You",2076,10.0763875624869,"partner",316723112
"104","MrRemxTV","Grand Theft Auto V",2028,5.3658320069313,"partner",967159
"105","pijack11","Just Chatting",2024,5.12027645137575,"partner",2939371
"106","playhearthstonejp","Hearthstone",2020,8.65805422915353,"partner",3083021
"107","JERICHO","Counter-Strike: Global Offensive",2007,3.53999867359797,"partner",26736462
"108","Agraelus","League of Legends",1997,5.93916534026464,"partner",24903164
"109","sonii","World of Warcraft",1980,3.05222089582019,"partner",4634339
"110","SHolidays","Just Chatting",1976,23.3761100622018,"partner",5890073
"111","lolesportsla","League of Legends",1959,6.03833228442404,"partner",6237318
"112","follentass","Just Chatting",1951,3.66805450664626,"partner",863538
"113","BobRoss","Art",1944,1.2368518081473,"partner",27528280
"114","CalebDMTG","Magic: The Gathering",1916,5.5713878399796,"partner",6470427
"115","ChannelFireball","Magic: The Gathering",1911,10.5824989510907,"partner",2455490
"116","LegatusLeman","Grand Theft Auto V",1864,9.73972117331293,"partner",1811100
"117","CallofDutyOpen","Call of Duty: Black Ops 4",1861,8.04333256251282,"partner",574539
"118","Aethelthryth","Minecraft",1861,11.1949992291795,"partner",5275083
"119","JrokezFTW","Grand Theft Auto V",1828,2.06444367362393,"partner",5693174
"120","Smoke","Escape From Tarkov",1826,1.96416589584615,"partner",5762327
"121","Laink","Borderlands 2",1816,3.31833256251282,"partner",8200514
"122","Tomato","The Hex",1814,3.91027700695727,"partner",663613
"123","Tanxlive","Grand Theft Auto V",1810,9.80777700695727,"partner",14149845
"124","Lethalfrag","FTL: Faster Than Light",1808,4.58166589584615,"partner",50344101
"125","kyliebitkin","Grand Theft Auto V",1802,3.13916589584615,"partner",1338312
"126","BenZaie","Final Fantasy VII",1797,2.39222145140171,"partner",6499716
"127","qSnake","Dota 2",1776,7.62166617333889,"partner",18920726
"128","Giggand","Grand Theft Auto V",1755,2.56083284000556,"partner",1057460
"129","POW3Rtv","Fortnite",1745,4.46166617333889,"partner",13916072
"130","Solary","League of Legends",1724,1.00178238685208,"partner",71075321
"131","Timmac","Grand Theft Auto V",1690,1.83277728445,"partner",13644603
"132","MasterSnakou","The Legend of Zelda: Breath of the Wild",1660,5.09416617333889,"partner",971188
"133","Pun1shers_TV","League of Legends",1614,3.12972172889445,"partner",73548286
"134","Scarra","Auto Chess",1592,1.68249950667222,"partner",18592670
"135","trihex","Super Mario Maker",1579,6.27194395111667,"partner",12597119
"136","ZeRo","Banjo-Tooie",1553,1.59249950667222,"partner",1867516
"137","TheRealMarzaa","Fortnite",1530,5.53972200665209,"partner",225171
"138","Avast","NULL",1529,5.93861089554098,"partner",635955
"139","Spt083","Fortnite",1510,6.08916645109653,"partner",1285652
"140","AIRWISBTS","Auto Chess",1503,4.85444422887431,"streamer",313
"141","issyexovt","Old School RuneScape",1481,1.01416645109653,"partner",13212693
"142","Ezekiel_III","Katana Zero",1479,5.50722200665209,"partner",43234216
"143","uzra","Warcraft III: The Frozen Throne",1432,2.8283331177632,"partner",4001797
"144","NymN","Talk Shows & Podcasts",1422,1.83861089554098,"partner",64772370
"145","DrLupo","Fortnite",1419,51.0499870657921,"partner",22610756
"146","EternaLEnVyy","Dota 2",1412,3.31861089554098,"partner",27623077
"147","playBATTLEGROUNDS","PLAYERUNKNOWN'S BATTLEGROUNDS",1411,3.78833339558707,"partner",4286400
"148","Speedrun","Super Mario 64",1411,6.98527784003152,"partner",7698428
"149","치킨쿤","Minecraft",1407,3.86694450669818,"partner",2699150
"150","KarasMai","League of Legends",1405,1.43611117336485,"partner",35651110
"151","Nick28T","Fortnite",1391,3.09416672892041,"partner",6598893
"152","tripleWRECK","Destiny 2",1389,15.1519445066982,"streamer",14637
"153","LittleMelina","Travel & Outdoors",1387,1.71861117336485,"partner",336499
"154","RecursionGG","Super Smash Bros. Ultimate",1372,8.94361117336485,"partner",22586010
"155","BlackFIreIce","Hearthstone",1330,8.62416672892041,"partner",7026382
"156","MatteoHS","NULL",1305,2.05777811778916,"partner",1743524
"157","Limmy","Euro Truck Simulator 2",1304,2.76527811778916,"affiliate",3812517
"158","SaltyTeemo","League of Legends",1281,23.8344447844558,"partner",803196
"159","小舞","Grand Theft Auto V",1256,5.51555589556694,"partner",11173815
"160","jdotb","World of Warcraft",1251,6.39388922890027,"partner",14591130
"161","AngryJoeShow","Rocket League",1244,1.55222256223361,"partner",15289948
"162","AndyMilonakis","Just Chatting",1236,2.4186114511225,"partner",8523004
"163","Kamikatze","Grand Theft Auto V",1234,8.53222256223361,"partner",3994101
"164","CoconutB","Rust",1232,4.23166700667805,"partner",15591968
"165","CopaAmerica_ES1","Hearthstone",1215,2.38500061776903,"partner",2246530
"166","XEWER","Fortnite",1211,8.3341672844357,"partner",3255257
"167","Pestily","Escape From Tarkov",1207,1.94111172888014,"partner",1663006
"168","ZSonicFox","Mortal Kombat 11",1199,3.4866672844357,"partner",16931217
"169","2GGaming","Super Smash Bros. Ultimate",1194,5.16111172888014,"partner",9549183
"170","MarkiLokurasY","Fortnite",1185,1.4791672844357,"partner",7230742
"171","ZeuSidiouss","Grand Theft Auto V",1183,12.7238895066579,"affiliate",264158
"172","Dizeliun","Fortnite",1177,2.72805617332458,"partner",1111627
"173","Nanocs1","Just Chatting",1166,59.8333703994751,"partner",12303158
"174","SheriffEli","Hell Let Loose",1160,8.48138978441556,"partner",1331082
"175","VooDooSh","Heroes of Might and Magic III: The Shadow of Death",1158,4.8822231177489,"partner",10883400
"176","LLStylish","League of Legends",1155,2.87888978441556,"partner",109720
"177","KomplettSE","Talk Shows & Podcasts",1141,1.45500089552667,"partner",50500674
"178","Chess","Chess",1136,32.0667203982671,"partner",15942272
"179","SPYGEA","Overwatch",1119,1.80388978441556,"partner",526333
"180","AlexRamiGaming","Fortnite",1118,49.2000537316004,"partner",1112322
"181","ropz","Counter-Strike: Global Offensive",1086,3.53444533997112,"partner",9680693
"182","Fernanfloo","Just Chatting",1082,1.80555645108223,"partner",3472465
"183","Slayerage","Destiny 2",1057,7.49166784028212,"partner",10660033
"184","Alfie","Old School RuneScape",1041,4.54777895139323,"partner",8736997
"185","luke4316live","Grand Theft Auto V",1038,6.64666784028212,"partner",389192
"186","cscoop","Minecraft",1026,3.77083450694879,"partner",1509446
"187","ggGibi","The Jackbox Party Pack 4",1021,9.34277895139323,"partner",47694
"188","RubenDeRonde","Music & Performing Arts",1019,5.92389006250434,"affiliate",81820
"189","KOT4Q","NBA 2K19",1016,1.7694456180599,"partner",4212381
"190","2SekundovyMato","Cooking Simulator",994,10.5375011736155,"partner",5204230
"191","AdzTV","Fortnite",991,2.48666784028212,"partner",10065983
"192","웁_게임방송","Just Chatting",979,10.8444458955526,"partner",12566492
"193","makataO","PLAYERUNKNOWN'S BATTLEGROUNDS",977,9.60889033999708,"partner",23236809
"194","XenosysVex","FINAL FANTASY XIV Online",830,1.64904916445414,"partner",3394047
"195","Odablock","Old School RuneScape",827,2.38377138667636,"partner",1038887
"196","LVPes","League of Legends",827,5.04127138667636,"partner",102497916
"197","makataO","PLAYERUNKNOWN'S BATTLEGROUNDS",815,9.91238249778748,"partner",12566889
"198","Uthenera","NULL",814,2.55877138667636,"partner",6263659
"199","WINNERSLeagueGG","Counter-Strike: Global Offensive",811,2.0896047200097,"affiliate",260987
"200","Ness","Dota Underlords",811,3.01377138667636,"partner",11022639
"201","Zizaran","Path of Exile",810,40.3596165339152,"partner",27130101
"202","repazmois","Call of Duty: Black Ops III",801,6.16599388665623,"partner",1862433
"203","ZubatLEL","Dead by Daylight",796,1.86043833110068,"partner",1442470
"204","LoadingReadyRun","Project CARS 2",793,12.3448827755451,"partner",8764175
"205","pescocofino","Grand Theft Auto V",788,6.59321610887845,"partner",4506676
"206","TabzzHD","Dota Underlords",787,5.85460499776734,"partner",110539573
"207","OGNEsports","PLAYERUNKNOWN'S BATTLEGROUNDS",785,4.09182721998956,"affiliate",230174
"208","ConnorEatsPants","Minecraft",779,1.38043833110068,"partner",332287
"209","zotieboy","Fortnite",773,1.41904944221179,"partner",3098019
"210","uebermarginal","Just Chatting",773,7.1501605533229,"partner",1331306
"211","VooDooSh","Heroes of Might and Magic III: The Shadow of Death",769,5.18571610887845,"streamer",9533
"212","SymbolK_xD","Slots",762,1.01442799759132,"partner",26903367
"213","Sloot","World of Warcraft",761,5.90127194219165,"partner",5310376
"214","GorilaNerd","Just Chatting",751,1.03127194219165,"partner",4031922
"215","BeasttrollMC","osu!",751,3.2207163866361,"affiliate",5333
"216","twitchmiike","Fortnite",746,10.6573830533028,"partner",499230
"217","Kimchi","Grand Theft Auto V",742,2.99988305330276,"streamer",2705
"218","13_uthd","NULL",736,41.7596498648326,"partner",8774278
"219","Sequisha","World of Warcraft",732,1.5182163866361,"partner",13114919
"220","개복어","Just Chatting",724,1.21627194219165,"partner",17822838
"221","Faux","Old School RuneScape",716,1.88988305330276,"partner",45560394
"222","armatvhs","Hearthstone",715,8.82516110890441,"partner",12923333
"223","Emongg","Overwatch",706,46.8596665342649,"partner",4348101
"224","swimstrim","Dota Underlords",702,6.8615499977933,"partner",6351166
"225","KayPikeFashion","Just Chatting",701,4.66488333112664,"affiliate",48239
"226","LadyGrace","DayZ",700,3.94488333112664,"partner",1782895
"227","Vinc3ntvega","Dead by Daylight",695,5.85432777557108,"partner",5229865
"228","DumbDog","Escape From Tarkov",694,3.50821666445997,"partner",162723382
"229","DreamHackCS","Counter-Strike: Global Offensive",690,5.86043888668219,"partner",4360076
"230","AmarCODTV","Counter-Strike: Global Offensive",685,7.45099444223775,"streamer",230
"231","cryptoslots","NULL",685,23.68071666446,"partner",1480146
"232","ParnstarZilean","League of Legends",684,5.47821694221761,"partner",460822
"233","GIRU","Mordhau",681,4.02071694221762,"partner",10438275
"234","livekiss","Music & Performing Arts",681,1.01369885407388,"partner",3279695
"235","Bawkbasoup","Resident Evil 2",680,2.04793916443984,"affiliate",605287
"236","eskobartv","Dota 2",678,7.94905027555095,"partner",3448490
"237","彩學","Yakuza 3",675,11.2132169422176,"affiliate",187874
"238","Darigone","Borderlands 2",673,9.03488360888428,"partner",7543582
"239","Leffen","Super Smash Bros. Melee",669,3.19905027555095,"partner",805685
"240","stegi","Overwatch",663,8.64238360888428,"partner",523549
"241","tbxnee","Grand Theft Auto V",661,7.96266138666206,"streamer",7216
"242","lord_of_dice","Slots",660,1.01447432861008,"partner",1552871
"243","Felicity","Twitch Sings",658,6.87182833108637,"partner",17740064
"244","SpeedGaming","Final Fantasy",656,4.01349499775304,"partner",8006415
"245","mukkayo","ARK",649,4.94682833108637,"affiliate",9278
"246","maxiendirectocanal1","Special Events",647,12.848494997753,"partner",3492513
"247","진주몬","CLOP",635,11.5629394421975,"partner",1337173
"248","Opat04","League of Legends",630,13.105994997753,"partner",2602676
"249","Hitch","Just Chatting",622,1.7251616644197,"partner",2339177
"250","genietFAN","Just Chatting",618,6.14821721997526,"partner",8221281
"251","Zapman","Smite",617,4.53988388664193,"partner",2042671
"252","Kroatomist","Fortnite",614,15.7098841644658,"partner",163210
"253","Paramaxil","Travel & Outdoors",613,6.0623841644658,"partner",2507897
"254","DolphinChemist","FTL: Faster Than Light",601,1.8423841644658,"partner",48411
"255","samylumine_","FIFA 19",601,2.70405083113247,"affiliate",751305
"256","pilavpowa","League of Legends",594,7.18099527557691,"partner",32140467
"257","kaceytron","Just Chatting",590,1.5673841644658,"partner",75243422
"258","RocketBeansTV","Demon's Souls",589,1.01463637722311,"partner",2346488
"259","Slappie","Fortnite",586,3.49127305335469,"partner",13102052
"260","MoMaN","PLAYERUNKNOWN'S BATTLEGROUNDS",585,9.25905083113246,"partner",7999390
"261","mistafaker","The Elder Scrolls Online",584,7.12127305335469,"affiliate",3841
"262","BreadBoysOfficial","The Elder Scrolls V: Skyrim",582,1.752939997779,"partner",16185636
"263","Shortyyguy","Total War: Three Kingdoms",582,1.85932888666789,"partner",1473695
"264","Waggle","Path of Exile",574,6.47682888666789,"streamer",277311
"265","tele_qq","NULL",573,42.9263998667399,"partner",1731321
"266","이선생84","Path of Exile",570,3.972939997779,"partner",1804043
"267","SortaMaliciousGaming","Minecraft",565,49.2930665334066,"partner",2961299
"268","runitup247","Poker",565,1.0143470369445,"partner",3832020
"269","EJ_SA","Kerbal Space Program",562,4.76738444222344,"partner",491900
"270","hyped","Auto Chess",560,8.59321777555678,"partner",1600702
"271","MJChino","Call of Duty: Black Ops 4",559,11.080439997779,"partner",3237361
"272","TheCompletionist","The Legend of Zelda: Ocarina of Time 3D",553,4.05877360886998,"partner",4709486
"273","Zayuri","League of Legends",550,9.78488471998109,"streamer",64737
"274","Arvius","Battle Brothers",544,2.5434958310922,"partner",16424140
"275","L2ElixirLive","Lineage II",544,3.24544027553664,"partner",1895774
"276","AnnieFuchsia","Talk Shows & Podcasts",539,2.2659958310922,"partner",4450012
"277","asmr_kotya","ASMR",535,3.64932916442553,"partner",1748405
"278","스피드소닉","Path of Exile",535,8.29266249775887,"partner",2461506
"279","FakeUniforM","Black Desert Online",533,3.93238471998109,"partner",11696799
"280","강소연","League of Legends",529,1.6959958310922,"partner",3836900
"281","yamatonjp","Fortnite",524,41.8264165321986,"partner",2405079
"282","Bububu","Dota 2",523,6.85071833113829,"partner",1400653
"283","Eylul","League of Legends",522,1.28627388669385,"partner",1086903
"284","marcobc","Grand Theft Auto V",521,6.09460722002718,"partner",8755225
"285","Kobe0802","NBA 2K19",519,3.43766277558274,"partner",9714720
"286","PmsProxy","Just Chatting",514,3.14321833113829,"partner",9150880
"287","BeastQT","Escape From Tarkov",504,6.17849610891607,"partner",2943650
"288","FatherSonGaming","Call of Duty: Black Ops 4",503,1.90960722002718,"partner",292361
"289","p0me","PLAYERUNKNOWN'S BATTLEGROUNDS",501,2.67766277558274,"partner",1830562
"290","hitqirl","Fortnite",501,2.87294055336052,"streamer",250
"291","Threedogg","Chrono Trigger",498,4.53988499780496,"partner",5264391
"292","PmsProxy","Just Chatting",466,3.48073231385814,"partner",8755225
"293","MJChino","Call of Duty: Black Ops 4",465,11.4179545360804,"partner",491900
"294","Medja_","Grand Theft Auto V",462,2.55712120274703,"partner",528292
"295","BRNWOWZK1","Counter-Strike: Global Offensive",460,44.9939555327098,"partner",1734891
"296","hitqirl","Fortnite",455,3.21045481443405,"partner",292361
"297","AmenityRS","Old School RuneScape",454,3.65545481443405,"partner",1131748
"298","marcobc","Grand Theft Auto V",451,6.43212175806363,"partner",1400653
"299","Yogscast","NULL",450,6.01934398028586,"partner",107932698
"300","DarkViperAU","Grand Theft Auto V",449,1.34906620250808,"partner",3229049
"301","Eylul","League of Legends",449,1.6237887033489,"partner",2405079
"302","Lurn","Jump King",448,3.48823314779335,"partner",4008570
"303","TwisTonFire","Dead by Daylight",448,12.6037887033489,"partner",2942319
"304","LuCKyy10p","Destiny 2",446,7.15351092557112,"partner",5512920
"305","RushIntenso","PLAYERUNKNOWN'S BATTLEGROUNDS",445,2.49156675888432,"partner",3750613
"306","k13tv","Dota 2",443,2.07767786999544,"partner",4600316
"307","Pace22","Sea of Thieves",440,3.54240009221766,"partner",2178198
"308","PsiSyn","Arma 3",439,1.64295592586199,"partner",12379541
"309","ESL_CSGO","Counter-Strike: Global Offensive",436,16.7587892591953,"partner",359377804
"310","bcn_fighters","DreadOut",434,12.3976781480842,"partner",1358250
"311","CasinoLocos","Grand Theft Auto V",432,2.08962259252866,"affiliate",308166
"312","kealanvarian","Slots",431,13.2640673144658,"streamer",250
"313","SeriousGaming","Just Chatting",430,7.28101175891029,"partner",39350442
"314","AnnieFuchsia","Talk Shows & Podcasts",429,2.60351175891028,"partner",16424140
"315","FROGMAN1","PLAYERUNKNOWN'S BATTLEGROUNDS",428,4.90323398113251,"partner",849334
"316","Hugo_One","Grand Theft Auto: Vice City",426,7.16573425862524,"partner",824554
"317","優利","Just Chatting",426,11.491012036403,"affiliate",400570
"318","TopaV","Summoners War: Sky Arena",425,9.59656786945131,"partner",334331
"319","m00sician","Pilotwings Resort",425,1.0274495987263,"partner",1058705
"320","Scott_Falco","Banjo-Kazooie",424,1.07295703609784,"partner",399308
"321","Lady","Grand Theft Auto V",424,5.13295703609784,"partner",1595696
"322","slotuvplayeret","Slots",424,17.0010128694773,"streamer",203
"323","SoloFahad","Fortnite",423,6.46462398058838,"affiliate",6448
"324","WoolieVersus","Sekiro: Shadows Die Twice",422,1.03073509169949,"partner",217239
"325","brendonurie","Fortnite",419,2.12740203612381,"partner",1589583
"326","Genghiskhanz","Grand Theft Auto V",417,12.8162909250127,"partner",592724
"327","Bnans","Tom Clancy's Rainbow Six: Siege",416,49.160788834095,"partner",2843324
"328","LuluLuvely","Apex Legends",414,6.76851342585352,"partner",1147018
"329","Yuuie","Overwatch",413,5.10934675918685,"partner",13037978
"330","jean_mago","League of Legends",411,3.05962453696463,"partner",1228601
"331","Sonecarox","Just Chatting",410,8.02156898140907,"partner",10520143
"332","Bayleef","Super Mario Galaxy",408,3.37406925890181,"partner",261126
"333","Nerd_Logic","Until Dawn",406,7.08351370334625,"partner",908048
"334","UclaTwitchCat","Fortnite",405,32.8774888674418,"affiliate",206550
"335","vitussbritvahsh","Slots",405,4.73184703667959,"streamer",97
"336","tecoNe","Counter-Strike: Global Offensive",405,5.90073620253139,"partner",3054946
"337","EliasTibianoDoido","Tibia",405,8.06962509142028,"partner",2956910
"338","Andy","The Legend of Zelda: A Link to the Past",403,1.16545842475361,"partner",2766700
"339","mar0_0ven","Grand Theft Auto V",400,5.89629203663932,"affiliate",74381
"340","Oatsngoats","Metroid: Other M",399,1.41073648108376,"partner",4280023
"341","slottyqueen","Slots",398,2.36601425886154,"streamer",85
"342","StreamerHouse","Fallout 76",398,20.0312923136022,"partner",55153880
"343","AlbiUK","Final Fantasy VII",397,38.4108721494675,"affiliate",86280
"344","Etoiles","League of Legends",392,5.51518120249112,"partner",774525
"345","robi","World of Warcraft",391,4.48045925835768,"partner",4573309
"346","DingDongVG","Splatoon 2",384,32.177555501461,"partner",702745
"347","DeriumsPokemon","Pokémon Trading Card Game",383,54.3942221681277,"partner",839442
"348","SaltyBet","M.U.G.E.N",382,1.09768175833755,"partner",28895629
"349","fafaninio","Just Chatting",382,2.69407064722644,"partner",119507
"350","StreamGameOVER","SOMA",382,4.21657064722644,"partner",5018790
"351","DutchsinseOfficial","Science & Technology",382,1.02810943668915,"affiliate",2440577
"352","HCJustin","Cadence of Hyrule – Crypt of the NecroDancer Featuring The Legend of Zelda",381,3.21851536942853,"partner",2278808
"353","AstroGTX","Special Events",380,6.41545981387297,"streamer",2678
"354","Roidie","Old School RuneScape",377,4.20545981387297,"partner",508677
"355","Marco","The Legend of Zelda: Ocarina of Time",376,3.33573787000444,"partner",1829270
"356","HOLLYWOOD285","FIFA 19",374,5.52184898111555,"partner",312993
"357","RatedEpicz","Grand Theft Auto V",373,58.6109388669332,"partner",768586
"358","ImBa__TV","FIFA 19",372,4.82907148109542,"partner",190995
"359","ESL_Australia","Dota 2",371,1.63740481442875,"partner",3297449
"360","IFresh_HD","League of Legends",369,2.9293492588732,"partner",4123212
"361","Oroboro","Dead by Daylight",366,1.47740481442875,"partner",10419496
"362","mblaoc","Age of Empires II",366,4.81351620250278,"partner",1797872
"363","StephenIRL","Just Chatting",364,2.34407175805834,"partner",2355951
"364","Disnof","RimWorld",364,4.75240509139167,"partner",1328953
"365","starsmitten","BaBa Is You",359,2.64573870360851,"partner",930662
"366","l_e_m_b_e_r_g","Just Chatting",359,4.02240537027518,"affiliate",26358
"367","MirandaKerry","Grand Theft Auto V",358,3.63879425916407,"partner",3347352
"368","Larsfest","Path of Exile",358,6.94518342475096,"partner",1464042
"369","Maxalibur","Fortnite",356,1.21768342475096,"partner",1439090
"370","DekkiGamesJP","Fortnite",356,1.75768342475096,"partner",827611
"371","이춘향","Minecraft",356,6.43685038308303,"partner",619884
"372","Seals311","Life Is Strange",356,8.05407260530525,"partner",3449241
"373","StatsBloke","World of Warships",355,5.50351704974969,"affiliate",20058
"374","KaraCorvus","Just Chatting",351,5.20407288279798,"partner",1987741
"375","shikai","Fortnite",350,6.00796177168687,"partner",2799623
"376","크캣66","League of Legends",350,8.21268399390909,"streamer",278316
"377","DDRJake","RimWorld",348,15.4168506605758,"partner",2395531
"378","Macaw45","Retro",348,1.0024064816369,"partner",525598
"379","Winghaven","PLAYERUNKNOWN'S BATTLEGROUNDS",348,3.44657314830356,"partner",1528944
"380","NRGSeries","Magic: The Gathering",348,10.1187953705258,"affiliate",97327
"381","Stivitybobo","Banjo-Kazooie",347,1.92768454942438,"partner",3924374
"382","RevScarecrow","Danganronpa: Trigger Happy Havoc",347,2.03768454942438,"partner",1122882
"383","seltixonair","Just Chatting",345,13.8512956605355,"partner",422848
"384","MarcoOPz","PLAYERUNKNOWN'S BATTLEGROUNDS",345,4.94046232720216,"partner",4142358
"385","Sunlight","Dota 2",343,7.09990704947048,"partner",1252927
"386","dotamara2","Just Chatting",342,2.17990704947048,"partner",443378
"387","pokay__","Minecraft",341,1.97240704947048,"affiliate",116215
"388","Im_Dontai","Doki Doki Literature Club",340,3.8071292716927,"streamer",9289
"389","apextv_02","NULL",340,5.45574064777957,"streamer",67859
"390","Buerinho","League of Legends",339,1.50574064777957,"partner",1661664
"391","ThaNix229","Fortnite",338,1.83685175889068,"partner",73728
"392","Sr_ThuliuM","Grand Theft Auto V",343,2.26247400667932,"partner",471412
"393","Weest","Minecraft",342,2.34441845112377,"affiliate",81292
"394","NyuGamingTV","Auto Chess",341,6.01108511779043,"partner",423162
"395","seltixonair","Just Chatting",341,14.1913631730609,"affiliate",39590
"396","ZeldaSpeedRuns2","The Legend of Zelda: A Link to the Past",340,1.66552983972761,"partner",673411
"397","IttyBittyBex","Just Chatting",340,2.27803011775017,"affiliate",89311
"398","danflesh111","Sekiro: Shadows Die Twice",339,6.83969678441683,"streamer",1116
"399","cryptovova","Slots",339,11.2369190066391,"partner",332520
"400","Libe","Just Chatting",339,12.5510859511296,"partner",2577544
"401","realBamBam","League of Legends",338,1.9860859511296,"partner",2388042
"402","Katth","League of Legends",336,4.71080817335182,"partner",177229
"403","MassNarX","FIFA 19",335,3.11580845084455,"partner",697110
"404","Tourva","Call of Duty: Black Ops 4",333,1.64330845084455,"partner",3752362
"405","BeagsAndJam","Battle Brothers",331,1.42191956195566,"streamer",22862
"406","anotherroadsideattraction","NULL",331,1.59747539553377,"partner",409008
"407","ThorW","Fate/Grand Order",326,6.39053095108933,"streamer",2769
"408","alcochill","Just Chatting",325,5.73775317331155,"partner",1555145
"409","Riley","Overwatch",324,3.33497567335765,"partner",961521
"410","Sixquatre","theHunter: Call of the Wild",324,10.3991423400243,"partner",1829407
"411","Marco","The Legend of Zelda: Ocarina of Time",323,3.67580900669098,"partner",110557
"412","Koogs46","MLB The Show 19",322,29.8652237494787,"streamer",9390
"413","Im_Dontai","Doki Doki Literature Club",322,4.14719817360242,"streamer",1
"414","glenlittle","Slots",321,31.4318904161453,"partner",4576891
"415","SattelizerGames","Dead by Daylight",321,1.51747622860803,"streamer",291185
"416","MythicLeague","Counter-Strike: Global Offensive",320,2.51164289527469,"streamer",265438
"417","SmirkinLIVE","Crawl",319,8.29358733971914,"partner",4131549
"418","마골","Path of Exile",319,7.7602540063858,"partner",338094
"419","BaRRaCCuDDa","Smite",319,3.660809839699,"partner",1464042
"420","peterparkTV","Just Chatting",316,1.048309839699,"affiliate",58528
"421","Larsfest","Path of Exile",314,7.28525428414345,"partner",1690392
"422","RideYT","Fortnite",310,9.92747678418954,"affiliate",134126
"423","Aculite","Fallout 76",309,2.36858789530065,"partner",1452029
"424","Yannex","TrackMania² Stadium",307,6.29247678418954,"partner",223869
"425","TomFawkes","Sea of Thieves",306,3.19886567307843,"affiliate",39011
"426","Choice","Black Desert Online",305,47.9152903834979,"streamer",3600
"427","Raxxanterax","Diablo III: Reaper of Souls",305,8.50831039528052,"partner",303443
"428","art5ive","Just Chatting",304,3.55525483972496,"partner",4097470
"429","NicoB7700","Shantae: Half-Genie Hero",303,31.6819570501645,"streamer",369
"430","칸데르니아","Overwatch",300,1.62553289526039,"partner",2799623
"431","zoome_sinals","NULL",300,1.04226757433955,"affiliate",89191
"432","shikai","Fortnite",299,6.34803289526039,"partner",4142358
"433","1Z99","Fortnite",298,1.60136622859372,"partner",3163112
"434","MarcoOPz","PLAYERUNKNOWN'S BATTLEGROUNDS",297,5.28053317308426,"partner",673023
"435","AutomaticJak","World of Warcraft",295,5.53164428419537,"partner",4059145
"436","Rumathra","Fortnite",293,1.83331122861968,"streamer",50260
"437","ProblemWright","MLB The Show 19",293,2.05275567306413,"streamer",20159
"438","li_mds","NULL",293,5.7905334508419,"partner",3231097
"439","dfgn4545","NULL",292,3.46664484030671,"partner",1007046
"440","Coestar","Garry's Mod",291,37.8820237517357,"affiliate",7673
"441","Dimitri","Barotrauma",291,3.52747817364004,"streamer",1345
"442","StormAurus","NULL",291,14.0116448403067,"partner",962795
"443","9Demon999","Just Chatting",290,12.37747817364,"partner",318548
"444","SirVenomIK","World of Warships",289,1.28914484030671,"partner",1581292
"445","LiL_Sonic","Destiny 2",289,6.43553400635719,"partner",17926
"446","CryptoTradersTV","Crypto",288,1.03945512063525,"partner",675359
"447","DizzlewithaJ","Fallout 4",287,4.60053400635719,"partner",593421
"448","swag_","Fortnite",287,4.60858956191275,"partner",303635
"449","MoUraDota","Dota 2",285,9.02275622857942,"partner",485172
"450","HailsBee","Just Chatting",285,51.5820403814316,"affiliate",110423
"451","Prospering","Fortnite",284,11.428311784135,"affiliate",17150
"452","ForkyRL","Rocket League",283,1.07747873332765,"partner",1560497
"453","easygoing_23","World of Warcraft",283,7.51470095554988,"partner",222383
"454","Felicity","Twitch Sings",278,52.8153906663259,"affiliate",85118
"455","PandoraCaos","Grand Theft Auto V",278,2.12608984443876,"affiliate",20150
"456","katvandermeer","Just Chatting",278,1.59803428888321,"partner",787166
"457","thai_killer","Fluid",277,5.67775651110543,"partner",1565252
"458","yvonnie","Dota Underlords",275,2.65858984443876,"partner",181854
"459","Etalyx","Stellaris",275,4.14220123138693,"partner",182983
"460","80bsaget","Grand Theft Auto V",275,4.7499790091647,"partner",141942
"461","ZalanRithnovszky","Travel & Outdoors",272,1.83136789805359,"partner",332210
"462","HarryGBestMC","HQ Trivia",271,35.6654072165489,"partner",771515
"463","SverokTV","Talk Shows & Podcasts",271,6.84942345360915,"partner",2309566
"464","YuriJoa","Just Chatting",269,24.5154072165489,"partner",1930994
"465","WantedOW","Overwatch",269,1.16081234249804,"partner",377570
"466","TeamleSS","League of Legends",268,9.12692345360915,"partner",1594500
"467","DesertP","BaBa Is You",265,2.10720123138693,"affiliate",54806
"468","로복님","Dungreed",265,3.00497929890951,"partner",1296927
"469","sinobii","Minion Masters",265,3.52164596557617,"partner",5447829
"470","HitGG","Grand Theft Auto V",263,2.61831263224284,"partner",1459549
"471","KTVSKY","Grand Theft Auto V",263,5.21720152113173,"partner",5224662
"472","ANIS13K","Dark Souls III",262,6.82025707668728,"affiliate",31489
"473","Malganyr","Heroes of the Storm",262,8.44442374335395,"streamer",149
"474","dogbertrp","Grand Theft Auto V",261,8.06747929890951,"partner",151391
"475","Ludojop_Streamv","Slots",260,5.32470178392198,"streamer",1240782
"476","CrankThatFrank","Just Chatting",259,2.35386845058865,"partner",1748940
"477","으음㈜","Games + Demos",259,1.0406472965523,"partner",3690069
"478","alkanhraje","Fortnite",258,6.66636845058865,"partner",3675195
"479","MorrolanTV","Black Desert Online",257,5.73553511725532,"partner",803858
"480","cheese","Super Mario 64",257,3.49581289503309,"partner",616126
"481","Ramez05","Dauntless",255,9.58386845058865,"partner",16575908
"482","yuki2yuki","Just Chatting",254,4.29497956169976,"partner",178750
"483","ArkosTV","Grand Theft Auto V",251,42.9654403686523,"partner",860955
"484","denissniderTV","Conqueror's Blade",250,3.57025733947754,"partner",2788549
"485","jillyfish","Old School RuneScape",250,2.01636872834629,"partner",1967612
"486","Gammalunatic","Dead by Daylight",250,6.08414650612407,"affiliate",97496
"487","김초짜","Path of Exile",250,6.30081317279074,"partner",1804546
"488","Marley_Barbie","Call of Duty: Black Ops 4",248,3.09275761723518,"partner",5824162
