"","Name","Game","Current Views","Current Duration","Broadcaster Type","Total Views"
"1","Tfue","Fortnite",49410,3.24725058390035,"partner",131137188
"2","Lord_Kebun","Grand Theft Auto V",21149,2.76169641719924,"partner",9538014
"3","xQcOW","Games + Demos",15785,11.1830853060881,"partner",68901776
"4","RiotGamesBrazil","League of Legends",15606,3.3372519727548,"partner",134451583
"5","CriticalRole","Talk Shows & Podcasts",15523,1.11280752831035,"partner",5666606
"6","YoDa","League of Legends",14766,28.5017850319544,"partner",136109217
"7","summit1g","World of Warcraft",14176,5.75225225057867,"partner",293597139
"8","Mizkif","Just Chatting",9426,1.20141891724534,"partner",4660101
"9","Doublelift","League of Legends",7331,43.4518017013868,"partner",66686059
"10","ClintStevens","Super Mario 64",6660,2.46891891724534,"partner",12431747
"11","EsfandTV","World of Warcraft",6540,3.40169669502311,"partner",8282618
"12","13hd_arg","NULL",6332,3.40225225057867,"streamer",136630
"13","Mathil1","Path of Exile",5829,6.813085583912,"partner",23456341
"14","livekiss","Music & Performing Arts",5773,10.2011411394676,"partner",10382693
"15","TSM_Myth","Fortnite",5725,5.34780780613422,"partner",77532173
"16","Trick2g","League of Legends",5692,3.66086336168978,"partner",139783893
"17","KiitLock","Dead by Daylight",5542,6.00753030584918,"partner",258056
"18","UberHaxorNova","Grand Theft Auto V",5111,5.85503030584918,"partner",9488000
"19","Shotz","Grand Theft Auto V",5074,9.39114141696029,"partner",2338041
"20","KingGeorge","Tom Clancy's Rainbow Six: Siege",5049,6.51836363918251,"partner",11030893
"21","cloakzy","Fortnite",4959,2.37753030584918,"partner",20735800
"22","masondota2","Dota 2",4854,9.46030808362696,"partner",1816385
"23","gaules","Counter-Strike: Global Offensive",4853,3.96919697251585,"partner",48612615
"24","shiyahi","Just Chatting",4838,1.07808586140474,"streamer",20918
"25","koil","Grand Theft Auto V",4712,2.93280808362696,"partner",8964150
"26","MarcaoRX","Grand Theft Auto V",4626,5.84975280582905,"partner",2281482
"27","dasMEHDI","Grand Theft Auto V",4499,4.67808613916238,"partner",9057319
"28","jovirone","League of Legends",4133,1.92253058360683,"partner",49375719
"29","SkipNhO","Just Chatting",4131,2.91947502805127,"partner",43830890
"30","elded","Sea of Thieves",3992,23.3518350164096,"partner",20542584
"31","KabajiOW","Overwatch",3904,2.95336391694016,"partner",8214534
"32","FakeUniforM","Black Desert Online",3886,1.69669725027349,"partner",1692953
"33","LilyPichu","Just Chatting",3811,2.53558613916238,"partner",18874627
"34","ashlynn","Grand Theft Auto V",3724,2.23975280582905,"partner",4913106
"35","72hrs","Fortnite",3647,7.9789197505845,"partner",11488839
"36","AsmodaiTV","Hearthstone",3619,1.6989197505845,"partner",20913987
"37","Northernlion","Escape From Tarkov",3583,6.89864197280672,"partner",22872557
"38","Doodybeard","Super Smash Bros. Ultimate",3549,3.35697530614005,"partner",353791
"39","Zizaran","Path of Exile",3465,10.8553086394734,"partner",26927319
"40","PatoPapao","League of Legends",3449,5.01725308391783,"partner",19410100
"41","dellor","Fortnite",3388,1.70336419502894,"streamer",3127735
"42","Datto","Destiny 2",3353,9.89475308391783,"partner",9080319
"43","boxbox","League of Legends",3318,6.27864197280672,"partner",90750121
"44","gabepeixe","Just Chatting",3298,6.34753086169561,"partner",5487679
"45","mang0","Super Smash Bros. Melee",3175,3.21419780585501,"partner",12556529
"46","ALOHADANCETV","Just Chatting",3122,12.5444755836328,"partner",49553752
"47","jschlatt","Minecraft",2988,1.6980866947439,"affiliate",445297
"48","cdewx","World of Warcraft",2964,1.18975350691213,"partner",36085336
"49","FURIAtv","Counter-Strike: Global Offensive",2905,2.07197572913435,"partner",1522889
"50","mendokusaii","Apex Legends",2886,3.83975350691213,"partner",8051198
"51","CorinnaKopf","Fortnite",2877,46.8518770813942,"affiliate",283711
"52","Flanalistaa","League of Legends",2812,6.91280906246768,"partner",1808220
"53","BikeMan","Foundation",2809,4.70697572913435,"partner",15755140
"54","JoshOG","Auto Chess",2737,3.63919795135657,"partner",69032906
"55","Calebhart42","Final Fantasy VII",2714,3.8075312846899,"partner",15499135
"56","DatModz","Path of Exile",2677,3.08336461802324,"partner",26830609
"57","Timmac","Grand Theft Auto V",2651,11.4758648916748,"partner",14282720
"58","Vargskelethor","Dreams",2622,1.15919822500812,"partner",5983611
"59","공혁준","Hearthstone",2598,1.06003155834145,"partner",18011220
"60","pescocofino","Grand Theft Auto V",2585,5.90697600278589,"partner",4204219
"61","trihex","Special Events",2536,11.8891982250081,"partner",18541066
"62","Magic","Magic: The Gathering",2526,1.98503155834145,"partner",88687352
"63","Kiwo","Grand Theft Auto V",2473,10.898087113897,"partner",9827392
"64","hexy","Dead by Daylight",2380,6.03086489167478,"partner",14430580
"65","kyo1984123","Just Chatting",2374,2.87558711389701,"partner",36402839
"66","IamCristinini","Grand Theft Auto V",2277,3.23030933611923,"partner",4174564
"67","Rubini","Tibia",2271,7.11947628027863,"partner",5566092
"68","Solary","Cities: Skylines",2166,1.82487401167828,"partner",70621305
"69","chocoTaco","Job Simulator: The 2050 Archives",2150,1.93892072472307,"partner",27771605
"70","VGBootCamp","Super Smash Bros. Ultimate",2126,4.85280961361196,"partner",81097037
"71","Pestily","Escape From Tarkov",2123,6.14919850250085,"partner",3209458
"72","gratis150ml","The Elder Scrolls V: Skyrim",2112,4.6986429469453,"partner",46103565
"73","Skadoodle","Apex Legends",2085,4.58308739138974,"partner",5600915
"74","tarzaned","League of Legends",2067,2.60447628027863,"partner",6964539
"75","LeStream","Special Events",1969,1.86947655803627,"partner",59985602
"76","SaltyTeemo","League of Legends",1945,6.01225433581405,"affiliate",3697642
"77","Amouranth","ASMR",1945,6.23364322470294,"partner",82429029
"78","Becca","Auto Chess",1942,5.91114322470294,"partner",21778630
"79","MethodJosh","League of Legends",1929,6.57003211359183,"partner",11436676
"80","RoyalPhunk","Path of Exile",1857,8.35142100248072,"partner",18901904
"81","playBATTLEGROUNDS","PLAYERUNKNOWN'S BATTLEGROUNDS",1854,3.06475433581405,"partner",27607216
"82","강소연","League of Legends",1852,2.9241987802585,"partner",2442020
"83","Ssaab","Grand Theft Auto V",1823,3.74836572474904,"partner",3311322
"84","優利","Just Chatting",1801,11.7947546136379,"affiliate",38248
"85","SilentSentry","Grand Theft Auto V",1790,4.85142128030459,"partner",7582432
"86","CalebDMTG","Magic: The Gathering",1773,2.66475461363792,"partner",6450047
"87","ImmortalHD","Grand Theft Auto V",1764,51.8519434849421,"partner",5158428
"88","NiceWigg","Apex Legends",1760,5.66169905808237,"partner",658751
"89","AlexRamiGaming","Fortnite",1714,7.62308794697126,"partner",515072
"90","Uthenera","Just Chatting",1711,6.3150323914157,"partner",6195573
"91","sonii","World of Warcraft",1695,10.0122546136379,"partner",4526779
"92","Lasqa","Games + Demos",1687,2.98114350252681,"partner",13838430
"93","Wingsofdeath","League of Legends",1661,2.15669933584001,"partner",99301181
"94","개복어","Just Chatting",1660,3.65475489139557,"partner",13036899
"95","Sardoche","BaBa Is You",1649,8.47864378028446,"partner",35644533
"96","DKane","Just Chatting",1639,1.93142155806224,"partner",1194802
"97","wyattdarbymtg","Magic: The Gathering",1637,3.81031044695112,"partner",296247
"98","AriGameplays","Just Chatting",1614,12.5352934837341,"affiliate",10549456
"99","Kephrii","Overwatch",1559,3.46864378028446,"partner",13381638
"100","captainmurphy","Grand Theft Auto V",1509,3.47225489139557,"partner",523584
"101","saintvicious","Auto Chess",1533,4.879273662236,"partner",41179623
"102","EternaLEnVyy","Dota 2",1532,7.12816255112489,"partner",22570657
"103","GiantBomb","Special Events",1531,2.46982921779156,"partner",21284904
"104","Weak3n","Smite",1520,1.92149616195096,"partner",3861919
"105","captainmurphy","Grand Theft Auto V",1515,3.59205171750651,"partner",523584
"106","unableToBreathe","Just Chatting",1485,15.9156628286176,"streamer",15588
"107","小舞","Grand Theft Auto V",1478,6.12677393972874,"partner",768862
"108","Puppers","Dead by Daylight",1473,6.34260727306207,"partner",1899557
"109","ZiggyDLive","Path of Exile",1452,1.59482977330685,"partner",11562207
"110","Draskyl","Dota 2",1442,5.71566310664018,"partner",28094037
"111","AmarCODTV","Counter-Strike: Global Offensive",1421,2.3578853288624,"partner",4334982
"112","anahix111","NULL",1421,5.93760755108462,"streamer",42051
"113","juansguarnizo","Sea of Thieves",1408,1.12232977330685,"partner",2472827
"114","DiNo","Grand Theft Auto V",1405,5.06316310664018,"partner",453979
"115","Pikabooirl","World of Warcraft",1395,4.12316310664018,"partner",8087824
"116","렘쨩","Tom Clancy's Rainbow Six: Siege",1350,11.2689967194531,"partner",4261346
"117","MaryJLeeee","ASMR",1339,2.05066338611974,"partner",8458994
"118","snutzy","World of Warcraft",1323,3.00149671945307,"partner",14787205
"119","yy_ff1","NULL",1305,7.62288560834196,"streamer",67451
"120","SparcMac","Old School RuneScape",1286,3.39844116389751,"partner",21005882
"121","aynisinemalar","Grand Theft Auto V",1259,5.11677449723085,"partner",396347
"122","DottzGaming","The Elder Scrolls Online",1241,3.83344116389751,"partner",3892279
"123","DuelLinksMeta","Yu-Gi-Oh! Duel Links",1235,8.89649671945307,"partner",1761392
"124","ChaseShaco","League of Legends",1221,11.1520522750086,"partner",2070500
"125","CobaltStreak","Terraria",1191,4.79344116389751,"partner",31624471
"126","TSM_TheOddOne","Total War: Three Kingdoms",1176,3.98760810666614,"partner",205937995
"127","OverwatchContenders","Overwatch",1160,5.23038588444392,"partner",20280222
"128","YuriJoa","Just Chatting",1138,2.82455255111059,"partner",738465
"129","DawNHS","Hearthstone",1126,3.6956636622217,"partner",7410987
"130","Matimi0","Tom Clancy's Rainbow Six: Siege",1124,1.96038588444392,"partner",6100751
"131","zorlaKOKA","Counter-Strike: Global Offensive",1114,4.4031636622217,"partner",16412923
"132","wintergaming","StarCraft II",1102,1.97844143999947,"partner",25506965
"133","POACH","Battalion 1944",1101,6.14233053055074,"partner",8685745
"134","bchillz","Rust",1087,6.900386099418,"partner",3937234
"135","yamatonjp","Fortnite",1071,2.42371943275134,"partner",11622183
"136","DizzyKitten","Just Chatting",1066,56.2398326317469,"partner",18559891
"137","gp_ut","NULL",1059,4.5401084669431,"streamer",9083
"138","Bustin","Just Chatting",1057,5.23649735583199,"partner",2555291
"139","zotieboy","Fortnite",1053,2.27149735583199,"partner",304625
"140","m0xyy","Apex Legends",1051,3.14260846694311,"partner",2761726
"141","FACEIT TV","Counter-Strike: Global Offensive",1034,10.5967751336098,"partner",192549644
"142","FanHOTS","Heroes of the Storm",1003,2.43371957805422,"partner",2524527
"143","SortaMaliciousGaming","Minecraft",997,1.98010846694311,"partner",1797583
"144","evion_official","Metin 2",974,6.78260846694311,"streamer",25073
"145","xChocoBars","Auto Chess",971,25.3065080165863,"partner",19948856
"146","SoDLire","Cooking Simulator",970,8.30566402249866,"partner",602459
"147","daltoosh","Apex Legends",963,10.4198309624857,"affiliate",409063
"148","Shortyyguy","Total War: Three Kingdoms",962,3.97788651804129,"partner",16161673
"149","Hitch","Just Chatting",953,4.63621985137463,"partner",2559157
"150","Gale_Adelade","Overwatch",948,4.72816429581907,"partner",7097821
"151","RAZORRRTV","Grand Theft Auto V",929,4.21094207359685,"affiliate",314457
"152","Alfie","Old School RuneScape",913,4.67066429581907,"partner",10638082
"153","Leffen","Super Smash Bros. Melee",912,3.22594207359685,"partner",7512071
"154","플러리","Hearthstone",910,1.45677540693018,"partner",10242744
"155","GassyMexican","Fallout 76",901,38.2731910824776,"partner",22087606
"156","ipav999","League of Legends",901,8.02566429581907,"partner",3136558
"157","manutegaming","League of Legends",896,13.9128868905703,"partner",712083
"158","LVPcol","League of Legends",879,3.36899800916513,"partner",541553
"159","DrkzUp","Grand Theft Auto V",874,3.34566467583179,"affiliate",161132
"160","Dekar173","League of Legends",874,6.22705356472068,"partner",5822608
"161","tripleWRECK","Destiny 2",871,3.36983134249846,"partner",6552371
"162","Tanovich","Grand Theft Auto V",869,1.00094245360957,"partner",557960
"163","gamersclubcs","Counter-Strike: Global Offensive",861,3.46760912027624,"partner",9467700
"164","fuslie","Just Chatting",853,15.7565635323524,"partner",8303806
"165","QTCinderella","Just Chatting",848,42.3732301990191,"partner",300332
"166","anotherroadsideattraction","NULL",846,2.3148316144281,"streamer",18518
"167","RyuQuezacotl","Diablo II: Lord of Destruction",841,2.24427605887254,"partner",6841684
"168","GoldenTot","FINAL FANTASY XIV Online",828,2.52510939220587,"partner",1711467
"169","Ness","Auto Chess",827,4.66205383665032,"partner",10973473
"170","XodaLive","League of Legends",825,43.3732301990191,"partner",8810647
"171","BotanicX","Dota 2",815,17.2732301990191,"affiliate",916255
"172","재슥짱","League of Legends",815,3.6123316144281,"partner",2569836
"173","지수소녀","League of Legends",799,1.18649828109476,"partner",1115365
"174","speros_","Call of Duty: Black Ops 4",795,2.43483189225197,"affiliate",88389
"175","Bucklington","Minecraft",788,3.1556652255853,"partner",1159883
"176","RuneScape_jth","RuneScape",781,14.9065802017848,"affiliate",475
"177","toni1ONE","Counter-Strike: Global Offensive",777,1.04927633669641,"affiliate",183921
"178","DirtyDan79","Path of Exile",776,4.35788744780752,"partner",8738106
"179","PmsProxy","Grand Theft Auto V",759,2.77622078114086,"partner",2220094
"180","dreads","Hearthstone",755,4.91649855891863,"partner",1746187
"181","Rallied","Call of Duty: Black Ops 4",748,2.83372078114086,"partner",1021945
"182","Odablock","Old School RuneScape",748,4.06927633669641,"partner",13838253
"183","大天神","League of Legends",746,2.1306652255853,"partner",4411688
"184","스피드소닉","Path of Exile",743,11.3262207811409,"partner",692946
"185","Tourva","Call of Duty: Black Ops 4",736,3.33733189225197,"partner",2471598
"186","fluyr","Counter-Strike: Global Offensive",733,46.4732685685158,"affiliate",344652
"187","samanthas","Just Chatting",732,56.3732685685158,"affiliate",187275
"188","kyouchan_","Monster Hunter World",732,3.81038780947526,"partner",3314584
"189","Fitzyhere","Overwatch",731,2.98761003169749,"partner",13801146
"190","新電玩快打官方直播台","Talk Shows & Podcasts",726,35.4232685685158,"partner",12101287
"191","TUeSport","Tom Clancy's Rainbow Six: Siege",722,2.13927669836415,"partner",86950
"192","RealShelfy","MLB The Show 19",719,3.01705447614193,"partner",1537237
"193","Worrun_","Escape From Tarkov",717,5.14844336503082,"partner",372689
"194","Judd","Grand Theft Auto V",715,3.27455447614193,"partner",849568
"195","Eduardo_Hook ","Guilty Gear Xrd REV 2",706,3.57649892058637,"partner",921558
"196","低欸死","Path of Exile",687,1.32066585666604,"affiliate",16768
"197","HypeBeastJames","Magic: The Gathering",676,2.99149918999937,"partner",1209493
"198","X33N","Minecraft",675,2.09538807888826,"affiliate",123238
"199","TrabzonleeTV","Grand Theft Auto V",674,7.09705474555492,"partner",1709840
"200","BASETRADETV","StarCraft II",690,3.25259476085504,"partner",32665202
"201","ExcessiveProfanity","Special Events",688,43.2890356183052,"partner",8336600
"202","TeftyTeft","Destiny 2",681,1.15676170474953,"partner",3687827
"203","Peixetro","Grand Theft Auto V",681,1.21731726030509,"partner",3186441
"204","MCDM","Just Chatting",673,52.0223689516385,"partner",660826
"205","Wayward","Grand Theft Auto V",670,3.36926170474953,"affiliate",14746
"206","UltraChenTV","Talk Shows & Podcasts",666,2.56065059363842,"partner",6269693
"207","케인","Just Chatting",659,3.20259503808286,"partner",7088474
"208","Avori","PLAYERUNKNOWN'S BATTLEGROUNDS",657,5.75398420446449,"partner",2002949
"209","KISSRADIO_FM997","Music & Performing Arts",655,6.59815087113116,"affiliate",868926
"210","TrabzonleeTV","Grand Theft Auto V",648,7.20065087113116,"affiliate",123238
"211","かべお","Auto Chess",643,1.08037309335338,"partner",5693045
"212","BRNWOWZK1","Counter-Strike: Global Offensive",639,40.455718934536,"partner",1709840
"213","IFrostBolt","Destiny 2",635,4.85815087113115,"partner",1368564
"214","MboneHD","FIFA 19",633,2.22287337111102,"partner",1370195
"215","Mr_Mammal","Pokémon Platinum",632,8.08426225999991,"partner",10598189
"216","Speedrun","Super Mario Sunshine",628,5.57426225999991,"partner",4244170
"217","Fitzyhere","Overwatch",627,3.09120670444436,"partner",3314584
"218","Mejash","World of Warships",625,4.97342892666658,"partner",1569146
"219","TheRSGuy_IXG","RuneScape",624,41.239068933328,"streamer",3
"220","HBomb94","Minecraft",623,2.94176225999991,"partner",452408
"221","TheChief1114","Grand Theft Auto V",620,2.77815142664644,"partner",3503027
"222","iRacing","iRacing.com",612,2.16676253775756,"streamer",5640332
"223","PandoraCaos","Grand Theft Auto V",612,2.17815142664644,"partner",209682
"224","tkhaf","Fortnite",610,2.91398475997978,"affiliate",33514
"225","runitup247","Poker",610,10.0189847599798,"partner",2925435
"226","花_","Grand Theft Auto V",608,1.79537364886867,"partner",893357
"227","SHiFT","SpongeBob SquarePants: Battle for Bikini Bottom",608,3.61704031553533,"partner",3714865
"228","MoMaN","Sea of Thieves",606,4.02009614891476,"partner",13059390
"229","Slappie","Fortnite",603,2.92259614891476,"partner",2321124
"230","brkk","Grand Theft Auto V",602,6.52481837113698,"partner",2215061
"231","AngelsKimi","Life Is Strange: Before the Storm",598,2.05509614891476,"partner",6224409
"232","Delt4Forc3","Grand Theft Auto V",598,2.28870726002587,"affiliate",2461508
"233","OgamingLoL","League of Legends",593,5.27120726002587,"partner",133739527
"234","Failstream","Super Mario Maker",591,2.64509614891476,"partner",953576
"235","l2elixir12","Lineage II",586,1.81759659879737,"streamer",9766
"236","OhTofu","Dead by Daylight",585,2.23037420471509,"partner",2672434
"237","CarlosStory","NBA 2K19",583,1.46370753804843,"partner",1156514
"238","lord_of_dice","Slots",579,1.10821003630757,"streamer",6110
"239","RiffTrax","Always On",578,20.0845408713818,"partner",4473177
"240","n0thing","Counter-Strike: Global Offensive",577,32.8391189495722,"partner",11230710
"241","연초봄","Just Chatting",577,1.06009642693732,"partner",1010913
"242","Pace22","Sea of Thieves",577,4.55620753804843,"partner",1803481
"243","RocketBeansTV","Talk Shows & Podcasts",562,1.04680957334461,"partner",75142678
"244","ludwig","Just Chatting",557,1.32731892691718,"partner",329675
"245","Slayerage","Destiny 2",550,1.70870781580607,"partner",3430895
"246","voicetv","NULL",544,10.0681522602505,"partner",2779837
"247","Artosis","StarCraft",542,3.17287448247274,"partner",8199780
"248","SavinTheBees","Just Chatting",539,2.52120781580607,"partner",1262597
"249","eskobartv","Dota 2",534,11.8092633713616,"affiliate",588173
"250","StephenIRL","Just Chatting",530,1.22259670469496,"partner",2339423
"251","FrivviFox","ASMR",529,1.14843003802829,"partner",1454266
"252","SymbolK_xD","Slots",528,1.91120781580607,"streamer",8060
"253","Etup","Path of Exile",513,1.14759670469496,"partner",8968389
"254","AlbiUK","Final Fantasy VII",513,2.13231920474105,"affiliate",86021
"255","Zapman","Smite",510,3.68204142696328,"partner",8217121
"256","apextv_02","NULL",499,1.66120809362994,"streamer",49354
"257","KristoferYee","Just Chatting",497,2.94731920474105,"partner",54701
"258","Swag_Dracula","Dead by Daylight",495,1.6367636491855,"partner",2151789
"259","칸데르니아","Total War: Three Kingdoms",495,3.20620809362994,"partner",4077303
"260","hyped","Auto Chess",492,1.10454170445601,"partner",1045666
"261","MrYagut","Hearthstone",492,4.38398614890046,"partner",6821635
"262","gadolherme","Grand Theft Auto V",491,7.85287503778935,"partner",156896
"263","LiveattheBike","Poker",489,2.24787503778934,"streamer",2056708
"264","Rojankhzxr","League of Legends",489,2.21009726001157,"partner",4390628
"265","realvivien","Just Chatting",488,1.94815281556712,"partner",999532
"266","guccislots","Slots",488,4.40481948223379,"streamer",6321
"267","SaltyBet","M.U.G.E.N",487,2.06148614890046,"partner",28867050
"268","Daskelelele","Slots",486,2.26398614890046,"affiliate",1285894
"269","ONE_shot_GURL","The Isle",485,5.01370864888032,"affiliate",600164
"270","DumbDog","Escape From Tarkov",480,11.3075975377692,"partner",5199092
"271","Bajheera","World of Warcraft",478,2.1689864266581,"partner",35663779
"272","Reverse2k","Rocket League",477,33.3558522661527,"partner",2044025
"273","denissniderTV","Grand Theft Auto V",477,4.50815309332477,"partner",16536898
"274","23x59","Auto Chess",474,6.05981975999143,"partner",127231
"275","R9Rai","FIFA 19",473,1.33981975999143,"partner",973598
"276","Sonecarox","Hearthstone",473,11.2148200377491,"partner",10482253
"277","ESL_CSGO","Counter-Strike: Global Offensive",471,1.20229574231362,"partner",359177926
"278","fearxlessxleader","Call of Duty: Black Ops 4",469,1.00856889046177,"affiliate",20407
"279","bobqinxd","League of Legends",467,3.63732003774908,"partner",174114
"280","SnapsCube","Minecraft",466,3.61843114886019,"affiliate",28278
"281","Blondiewondie","Just Chatting",464,5.34843114886019,"partner",7647091
"282","Thabeast721","Super Mario Maker",458,4.76120892663797,"partner",1640198
"283","novaruu","The Legend of Zelda: Majora's Mask",458,5.0295422599713,"affiliate",1361413
"284","sasa","Just Chatting",458,2.32259781552686,"partner",5336598
"285","Yogscast","NULL",457,5.06537559330463,"partner",107826775
"286","xduracel","Summoners War: Sky Arena",455,4.36343142694897,"partner",940004
"287","JimRsNg","StarCraft II",455,2.51482031583786,"partner",3563988
"288","Truman","Super Mario World",455,3.07843142694897,"partner",276736
"289","LoadingReadyRun","Wounded ",454,3.06787587139342,"partner",8747592
"290","CallMeGrub","Grand Theft Auto V",448,3.81732031583786,"partner",146618
"291","Disnof","RimWorld",447,6.51259809361564,"partner",1323342
"292","realBamBam","League of Legends",447,3.55732031583786,"partner",2569919
"293","ProblemWright","Fortnite",445,7.10204253806008,"partner",4034713
"294","Muma","Overwatch",443,1.89287587139342,"partner",1046671
"295","LacedUpLauren","Destiny 2",441,2.74954281555282,"partner",7480484
"296","PsiSyn","Arma 3",437,5.96398725999726,"partner",12370852
"297","ConnorEatsPants","Minecraft",436,3.37037614888615,"affiliate",214333
"298","Arvius","Battle Brothers",434,9.78537614888615,"partner",4705492
"299","Rainbow6BR","Tom Clancy's Rainbow Six: Siege",433,2.24287614888615,"partner",16437937
"300","Reverse2k","Rocket League",430,40.5581932147344,"partner",2044025
"301","Kiingtong","Minecraft",429,2.14763655357891,"partner",160286
"302","k13tv","Dota 2",428,1.2915254424678,"partner",4573375
"303","AlineFox","Just Chatting",426,45.6748598814011,"partner",1054096
"304","Elevate","Just Chatting",425,6.25735905388991,"partner",156654
"305","DarksydePhil","Call of Duty: Black Ops 4",421,1.42069238722324,"partner",7371555
"306","lagarto","Fortnite",420,43.0915432333946,"partner",277129
"307","AugustLoveGold","Dota 2",420,1.23819238722324,"streamer",18726
"308","Metaphor","League of Legends",420,3.83735905388991,"partner",1876262
"309","girlfriendreviews","The Legend of Zelda: Ocarina of Time",416,3.19402572055658,"partner",332609
"310","Natsumiii","League of Legends",416,3.9387479427788,"partner",5499018
"311","novaruu","The Legend of Zelda: Majora's Mask",416,5.14958127611213,"affiliate",1362196
"312","SnapsCube","Minecraft",414,3.73847044275867,"affiliate",28431
"313","p0me","Just Chatting",410,3.01374822053644,"partner",2920053
"314","Smashley","Dauntless",410,4.374303776092,"partner",2935036
"315","RaquelLily","Just Chatting",408,2.92485933164755,"partner",963386
"316","themattayahu","Warcraft III: The Frozen Throne",407,3.93902599831422,"partner",9943150
"317","RushIntenso","Forza Horizon 4",406,3.02291488720311,"partner",3731963
"318","청묘님","Black Desert Online",405,3.16041516502698,"partner",647369
"319","AlfredoPlays","Tom Clancy's Rainbow Six: Siege",401,2.78680405391587,"partner",1262920
"320","Mick","Grand Theft Auto V",401,5.77541516502698,"partner",515710
"321","LuquEt4","Grand Theft Auto V",398,1.77680405391587,"affiliate",186591
"322","Sr_ThuliuM","Grand Theft Auto V",396,6.51152627613809,"partner",457492
"323","Celerity","Hades",393,1.70319294280476,"partner",3200886
"324","shakibdh","World of Warcraft",393,4.80624849836032,"partner",3661771
"325","usedpizza","Resident Evil 6",391,3.06597072058254,"partner",1739573
"326","LadyGrace","Conqueror's Blade",390,6.84708183169365,"affiliate",45452
"327","amablitzz","Just Chatting",387,1.48402655389574,"partner",322784
"328","Rojankhzxr","League of Legends",387,2.33013766500685,"partner",4390628
"329","Klean","Mordhau",384,7.98430433167352,"partner",7251932
"330","FuturemanGaming","Super Mario 64",382,3.12208210945129,"partner",5084581
"331","strakatv","Counter-Strike: Global Offensive",382,3.63958210945129,"partner",667151
"332","Borderlands","Borderlands 2",382,5.23374877611796,"partner",2444362
"333","danehearth","Hearthstone",377,7.20680433167352,"partner",1405454
"334","Alem4o_r6","Tom Clancy's Rainbow Six: Siege",376,11.8979154427846,"partner",280567
"335","Oatsngoats","The Legend of Zelda: Ocarina of Time",371,2.40652683165338,"partner",4238832
"336","RobertoCein","Sea of Thieves",370,45.591609899203,"partner",2841645
"337","MTGNerdGirl","World of Warcraft",369,5.76819349832005,"partner",1274821
"338","Willokhlass","Fortnite",367,2.20208238720894,"partner",760033
"339","apextv_02","NULL",366,1.78124905387561,"streamer",49616
"340","阿卡斯","Path of Exile",363,1.74097127609783,"affiliate",532216
"341","NickiTaylor","League of Legends",363,2.62069349832005,"partner",5968250
"342","Ramee","Grand Theft Auto V",361,4.02708238720894,"partner",679386
"343","ClovaoBengala","League of Legends",358,56.4749432325363,"partner",1411763
"344","s4","Path of Exile",356,3.47097127609783,"partner",3563403
"345","JChannel","Talk Shows & Podcasts",355,12.1509715539217,"partner",3624032
"346","Takahata101","WWE 2K19",354,1.73736044281059,"partner",885478
"347","studyo_king","League of Legends",347,1.36124933169948,"affiliate",516453
"348","くろにゃん微少女","League of Legends",345,3.58652710947726,"partner",447499
"349","Coestar","Minecraft",342,1.09902710947726,"partner",3227042
"350","IAmSp00n","Fallout 76",342,5.31124933169948,"partner",11058642
"351","Stivitybobo","Banjo-Kazooie",342,1.30819377614392,"partner",3921309
"352","Weest","Just Chatting",340,4.14791599836614,"partner",815694
"353","JohnnyCDerp","World of Warcraft",339,19.631804887255,"partner",2228084
"354","JPKMoto","Grand Theft Auto V",338,3.37208294279046,"affiliate",173545
"355","Boom","PLAYERUNKNOWN'S BATTLEGROUNDS",335,1.17013849834601,"partner",710975
"356","rapha","Quake Champions",335,1.49930516501268,"partner",1198818
"357","danielrensch","Fortnite",335,2.36708294279046,"partner",89870
"358","김반희","Just Chatting",332,1.20986072056823,"partner",2480378
"359","BeyondTheSummit","Dota 2",332,4.65291655388143,"partner",391182719
"360","QuasLoL","League of Legends",330,7.69680544277032,"partner",2997474
"361","wesbtw","Just Chatting",329,2.52819433165921,"affiliate",295448
"362","ArlieShaban","Poker",328,23.0583265662193,"partner",1677534
"363","DonTheCrown","Path of Exile",327,14.7662498872148,"partner",1420502
"364","gp_ut","NULL",325,4.76374988721477,"streamer",9083
"365","KristoferYee","Just Chatting",325,3.06736099832588,"partner",55348
"366","風華","Black Desert Online",325,1.9945832205481,"partner",1659637
"367","Dappur","Rocket League",320,1.28486099832588,"partner",1597451
"368","bobbypoffgaming","Call of Duty: Black Ops 4",320,1.34986127608352,"affiliate",499541
"369","RenanSparrow","Vampire: The Masquerade - Bloodlines",319,3.18597238719463,"partner",2398783
"370","bitcoinstrategy","Slots",317,5.8401390538613,"streamer",10859
"371","R0o08","PUBG MOBILE",316,4.99847238719463,"partner",69738
"372","hamtaro159","Dead by Daylight",315,1.15486127608352,"affiliate",1016
"373","Eveuh","World of Warcraft",314,4.11097238719463,"affiliate",729827
"374","ViBElol","StarCraft II",314,5.6326390538613,"partner",4055174
"375","MohTV","Grand Theft Auto V",314,5.9151390538613,"affiliate",5869
"376","Macaw45","Retro",313,2.92402822057406,"partner",522189
"377","pikamooooon","PLAYERUNKNOWN'S BATTLEGROUNDS",311,3.38930599835184,"streamer",7005
"378","SlotChic","Slots",311,4.06513933168517,"streamer",1516
"379","ESL_SC2","StarCraft II",309,1.05309608326466,"partner",80861213
"380","toni1ONE","Counter-Strike: Global Offensive",308,1.27291710946295,"affiliate",1836
"381","工具人小光","Grand Theft Auto V",308,1.89625044279628,"partner",684546
"382","Athena","Rocket League",306,1.21180599835184,"partner",2109121
"383","sinobii","Minion Masters",305,5.23736155390739,"affiliate",51069
"384","QUEPAVADASPRO","Minecraft",304,4.86180627610948,"partner",361430
"385","Dimitri","Cooking Simulator",303,2.12375072055393,"partner",1004072
"386","Etalyx","Total War: Three Kingdoms",303,4.99875072055393,"partner",1560721
"387","Tommey","Call of Duty: Black Ops 4",300,1.76541738722059,"partner",2766765
"388","anarqui4","PLAYERUNKNOWN'S BATTLEGROUNDS",297,5.37763960944282,"partner",1000001
"389","juliostito","League of Legends",297,1.53180655386713,"partner",389295
"390","itsTina","The Legend of Zelda: Breath of the Wild",296,4.88708433164491,"partner",1163468
"391","SGK7gaming","Just Chatting",296,1.59736210942268,"partner",613338
"392","vf_dcc9","NULL",296,3.44208433164491,"streamer",9922
"393","GrinningGoat","Hearthstone",296,4.19875099831157,"partner",2631957
"394","Thunderblunder777","Pokémon Ultra Sun/Ultra Moon",294,43.041726565361,"partner",121223
"395","JulesJstar","Art",294,4.02097322053379,"streamer",7263
"396","Hungry","Food & Drink",293,20.2045843316449,"partner",19827165
"397","havoc616","Path of Exile",292,6.61347322053379,"partner",5865679
"398","KelseyDangerous","Dead by Daylight",291,1.27514016502433,"partner",224501
"399","Gaara","World of Warcraft",291,4.41902905391322,"partner",3599590
"400","R0o08","PUBG MOBILE",284,5.11819565163718,"partner",69738
"401","Waggle","Path of Exile",281,2.51180676274829,"partner",1450007
"402","DanGheesling","Escape From Tarkov",280,2.11541787385941,"partner",2424347
"403","havoc616","Path of Exile",280,6.73319592972596,"partner",5865679
"404","DrDipsrespect","PLAYERUNKNOWN'S BATTLEGROUNDS",279,1.99291815194819,"affiliate",36675
"405","Gaara","World of Warcraft",278,4.53875148528152,"partner",3599590
"406","Maxylobes","Resident Evil 4",277,57.3250891168912,"partner",2363486
"407","GrinningGoat","Hearthstone",276,4.31847370750374,"partner",2631957
"408","DarkViperAU","Grand Theft Auto V",276,1.21014037417041,"partner",3213845
"409","SpeedGaming","Super Mario Bros.",274,29.3584224502246,"partner",17598440
"410","asiafm","Music & Performing Arts",274,8.93514037417041,"streamer",99854
"411","PKMNcast","Pokemon: Let's Go, Pikachu!/Eevee!",273,2.14347370750374,"partner",1422221
"412","KHAWSENNN","Grand Theft Auto V",273,8.43569592972596,"partner",494049
"413","DutchsinseOfficial","Science & Technology",272,12.0006962072187,"affiliate",2425987
"414","Indiefoxx","Just Chatting",272,45.6084390997887,"partner",2666711
"415","DeriumsPokemon","Just Chatting",271,41.5584390997887,"partner",823410
"416","vector","PixARK",270,29.1251057664553,"partner",1046415
"417","LastpickCL","League of Legends",270,1.49736287388537,"partner",132653
"418","NrageGaming","FINAL FANTASY XIV Online",269,13.3154184294409,"partner",1951662
"419","KristoferYee","Just Chatting",268,13.0584390997887,"partner",55348
"420","SattelizerGames","Fallout 76",268,3.37847398499648,"partner",4531242
"421","GameAttackTeam","The Legend of Zelda: Breath of the Wild",267,1.49097398499648,"partner",1576079
"422","RenanSparrow","Vampire: The Masquerade - Bloodlines",267,3.3056962072187,"partner",2398783
"423","toni1ONE","Counter-Strike: Global Offensive",264,1.39264092942079,"affiliate",1836
"424","FireDragon","Apex Legends",264,2.36902981830968,"partner",7969378
"425","FrenchStallion","Music & Performing Arts",264,5.17458537386523,"partner",2929778
"426","미르다요","PLAYERUNKNOWN'S BATTLEGROUNDS",263,3.1562520405319,"partner",698919
"427","Patty","Slay the Spire",262,4.39708537386523,"partner",3980080
"428","03pol99","NULL",261,2.77152981830968,"streamer",2234
"429","AdinHuncho","NBA 2K19",261,8.25291870719857,"affiliate",99631
"430","Fareeha","Just Chatting",261,8.60514092942079,"partner",1320786
"431","Rayuur","Minecraft",261,9.27736315164301,"partner",1658269
"432","agilities","Overwatch",259,27.491805768013,"partner",1572835
"433","Melipastel","Fortnite",259,1.03097454057799,"partner",2583833
"434","skinnedteen","Special Events",258,1.28514120724466,"partner",4450355
"435","BooPainter","NBA 2K19",256,43.391805768013,"partner",150618
"436","MajinPhil","The Legend of Zelda: Majora's Mask",256,46.2751391013463,"partner",5058684
"437","onezerozeroonesos","NULL",256,1.84597454057799,"streamer",2613
"438","toxxxicsupport","Minecraft",254,1.15014120724466,"partner",262687
"439","NESCardinality","Retro",254,7.04097454057799,"partner",510330
"440","Grizz","PLAYERUNKNOWN'S BATTLEGROUNDS",253,6.03125231835577,"partner",368029
"441","cocomunch1","The Walking Dead",252,1.61097481860055,"partner",1401277
"442","ItsTeamRyan","DayZ",252,4.60291926304499,"partner",410235
"443","GabrielCanedoGames","PLAYERUNKNOWN'S BATTLEGROUNDS",251,1.25514148526722,"affiliate",191874
"444","gicaas","Grand Theft Auto V",251,1.82236370748944,"affiliate",34770
"445","vf_dcc9","NULL",251,3.56180815193388,"streamer",9922
"446","MoxyMary","Just Chatting",250,36.9918224493663,"partner",822387
"447","chapo","Smite",249,1.77930815193388,"partner",1914518
"448","QuissyTV","World of Warcraft",249,3.78319731831551,"affiliate",142398
"449","VintageRoom","Music & Performing Arts",249,10.3520862072044,"affiliate",66590
"450","Flare2V","Borderlands 2",248,3.89347509609328,"partner",708190
"451","아키텍트_","Overwatch",248,1.20653065164884,"partner",657498
"452","kevinjordan","World of Warcraft",248,2.66847509609328,"affiliate",133494
"453","StreamerHouse","Fallout 76",248,22.6751724322637,"partner",55106713
"454","Satthew","Rocket League",247,2.03847509609328,"partner",13470
"455","마스카","League of Legends",246,2.84569759640429,"partner",15878291
"456","Keizaron","Pokémon Crystal",245,5.64569759640429,"partner",1416582
"457","cynicalex","Marvel Future Fight",244,4.28347537418207,"partner",778548
"458","Ash_on_LoL","League of Legends",243,1.72375315195984,"partner",1664172
"459","Zuthar13","Grand Theft Auto V",242,3.05514204084873,"partner",449037
"460","BunnyAyumi","Just Chatting",241,2.65153092973762,"partner",363645
"461","Aplfisher","Just Chatting",241,7.00291981862651,"partner",3103967
"462","Ranger","Fortnite",240,17.5085224509239,"partner",1578766
"463","hamtaro159","Dead by Daylight",240,1.27458648529318,"affiliate",1016
"464","qudans1987","Tekken 7",240,2.34875342971749,"partner",605829
"465","Jeathebelle","World of Warcraft",239,5.52042009638415,"partner",243639
"466","IAMT00NS","Grand Theft Auto V",239,57.8252057830493,"affiliate",38440
"467","Lifestomper","Rust",239,1.65403120749527,"partner",1680440
"468","lolnani","League of Legends",239,1.74875342971749,"partner",197281
"469","kadelo","Just Chatting",239,1.95403120749527,"partner",373863
"470","metaphorsx","World of Warcraft",239,3.85097565193971,"partner",858824
"471","KHTEX","Counter-Strike: Global Offensive",239,50.4752224485079,"partner",359899
"472","Nerd_Logic","PixARK",238,4.60375370747513,"partner",903456
"473","jcyrus","Just Chatting",238,5.26708704080847,"partner",645879
"474","Oroboro","Path of Exile",237,1.61180926303069,"partner",10410993
"475","LyndonFPS","Counter-Strike: Global Offensive",237,4.5304203741418,"partner",9472022
"476","saebyeolbe","Overwatch",236,14.4918891151746,"partner",1482820
"477","JadetheJaguar","Just Chatting",236,1.14486481858624,"affiliate",343683
"478","Abyss","Old School RuneScape",235,1.81903148525291,"partner",1816075
"479","RequiemSlaps","Auto Chess",235,4.93764287418789,"partner",1129510
"480","dammit2hell","Borderlands 2",234,12.9085724512736,"partner",781087
"481","ZSonicFox","Pummel Party",234,49.4419057846069,"partner",1651408
"482","NS_4RT","Dota 2",234,1.86486509641012,"partner",324589
"483","가재맨입니당","League of Legends",234,2.19347620752123,"streamer",28225
"484","ハレっち","League of Legends",232,24.6419057846069,"partner",953737
"485","jk_rr","NULL",232,5.23819842974345,"streamer",63982
"486","royalflush_tr","Dead by Daylight",231,1.16042092945841,"affiliate",13516
"487","rawb","Sea of Thieves",231,1.9118098183473,"partner",4937091
"488","NightAttack","Talk Shows & Podcasts",231,2.00903204056952,"partner",596359
"489","BlameTruthOC","Borderlands 2",231,2.88319870723618,"partner",1545374
"490","UnsanityLIVE","Fallout 76",229,26.3752557675044,"partner",4318990
"491","TRUvoodoo","World of Tanks",229,1.34819870723618,"partner",295921
"492","지니어스매드","Path of Exile",229,3.09042092945841,"partner",1459711
"493","IttyBittyBex","Just Chatting",228,4.47292092945841,"partner",658898
"494","popesquidward","Super Mario 64",226,4.96042120721605,"partner",374571
"495","PhantomACE","Borderlands 2",226,5.81014342943827,"partner",1207534
"496","까막","Path of Exile",226,2.03431009610494,"streamer",957498
"497","Yanni","Fortnite",225,4.1198656516605,"partner",1231577
"498","niaou99","Counter-Strike: Global Offensive",224,5.44208787388272,"streamer",6580
"499","ratedhugo","FIFA 19",224,3.08181009610494,"partner",700331
