"","Name","Game","Current Views","Current Duration","Broadcaster Type","Total Views"
"1","shroud","Fallout 76",33589,4.6290446208583,"partner",316959444
"2","xQcOW","Just Chatting",18150,9.42988017638524,"partner",69104620
"3","CorinnaKopf","Fortnite",17481,3.04238017638524,"affiliate",344838
"4","Lord_Kebun","Grand Theft Auto V",15278,3.265991565254,"partner",9616920
"5","fextralife","The Elder Scrolls Online",11774,2.08682489858733,"partner",209188071
"6","summit1g","World of Warcraft",9538,4.26126934303178,"partner",293723092
"7","BrookeAB","Fortnite",8908,2.29682489858733,"affiliate",1520053
"8","nl_Kripp","Hearthstone",8550,1.50293600969844,"partner",220589050
"9","Flanalistaa","League of Legends",7455,2.30543600969844,"partner",1854818
"10","elded","Fortnite",7417,56.3595105648041,"partner",20571970
"11","Mizkif","Jump King",6946,4.84182517608007,"partner",4727523
"12","Valkyrae","Fortnite",6856,7.36182517608007,"partner",9930457
"13","MillerLite","Games + Demos",6804,2.21488073163562,"partner",281394
"14","ClintStevens","Super Mario 64",6798,3.66932517608007,"partner",12460355
"15","72hrs","Fortnite",6725,8.88293628719118,"partner",11546639
"16","livekiss","Music & Performing Arts",6354,1.46580522725704,"partner",10402036
"17","aXtLOL","League of Legends",6330,52.6761939167976,"partner",34290087
"18","chocoTaco","PLAYERUNKNOWN'S BATTLEGROUNDS",6289,3.24376989861329,"partner",27878558
"19","tarzaned","League of Legends",5852,7.82793656527996,"partner",7018161
"20","MarcaoRX","Grand Theft Auto V",5309,6.80571434305774,"partner",2323577
"21","gabepeixe","Just Chatting",5246,7.37960323194663,"partner",5537203
"22","koil","Grand Theft Auto V",5220,2.82793656527996,"partner",9004457
"23","Mathil1","Path of Exile",5032,7.72960350943936,"partner",23510696
"24","UberHaxorNova","Grand Theft Auto V",4975,5.9579368427727,"partner",9534023
"25","KingGeorge","Tom Clancy's Rainbow Six: Siege",4958,7.31015906499492,"partner",11073249
"26","PatoPapao","Just Chatting",4951,1.65654795388381,"partner",19434242
"27","EsfandTV","World of Warcraft",4889,9.77821462055047,"partner",8361109
"28","MYM_ALKAPONE","Just Chatting",4755,47.0262105663617,"partner",34455754
"29","優利","Just Chatting",4632,10.9879371208615,"affiliate",270748
"30","김도","Just Chatting",4587,54.1762272516886,"partner",26053706
"31","ALOHADANCETV","Dota 2",4266,12.085992676417,"partner",49694185
"32","itsHafu","Auto Chess",4121,6.97488156530592,"partner",69027128
"33","gaules","Counter-Strike: Global Offensive",3688,18.450992676417,"partner",48796001
"34","Zizaran","Path of Exile",3554,5.18349267641703,"partner",26982205
"35","공혁준","Hearthstone",3531,43.5929105679194,"partner",18038943
"36","SattelizerGames","Dead by Daylight",3378,3.85710406502088,"partner",4548472
"37","cdewx","World of Warcraft",3362,1.75599295390977,"partner",36116876
"38","AsmodaiTV","Hearthstone",3345,2.66821517613199,"partner",20936183
"39","ZeRo","Banjo-Kazooie",3335,7.01710406502088,"partner",12555912
"40","moistcr1tikal","Just Chatting",3206,55.3262439012527,"partner",2731544
"41","SilentSentry","Grand Theft Auto V",3071,5.85738184279866,"partner",7623463
"42","Wingsofdeath","League of Legends",3067,2.46377100944519,"partner",99320618
"43","gratis150ml","The Elder Scrolls V: Skyrim",3054,5.37321545388964,"partner",46161749
"44","Kiwo","Grand Theft Auto V",2795,12.6268265650007,"partner",9862949
"45","Calebhart42","Final Fantasy VII",2779,4.44821545388963,"partner",15512033
"46","Ranger","Fortnite",2769,5.15404878722297,"partner",1591618
"47","Ms_Tricky","Just Chatting",2725,38.9929272333781,"affiliate",1354921
"48","marcobc","Grand Theft Auto V",2702,5.63071573191219,"partner",1374336
"49","Ssaab","Grand Theft Auto V",2682,3.8118268430233,"partner",3332406
"50","CDNThe3rd","Auto Chess Mobile",2680,9.32960462080108,"partner",39211576
"51","boxbox","Slay the Spire",2624,8.15460462080108,"partner",90800768
"52","Vargskelethor","Super Mario Bros.",2619,3.48766017635663,"partner",5995374
"53","CalebDMTG","Magic: The Gathering",2550,3.62154906524552,"partner",6458758
"54","HasanAbi","Just Chatting",2549,5.3976604539156,"partner",2395313
"55","Ziggy","Grand Theft Auto V",2453,5.90793823169337,"partner",3190573
"56","GrandPOObear","Super Mario Maker",2434,6.39960489836004,"partner",6603010
"57","Smoke","Escape From Tarkov",2293,2.98071600947115,"partner",5729537
"58","阿土","Grand Theft Auto V",2284,2.90293850971593,"partner",6144211
"59","G4G_Revenant","Auto Chess",2280,4.56377184304926,"partner",7215775
"60","NiceWigg","Apex Legends",2232,6.44654962082704,"partner",670609
"61","Gladd","Destiny 2",2181,4.99182739860482,"partner",5361922
"62","렘쨩","Minecraft",2166,3.00571628749371,"partner",4285375
"63","Kephrii","Overwatch",2164,3.59654962082704,"partner",13394677
"64","나나양","PLAYERUNKNOWN'S BATTLEGROUNDS",2147,5.51293880250719,"partner",1890419
"65","Amouranth","ASMR",2097,5.08321658028497,"partner",82515185
"66","EternaLEnVyy","Dota 2",2094,5.7540499136183,"partner",22594326
"67","TeamSp00ky","Soulcalibur VI",2078,4.26321658028497,"partner",90894546
"68","DatModz","Path of Exile",2042,3.83543880250719,"partner",26849943
"69","EasyAllies","Talk Shows & Podcasts",2041,20.7763281504313,"partner",4182031
"70","BikeMan","Psychonauts",1974,5.79405019137594,"partner",15769518
"71","IamCristinini","Grand Theft Auto V",1967,8.27043908026483,"partner",4211163
"72","kyo1984123","Just Chatting",1965,3.82099463582039,"partner",36460508
"73","MCDM","Dungeons & Dragons",1949,1.69488352470928,"partner",667672
"74","Weak3n","Smite",1931,3.9471057469315,"partner",3866967
"75","Grimmmz","Fallout 76",1907,4.18738352470928,"partner",43171391
"76","curvyelephant","Grand Theft Auto V",1901,3.52071685804261,"partner",1009893
"77","dellor","Apex Legends",1861,18.5263614813487,"streamer",3152209
"78","AriGameplays","Fortnite",1847,46.209694814682,"affiliate",10571263
"79","RoyalPhunk","Path of Exile",1842,7.47655046913359,"partner",18922387
"80","GoldGlove","Battalion 1944",1822,2.17571713580026,"partner",59873926
"81","daigothebeastv","Street Fighter V",1811,36.0930281480153,"partner",9575832
"82","QuarterJade","League of Legends",1781,6.99182824691137,"partner",1852338
"83","Crayator","Outlast 2",1712,2.51432852473524,"partner",5838151
"84","SaltyTeemo","League of Legends",1709,1.29126831816026,"affiliate",3730768
"85","탬탬버린","Just Chatting",1669,13.7097114841143,"partner",15708145
"86","saddota2tv","Dota 2",1630,1.33099519140191,"partner",5467630
"87","1DrakoNz","Fortnite",1630,3.19349519140191,"partner",1346584
"88","재슥짱","League of Legends",1629,3.41821741362413,"partner",2576735
"89","AngriestPat","Yakuza 6: The Song of Life",1572,3.92932878752549,"partner",1412103
"90","xBlotter","League of Legends",1552,2.53932878752549,"partner",1332510
"91","juansguarnizo","Fortnite",1511,3.67905100974772,"partner",2492464
"92","LVPmex","League of Legends",1501,4.32155100974772,"partner",639049
"93","MiltonTPike1","Grand Theft Auto V",1446,16.4263939181964,"partner",4069411
"94","Becca","Auto Chess",1440,7.37432878752549,"partner",21792244
"95","LeStream","Special Events",1433,2.19766212085883,"partner",60731816
"96","SparcMac","Old School RuneScape",1418,3.50377352469497,"partner",21018696
"97","santidead","Fortnite",1408,52.2764114816984,"partner",1073646
"98","ScottJund","Dead by Daylight",1402,2.04377352469497,"partner",5700686
"99","獅子丸","League of Legends",1390,4.21349574691719,"partner",3658486
"100","Afro","Grand Theft Auto V",1369,1.38488463580608,"partner",967670
"101","2GGaming","Super Smash Bros. Ultimate",1326,1.44103889498446,"partner",16859026
"102","萌萌小蝶","League of Legends",1310,5.71853889498446,"streamer",26110180
"103","daltoosh","Apex Legends",1305,7.56409472836388,"affiliate",420270
"104","개복어","Total War: Three Kingdoms",1289,5.55992806169722,"partner",13058211
"105","wintergaming","StarCraft II",1275,2.642705839475,"partner",25532967
"106","Takahata101","Dungeons & Dragons",1263,2.15298361725277,"partner",887442
"107","GiantBomb","Special Events",1243,3.44159472836389,"partner",21298061
"108","Kaymind","PLAYERUNKNOWN'S BATTLEGROUNDS",1242,3.04881695058611,"partner",2522169
"109","santidead","Fortnite",1233,59.4623503684998,"partner",1073646
"110","Rallied","Call of Duty: Black Ops 4",1233,4.90242806169722,"partner",1751424
"111","SquishyMuffinz","Rocket League",1225,23.8790170351664,"partner",3545240
"112","Slayerage","Destiny 2",1221,7.91242833945486,"partner",3445233
"113","逼比","League of Legends",1220,32.4957003672918,"partner",22472245
"114","Afro","Grand Theft Auto V",1214,1.50465056167709,"partner",967670
"115","ExcessiveProfanity","Crypt of the NecroDancer",1197,3.3357616727882,"partner",8346835
"116","SuaNetty","Grand Theft Auto V",1196,8.13465056167709,"partner",885633
"117","CrReaM","Fallout 76",1188,3.18631722834375,"partner",14823267
"118","DiNo","Grand Theft Auto V",1178,5.25353945056597,"partner",467923
"119","LVPmex","League of Legends",1176,4.44131722834375,"partner",639049
"120","Shacknews","Talk Shows & Podcasts",1167,7.58187278389931,"partner",4976478
"121","SolaryHS","Hearthstone",1162,5.83992833945486,"partner",7335875
"122","TSM_TheOddOne","Total War: Three Kingdoms",1156,4.77603945056597,"partner",205959673
"123","ElcanaldeJoaco","Just Chatting",1146,1.25465083943473,"affiliate",56240
"124","Tiffae","Fortnite",1146,4.46076195054584,"partner",2257895
"125","Lethalfrag","Spelunky",1144,1.02187306165695,"partner",50324841
"126","ZiggyDLive","Path of Exile",1096,51.2623836994171,"partner",11577587
"127","DuelLinksMeta","Yu-Gi-Oh! Duel Links",1081,5.41937306165695,"partner",1767377
"128","CaptainSparklez","Minecraft",1070,3.40437306165695,"partner",23485421
"129","Matimi0","Tom Clancy's Rainbow Six: Siege",1059,2.93909528387917,"partner",6107802
"130","AmarCODTV","Fortnite",1050,11.3129841727681,"partner",4345717
"131","FanHOTS","Heroes of the Storm",1029,3.43492861721251,"partner",2538984
"132","DolphinChemist","FTL: Faster Than Light",1012,4.9343733394146,"partner",2501438
"133","Ness","Auto Chess",1010,4.83770667274793,"partner",10984939
"134","Th3Jez","Destiny 2",997,4.15465111719237,"partner",439671
"135","CuteDog_","Path of Exile",979,2.61631778385904,"partner",7787131
"136","Gale_Adelade","Overwatch",978,3.14242889497015,"partner",7102341
"137","CarbonRH","Fortnite",969,1.37354000608126,"partner",1744030
"138","ImMarksman","Fortnite",965,5.33548445052571,"partner",4512116
"139","jean_mago","League of Legends",949,5.09381778385904,"partner",1204360
"140","DumbDog","Escape From Tarkov",940,4.66298445052571,"partner",5206628
"141","CobaltStreak","Terraria",931,5.53020667274793,"partner",31631417
"142","guccislots","Slots",929,1.38826222830349,"streamer",6959
"143","unableToBreathe","Just Chatting",928,4.29242917279402,"streamer",118403
"144","zorlaKOKA","Counter-Strike: Global Offensive",927,2.0052069505718,"partner",16433044
"145","Dekar173","League of Legends",927,6.3527069505718,"partner",5830521
"146","slezzy","League of Legends",910,5.70076250612736,"partner",387943
"147","TeftyTeft","Destiny 2",905,5.73104028390514,"partner",3693875
"148","Loui5Ng","League of Legends",904,21.7124170343081,"partner",3590508
"149","RAZORRRTV","Grand Theft Auto V",902,5.20937361723847,"affiliate",354316
"150","XodaLive","Auto Chess",900,46.7124170343081,"partner",8819960
"151","Ramee","Grand Theft Auto V",895,5.82604028390513,"partner",690558
"152","LVPes","League of Legends",883,6.29742917279402,"partner",101903768
"153","DizzyKitten","PLAYERUNKNOWN'S BATTLEGROUNDS",873,2.32826278501087,"partner",18575985
"154","barboysa","Just Chatting",868,2.2515961183442,"partner",201520
"155","jdotb","World of Warcraft",865,4.52548500723309,"partner",11133405
"156","ArlieShaban","Poker",841,4.43298500723309,"partner",1700347
"157","ATL770ER","NBA 2K19",832,3.3065961183442,"partner",654918
"158","coelho","Just Chatting",801,4.33020722945531,"partner",5347303
"159","Jabroni_Mike","The Binding of Isaac: Afterbirth",792,3.82187389612198,"partner",798056
"160","BeyondTheSummit","Dota 2",789,1.22530956048656,"partner",391217964
"161","Mr_Mammal","Old School RuneScape",786,4.95465195053154,"partner",10602713
"162","ArQuel","League of Legends",784,6.27076306164265,"partner",23495892
"163","OhTofu","Dead by Daylight",778,2.75242972830931,"partner",2676790
"164","OgamingLoL","League of Legends",773,12.286596394976,"partner",133822528
"165","Tanovich","Grand Theft Auto V",771,2.06242972830931,"partner",562717
"166","지수소녀","League of Legends",770,4.58604083942042,"partner",1125929
"167","Skadoodle","Dark Souls II",759,7.06576306164265,"partner",5625339
"168","MoMaN","Counter-Strike: Global Offensive",757,2.9310411172443,"partner",13066999
"169","MrLlamaSC","Diablo II: Lord of Destruction",755,2.21687445057763,"partner",3696327
"170","스피드소닉","Path of Exile",754,11.7515966727999,"partner",4424861
"171","saintvicious","Auto Chess",747,3.18659667279985,"partner",41183285
"172","GassyMexican","Fallout 76",744,58.7124670346578,"partner",22102781
"173","navioot","Hearthstone",743,2.9035411172443,"partner",5121479
"174","Slappie","Battalion 1944",734,6.58243000613319,"partner",2335205
"175","CamiPozzolini","Grand Theft Auto V",730,3.55770778391096,"partner",964226
"176","jdcr","Tekken 7",728,1.15854139500194,"partner",578271
"177","햇살살","Just Chatting",725,1.12048583944639,"partner",4710127
"178","k13tv","Dota 2",724,3.85354139500194,"partner",4583062
"179","Draskyl","Path of Exile",723,7.01298583944639,"partner",28099714
"180","Sequisha","World of Warcraft",721,2.25243028389083,"partner",8754942
"181","LuisitoPapuRex","Just Chatting",713,1.5415969505575,"partner",132329
"182","Zayt","Fortnite",712,1.92965250611305,"partner",1024587
"183","Shortyyguy","Total War: Three Kingdoms",706,5.47437472833527,"partner",16172155
"184","leveluplive","Street Fighter V",691,1.87826361722416,"partner",103739642
"185","23x59","Auto Chess",689,5.3271527838707,"partner",133966
"186","칸데르니아","My Time at Portia",688,4.14743056164848,"partner",4084573
"187","taimoutv","Overwatch",683,1.38687500609292,"partner",4644699
"188","Tourva","Call of Duty: Black Ops 4",680,4.2946527838707,"partner",694370
"189","Curvyllama","Grand Theft Auto V",678,52.8125003655752,"partner",3698725
"190","ESL_CSGO","Counter-Strike: Global Offensive",677,14.3585416727596,"partner",359213238
"191","Luken","Counter-Strike: Global Offensive",667,19.7791670322418,"partner",428533
"192","Keeyuh","The Sims 4",665,1.12270833942625,"partner",309971
"193","ハレっち","League of Legends",664,3.15131945053736,"partner",957060
"194","BruceDropEmOff","Just Chatting",657,1.21881945053736,"partner",277095
"195","Hutch","Battalion 1944",657,3.06381945053736,"partner",9039741
"196","헤징","League of Legends",650,1.50493083947235,"partner",1575924
"197","GorilaNerd","Dauntless",649,5.09104195058346,"partner",5298963
"198","HypeBeastJames","World of Warcraft",638,1.2304863950279,"affiliate",17346
"199","MTGNerdGirl","Magic: The Gathering",634,5.23659750613901,"partner",1286663
"200","齊力斷金","Hearthstone",633,2.16659750613901,"partner",3183996
"201","SHiFT","SpongeBob SquarePants: Battle for Bikini Bottom",613,3.23780804057916,"partner",3721028
"202","TedNivison","Minecraft",612,1.81169720722569,"affiliate",128685
"203","saintvicious","Auto Chess",609,3.30641942944792,"partner",41183285
"204","themattayahu","Just Chatting",581,5.7678083183368,"partner",9954081
"205","HypeBeastJames","World of Warcraft",576,1.3503083183368,"affiliate",17346
"206","IFrostBolt","Destiny 2",574,4.96003054055903,"partner",1375240
"207","Hutch","Battalion 1944",573,3.18364165167014,"partner",9039741
"208","KISSRADIO_FM997","Music & Performing Arts",571,1.31635543918996,"affiliate",870831
"209","RiffTrax","Always On",568,21.0783638738924,"partner",4477651
"210","GoldDustTori","World of Warcraft",566,3.28253054055903,"partner",171816
"211","Rojankhzxr","League of Legends",566,3.84086387389236,"partner",4395779
"212","LiveattheBike","Poker",562,3.26753081805176,"streamer",2058950
"213","Hitch","Just Chatting",561,36.5685157497724,"partner",2567545
"214","febbydoto","Dota 2",557,6.98364192916287,"partner",1576562
"215","MTGNerdGirl","Magic: The Gathering",554,5.35641970694065,"partner",1286663
"216","DarkViperAU","Grand Theft Auto V",554,6.31225304027398,"partner",3218671
"217","novaruu","Just Chatting",552,40.3351824164391,"affiliate",1380017
"218","DD_Warrior_Lady","League of Legends",550,9.46114192916287,"partner",2628343
"219","3Gamings","Fortnite",549,42.6851824164391,"partner",243964
"220","BRNWOWZK1","Counter-Strike: Global Offensive",547,4.84614192916287,"partner",1719804
"221","Pace22","Sea of Thieves",545,5.8808641513851,"partner",2164108
"222","dardoch","League of Legends",530,2.54891970694065,"partner",1327504
"223","Richard_Hammer","Codenames",529,50.1685324152311,"partner",13250521
"224","Andy","The Legend of Zelda: A Link to the Past",529,8.67003109580941,"partner",2758877
"225","waveigl","Counter-Strike: Global Offensive",527,3.75836442914274,"partner",3992047
"226","SymbolK_xD","Slots",527,1.12106611047354,"streamer",8402
"227","ParnstarZilean","League of Legends",526,11.0411422069205,"partner",1452665
"228","Rattlesnake3163","World of Warcraft",525,1.84836442914274,"affiliate",5887
"229","iMrSharpShooter","Fortnite",517,1.28864220692052,"affiliate",46878
"230","eskobartv","Dota 2",512,4.12280887358718,"affiliate",591700
"231","SaltyBet","M.U.G.E.N",511,1.12732768454761,"partner",28874165
"232","ASkilledGirlvsi","Old School RuneScape",510,14.5018657485644,"streamer",0
"233","Starbeast","Fortnite",508,9.31530887358718,"affiliate",241682
"234","lucija5501","Slots",505,1.63243185121428,"streamer",607
"235","Swag_Dracula","Cooking Simulator",504,3.27003137363328,"partner",2172535
"236","Hyphonix","Old School RuneScape",504,4.54808692918883,"affiliate",3740350
"237","SandyRavage","MLB The Show 19",503,5.42253137363328,"partner",7085183
"238","cryptovova","Slots",501,14.1628091514111,"streamer",572
"239","R9Rai","FIFA 19",499,2.1547535958555,"partner",975123
"240","Sonecarox","Just Chatting",494,8.97419804029995,"partner",10491855
"241","juliostito","League of Legends",493,1.83919804029995,"partner",392322
"242","大天神","League of Legends",489,2.5147535958555,"partner",13845720
"243","KatEvolved","League of Legends",488,32.1185490846634,"partner",969781
"244","Yanni","Fortnite",485,6.81642026252217,"partner",1234666
"245","lord_of_dice","Slots",482,3.58614248474439,"streamer",6427
"246","REO_MK","Mortal Kombat 11",480,5.05169831805759,"partner",811869
"247","voicetv","NULL",478,11.0625316513909,"partner",2795116
"248","usedpizza","The Legend of Zelda: A Link to the Past",477,3.36003165139092,"partner",1740822
"249","ludwig","Just Chatting",476,1.45058720694648,"partner",334613
"250","DirtyDan79","Path of Exile",476,2.98364276250203,"affiliate",186244
"251","metaphorsx","World of Warcraft",475,3.68086498472426,"partner",862355
"252","mch_AGG","Counter-Strike: Global Offensive",475,54.5352324167887,"partner",3294975
"253","JimRsNg","StarCraft II",472,2.69725387361315,"partner",3567745
"254","CamiPozzolini","Grand Theft Auto V",472,3.67753165139092,"partner",964226
"255","EsquadraoMAV","Resident Evil 4",455,7.00614276250203,"partner",4723733
"256","LighTOfHeaveN","Dota 2",453,3.5003094291687,"partner",23280889
"257","Roflgator","Just Chatting",450,1.06419859581523,"partner",2111174
"258","Thdlock","World of Warcraft",442,6.01530970692635,"partner",1076053
"259","DaddyDimmuTV","MLB The Show 19",441,2.24058748470412,"partner",244024
"260","Yogscast","Minecraft",441,8.30308748470412,"partner",107851392
"261","Reapered","League of Legends",438,37.1685824155808,"partner",3346924
"262","MOZG888VADIM","Music & Performing Arts",437,1.06864304025968,"partner",2135323
"263","RocketBeansTV","Special Events",434,2.11530970692635,"partner",75172855
"264","Glitchymon","The Legend of Zelda: Ocarina of Time",431,4.45975415137079,"affiliate",76176
"265","Weest","The Jackbox Party Pack 3",428,4.54253192914857,"partner",819337
"266","Palamidasr6","Tom Clancy's Rainbow Six: Siege",425,1.12197637359301,"partner",297377
"267","CJayride","Just Chatting",422,3.53947637359301,"partner",4515297
"268","Gmart","Escape From Tarkov",420,2.73642109586133,"partner",1462173
"269","AnEternalEnigma","Fatal Frame",419,1.82364331808355,"partner",496538
"270","CarlosStory","NBA 2K19",419,1.91725442919466,"partner",1157932
"271","서울토박이_","Auto Chess",418,6.86919887363911,"partner",246006
"272","Metaphor","League of Legends",417,1.61864331808355,"partner",1878502
"273","Dracon","Days Gone",413,2.95475442919466,"partner",3890814
"274","JChannel","Talk Shows & Podcasts",412,2.99669887363911,"partner",3643193
"275","MitsukiBb","Just Chatting",410,52.2019324183464,"affiliate",62175
"276","realBamBam","League of Legends",409,4.20753220697244,"partner",2573089
"277","Arvius","Battle Brothers",408,7.21503220697244,"partner",4707589
"278","ConnorEatsPants","Jump King",405,4.663087762528,"affiliate",218788
"279","FakeUniforM","Black Desert Online",402,3.43669887363911,"partner",1723921
"280","OhDough","Dauntless",400,4.07947692917453,"affiliate",132416
"281","Lifestomper","Rust",399,2.56836581806342,"partner",1683198
"282","Etup","Path of Exile",398,54.8352824171384,"partner",8976485
"283","Ahady","Dark Souls",398,2.12947692917453,"partner",222633
"284","hamtaro159","Overwatch",394,2.1486435958412,"affiliate",1089
"285","sofysgalaxy","ASMR",394,4.74697692917453,"partner",202502
"286","TesiTV","Jump King",392,5.55753248473008,"streamer",2985
"287","Mejash","World of Warships",390,7.17836581806342,"partner",1573123
"288","Xposed","Call of Duty: Black Ops 4",389,23.8852824171384,"partner",3716731
"289","YuriJoa","Life Is Strange",387,2.45642137361897,"partner",747582
"290","Avori","PLAYERUNKNOWN'S BATTLEGROUNDS",382,6.3061435958412,"partner",2023722
"291","QuasLoL","League of Legends",378,8.15197720666727,"partner",3001833
"292","studyo_king","Just Chatting",377,8.8103105400006,"affiliate",579327
"293","RushIntenso","Forza Horizon 4",375,6.34336609555615,"partner",3737843
"294","makeitabud","Summoners War: Sky Arena",374,1.37836609555615,"partner",65212
"295","FemSteph","Apex Legends",373,3.74503276222282,"partner",6662530
"296","lolnani","Minecraft",370,2.0528105400006,"partner",199774
"297","Spofie","FINAL FANTASY XIV Online",367,3.0478105400006,"partner",3760527
"298","RaquelLily","Just Chatting",367,5.27419942888949,"partner",968728
"299","ViBElol","StarCraft II",367,5.66142192886935,"partner",4057203
"300","Sr_ThuliuM","Grand Theft Auto V",365,5.81364415109158,"partner",461975
"301","RaquelLily","Just Chatting",364,5.37782903525564,"partner",968728
"302","LacedUpLauren","Destiny 2",359,3.82144014636676,"partner",7483265
"303","Ron_Plays_Games","Old School RuneScape",357,2.35505125747787,"partner",1229720
"304","Spofie","FINAL FANTASY XIV Online",355,3.15144014636676,"partner",3760527
"305","NickiTaylor","League of Legends",354,1.36838486863507,"partner",5971433
"306","SoothsDotA","Dota 2",352,2.23560709085729,"affiliate",150572
"307","UnsanityLIVE","Fallout 76",351,2.12532931307952,"partner",4320569
"308","서울토박이_","Auto Chess",351,6.97282931307952,"partner",246137
"309","chapo","Smite",350,1.82699597974618,"partner",1916710
"310","YuriJoa","Life Is Strange",350,2.56005153530174,"partner",748193
"311","FuturemanGaming","Retro",350,3.04171820196841,"partner",5086045
"312","Cliffy","Super Mario Maker",350,4.62949597974618,"partner",1139197
"313","TesiTV","Jump King",349,5.66116264641285,"streamer",3037
"314","denissniderTV","Conqueror's Blade",346,6.70838486863507,"partner",16549627
"315","語聲者王喬蕎","Just Chatting",346,13.0708851463927,"partner",971130
"316","청묘님","Black Desert Online",345,1.17243271443303,"partner",658765
"317","Mawk3_eee","Fortnite",344,1.32088514639272,"streamer",1014
"318","찹쌀유과","Just Chatting",343,1.64449625750383,"partner",458877
"319","LiNkzr","Overwatch",343,1.89838514639272,"partner",1288518
"320","Ninja614","The Elder Scrolls Online",343,4.05921847972605,"partner",1116314
"321","Based_Yoona","League of Legends",343,7.94116292417049,"partner",1037966
"322","Mitchflowerpower","Super Mario World",342,3.75616292417049,"partner",3548221
"323","Waggle","Path of Exile",342,9.93727403528161,"partner",1454579
"324","snutzy","World of Warcraft",341,31.3197754502296,"partner",14801956
"325","DawNHS","Just Chatting",341,31.6864587664604,"partner",7415898
"326","DeriumsPokemon","Just Chatting",341,4.0278298683299,"partner",827567
"327","MiniFrapp","Epic Seven",340,3.10227431277434,"partner",125820
"328","deathstarv3_hs","Hearthstone",340,4.64866320166323,"partner",474209
"329","JenaUrf","Just Chatting",337,1.30477431277434,"partner",4451644
"330","MintMadCow","Old School RuneScape",336,3.2378298683299,"partner",1926530
"331","Kobe0802","Fortnite",336,7.29060764610767,"partner",1078951
"332","mikeyeung","League of Legends",334,2.97644097944101,"partner",1482873
"333","SnapsCube","Art",333,3.36755209055212,"affiliate",30225
"334","voicetv","NULL",332,11.1661632016632,"partner",2795302
"335","Oatsngoats","The Legend of Zelda: Ocarina of Time",329,3.78810792386532,"partner",4251719
"336","apextv_02","NULL",326,7.46699681275421,"streamer",56262
"337","iateyourpie","The Lord of the Rings Online",324,1.05060792386532,"partner",17731106
"338","vitussbritvaeex","Slots",324,13.9244968127542,"streamer",244
"339","emorsomething","Minecraft",322,1.43699681275421,"streamer",5986
"340","skinnedteen","Project Warlock",321,1.90421903497643,"partner",4452334
"341","Etalyx","Void Bastards",320,5.72060792386532,"partner",1562739
"342","bebe872","Auto Chess",317,2.88144125719865,"partner",63443
"343","FireDragon","Apex Legends",317,4.19421903497643,"partner",7976059
"344","Etoiles","Counter-Strike: Global Offensive",316,9.2383857016431,"partner",757142
"345","Moonmeander","Dota 2",314,30.2031420985858,"partner",30344815
"346","포셔","Auto Chess",314,1.07644153528743,"partner",142901
"347","lucija5501","Slots",313,1.63674987878512,"streamer",614
"348","Coestar","Codenames",312,3.91533042417632,"partner",3228896
"349","Mysterionsito","Grand Theft Auto V",310,1.09755264639854,"partner",487390
"350","Hollywood","NBA 2K19",309,3.11783042417632,"partner",340227
"351","SoOnSM","Battalion 1944",306,8.45033042417632,"partner",1767513
"352","brcevik","League of Legends",301,4.68088597973188,"affiliate",274206
"353","m989876525","Hearthstone",299,4.69616375750966,"partner",5886828
"354","까막","Path of Exile",298,2.78838597973188,"streamer",963128
"355","ImMadness","Apex Legends",298,7.12755292389128,"affiliate",104628
"356","TenZ","Counter-Strike: Global Offensive",297,1.45005292389128,"partner",563786
"357","Altrive","Minecraft",297,2.13060847944684,"affiliate",65268
"358","heavyRainism","Minecraft",296,11.0865087668101,"partner",5950509
"359","CrunchyShuffles","Grand Theft Auto V",296,4.02033070166906,"affiliate",165702
"360","demonzz1","Bloodborne",296,10.1117195905579,"partner",1269889
"361","b4nny","Team Fortress 2",295,3.17505292389128,"partner",4381387
"362","HouseOf3000","Super Smash Bros. Ultimate",295,5.17338625722461,"partner",314946
"363","cocomunch1","Just Chatting",293,3.03699736833572,"partner",1405024
"364","sinobii","Minion Masters",293,6.23588625722461,"affiliate",52379
"365","Angelxoxo","Overwatch",293,3.10144209053781,"partner",339172
"366","jvallee10","Escape From Tarkov",288,6.22810875720448,"affiliate",2835
"367","김병장_","Overwatch",288,7.53894209053781,"partner",631051
"368","playBATTLEGROUNDS","PLAYERUNKNOWN'S BATTLEGROUNDS",287,1.36199764609337,"partner",27611420
"369","ActualJake","Just Chatting",287,2.27227542387115,"partner",82923
"370","MrKeroro10","Fortnite",287,3.09171986831559,"partner",428867
"371","KittyRawr","ASMR",285,8.00005320164892,"partner",1875304
"372","GameAttackTeam","The Legend of Zelda: Breath of the Wild",284,2.32088653498226,"partner",1582223
"373","Lost_Pause_","Pokémon Omega Ruby/Alpha Sapphire",284,3.00810875720448,"partner",2709276
"374","LyndonFPS","NULL",284,7.82005320164892,"partner",9478464
"375","Coreupted","Minion Masters",283,13.5032087683678,"affiliate",202421
"376","RotterdaM08","StarCraft II",283,49.1532087683678,"partner",8872606
"377","Boneclinks","Just Chatting",281,3.25366459058391,"partner",2160933
"378","fexhernandez11","Just Chatting",278,3.1300534794728,"partner",545523
"379","루다님_","Just Chatting",277,36.5532087683678,"partner",5023669
"380","mopioid","Borderlands 2",277,3.1700534794728,"partner",423652
"381","gsxrclyde","Destiny 2",276,8.18227570169502,"partner",1229193
"382","13tvv","NULL",275,11.4919979239172,"streamer",259116
"383","DenWizard","NBA 2K19",275,2.08088681280613,"partner",134981
"384","Murda","Just Chatting",274,4.69394236836168,"partner",1438103
"385","Norwinng","Fortnite",272,22.6865587671598,"partner",56335
"386","LoadingReadyRun","Board Games",271,4.09949820167489,"partner",8750912
"387","BolaoHu3","Tibia",270,11.3825537572304,"affiliate",16324
"388","chilenext","NULL",270,1.97730548062534,"streamer",118239
"389","gummick","Rocket League",269,1.33088709056377,"partner",100964
"390","Oroboro","Path of Exile",269,3.72394264611933,"partner",10414322
"391","StreamerHouse","Fallout 76",269,1.05150686951423,"partner",55119872
"392","Romanticore","Bloodborne",267,2.24227597945266,"affiliate",80574
"393","COLETHEMAN_TW","NBA 2K19",265,1.18588709056377,"partner",112058
"394","EJ_SA","Kerbal Space Program",265,48.8698921004931,"partner",3822173
"395","Ash_on_LoL","League of Legends",265,2.77672042389711,"partner",1668527
"396","MissKyliee","FINAL FANTASY XIV Online",265,3.60033181276586,"partner",4689310
"397","MrConRem","Fortnite",264,3.38338736832142,"partner",445041
"398","AlexandraBotez","Fortnite",263,1.60894292387697,"partner",2660483
"399","Teddy_RecKs","Call of Duty: Black Ops 4",263,5.28922070165475,"partner",1670589
"400","CryptoTradersTV","Crypto",263,22.2794984794325,"partner",1572361
"401","루다님_","Just Chatting",256,43.8087865988414,"partner",5023669
"402","미르다요","PLAYERUNKNOWN'S BATTLEGROUNDS",256,4.09403533220291,"partner",705330
"403","Redemption_OW1","Overwatch",255,4.3204242210918,"streamer",9271
"404","com_poser","Super Mario Maker",255,4.45320227669345,"affiliate",29364
"405","Aurateur","Metroid Prime 3: Corruption",253,51.5588032682737,"partner",4480299
"406","13tvv","NULL",253,11.6129244989157,"streamer",259116
"407","gummick","Rocket League",251,1.45181338780456,"partner",100964
"408","b4nny","Team Fortress 2",251,3.29598033196396,"partner",4381387
"409","COLETHEMAN_TW","NBA 2K19",250,1.3068136652973,"partner",112058
"410","anarqui4","PLAYERUNKNOWN'S BATTLEGROUNDS",250,6.46403588751952,"partner",1003038
"411","마리","Just Chatting",248,1.30098033196396,"streamer",7599453
"412","Oroboro","Path of Exile",248,3.8448694986105,"partner",10414322
"413","으음㈜","Games + Demos",248,21.4520917208327,"streamer",1225386
"414","veronika","ASMR",247,31.0588365832965,"partner",132457
"415","generaldort","World of Warships",247,6.95764727638827,"partner",725717
"416","ForestWithin","League of Legends",247,13.5995919989215,"partner",736707
"417","rodrigobugado","Tibia",246,17.92551993529,"partner",850603
"418","SeriousGaming","Just Chatting",245,9.95459227694406,"partner",39338780
"419","TRUvoodoo","World of Tanks",244,2.1515367213885,"partner",297113
"420","DenWizard","NBA 2K19",244,2.20181449916628,"partner",134981
"421","Hungry","Food & Drink",243,21.3032033880552,"partner",19860640
"422","asiafm","Music & Performing Arts",242,1.41309644902746,"streamer",101242
"423","Maxylobes","Resident Evil 4",241,1.19459255443679,"partner",2365106
"424","Ash_on_LoL","League of Legends",240,2.89764810999235,"partner",1668527
"425","VintageRoom","Music & Performing Arts",240,1.47213580087931,"affiliate",67499
"426","Itexo","Tibia",239,4.99681505415175,"partner",894521
"427","JLFakemonster","Just Chatting",237,3.31875949859619,"affiliate",35197
"428","PhantomACE","Battalion 1944",237,5.0673706097073,"partner",1210013
"429","playBATTLEGROUNDS","PLAYERUNKNOWN'S BATTLEGROUNDS",236,1.48292616526286,"partner",27611420
"430","ESL_DOTA2","Dota 2",236,1.49149924995447,"partner",48517769
"431","Clipnode","Fortnite",235,26.342253267765,"partner",116614
"432","LunaShibuya","Fortnite",235,4.27681533224053,"affiliate",79542
"433","popesquidward","The Legend of Zelda: Ocarina of Time",234,6.25431533224053,"partner",375833
"434","Mick","The Elder Scrolls V: Skyrim",234,3.31209338777595,"partner",519837
"435","Toez1","World of Warcraft",233,1.63570449888706,"affiliate",71802
"436","EMK_KrAuSeR","Gears 5",233,2.15598227666484,"partner",279322
"437","지니어스매드","Path of Exile",233,4.12431560999817,"partner",1465275
"438","SNOWSOS","VRChat",232,6.0332047763798,"partner",405174
"439","안산저격수","Overwatch",231,2.43292699860202,"partner",628167
"440","StereOnline","Just Chatting",231,15.7256199161212,"partner",3716126
"441","jfavignano","Grand Theft Auto V",229,21.3089532494545,"partner",913080
"442","PutoDonald","PLAYERUNKNOWN'S BATTLEGROUNDS",229,5.45709394302633,"partner",1047734
"443","Monstercat","Music & Performing Arts",228,18.1984828319152,"partner",26238294
"444","Wolfy2032","Smite",227,1.29070505413744,"partner",12234520
"445","Turkish_Coffee","League of Legends",227,2.16653866529465,"partner",879553
"446","AbdulHD","Grand Theft Auto V",226,43.7089865843455,"partner",2323185
"447","Romanticore","Bloodborne",226,2.36320533196131,"affiliate",80574
"448","Willokhlass","Fortnite",226,3.23848310973909,"partner",765844
"449","Dimitri","Observer",226,3.99209449860785,"partner",1005273
"450","NrageGaming","FINAL FANTASY XIV Online",226,13.2445944986078,"partner",1955543
"451","SmoothMcGroove","World of Warcraft",225,4.63431672083007,"partner",1751736
"452","kungfufruitcup","The Legend of Zelda: Breath of the Wild",224,1.3826500541634,"partner",3628490
"453","TourneyLocator","Super Smash Bros. Ultimate",223,3.17987255447441,"partner",2166393
"454","Alfie","Old School RuneScape",221,24.6590199351311,"partner",10639838
"455","GeekandSundry","Weave",221,52.2923532684644,"partner",56214316
"456","hanner","Old School RuneScape",221,3.39598366558552,"partner",435947
"457","Ludojop_Streamyn","Slots",221,14.0309839430783,"streamer",106
"458","ilooklikelilbil","Overwatch",220,41.0423699180285,"partner",129439
"459","Masayoshi","League of Legends",220,3.96487283196714,"partner",301946
"460","calabocaejoga","Grand Theft Auto V",220,8.8754283875227,"affiliate",53862
"461","ArtikuI","Just Chatting",218,1.28042866528034,"affiliate",93236
"462","KristoferYee","Just Chatting",218,2.59042866528034,"partner",57401
"463","ItsTeamRyan","DayZ",218,5.5359842208359,"partner",412731
"464","Gaara","World of Warcraft",217,5.77181755416923,"partner",3601330
"465","ESL_SC2","StarCraft II",217,2.36904005441401,"partner",80867675
"466","SmexyCake","Destiny 2",217,3.19126227663623,"partner",420367
"467","노돌리","League of Legends",217,3.8429289433029,"partner",3924440
"468","PKMNcast","Pokemon: Let's Go, Pikachu!/Eevee!",217,4.82931783219179,"partner",1427434
"469","LeyLey","VRChat",217,1.5123736653063,"partner",1482819
"470","JadetheJaguar","Just Chatting",216,1.28404033197297,"affiliate",350946
"471","Smight","Retro",216,4.19376255419519,"partner",1247089
"472","DaisyyMichelle","Fortnite",215,2.06931810975075,"partner",139008
"473","ratedhugo","FIFA 19",215,3.96626283195284,"partner",702123
"474","TheOneAndOnlyDragon","Just Chatting",215,6.4404294986195,"partner",1818686
"475","Acaibear","Grand Theft Auto V",215,6.49126283195284,"affiliate",65177
"476","gantver1","Travel & Outdoors",212,53.9424365838369,"partner",1817347
"477","BreakinSkullz","Escape From Tarkov",212,1.00515199859937,"partner",1572151
"478","Sweatcicle","Destiny 2",212,5.89237422082159,"partner",495105
"479","阿卡斯","Path of Exile",211,52.8424532492956,"affiliate",536109
"480","BeyazSakalOnuron","League of Legends",211,3.94292977637715,"partner",3052961
"481","jackpotteemo","League of Legends",211,4.7640411652459,"partner",1187371
"482","Empyriangaming","Path of Exile",210,6.1665411652459,"partner",4183283
"483","Charconii","Minion Masters",210,4.83431894302368,"affiliate",3786
"484","Fonbet_FIFA","FIFA 17",210,1.98570783191257,"partner",31635004
"485","Blooprint_","Rust",209,38.7091532667478,"partner",153725
"486","PVPLAB","World of Warcraft",209,4.18959699889024,"partner",2891805
"487","lukiluki","Dota 2",209,5.23904144333469,"affiliate",45195
"488","Controltheboard","Hearthstone",209,6.89237505416075,"partner",1040703
"489","Turbopolsa","Rocket League",208,1.34904172082742,"partner",155399
"490","tehMorag","FINAL FANTASY XIV Online",208,3.20793060971631,"partner",7363023
"491","keviseeb","World of Warships",208,3.40459727638298,"partner",689150
"492","avaail","League of Legends",207,7.68793088747395,"partner",1982122
"493","PembePati","Dead by Daylight",206,5.19848644302951,"partner",566214
"494","HyperRPG","Dungeons & Dragons",206,4.5298753319184,"partner",21751316
"495","sandimacro","Slots",206,14.355430887474,"streamer",63
"496","ManManGrindHard","Grand Theft Auto V",205,1.27154227640894,"partner",166004
"497","Jardio","Overwatch",204,1.3007089430756,"partner",1217154
"498","Neuro","StarCraft II",203,39.7425365845362,"partner",5222878
"499","Jordan_TV","Black Desert Online",203,2.24959783196449,"affiliate",83254
"500","TehJamJar","World of Warcraft",203,3.86515366527769,"partner",4684457
