"","Name","Game","Current Views","Current Duration","Broadcaster Type","Total Views"
"1","OverwatchLeague","Overwatch",77392,6.33498027748532,"partner",181999648
"2","CriticalRole","Dungeons & Dragons",42684,2.92359500030677,"partner",5553382
"3","TSM_Hamlinz","Fortnite",25043,1.59831722252899,"partner",21984711
"4","Lord_Kebun","Grand Theft Auto V",15769,4.04498417973518,"partner",9269933
"5","jovirone","League of Legends",13683,6.77498417973518,"partner",49067334
"6","amazonalexa","Science & Technology",13496,55.3157174507777,"partner",200607
"7","MOONMOON_OW","Darkest Dungeon",12599,2.18137306862407,"partner",56990623
"8","xQcOW","League of Legends",12202,9.32581777724955,"partner",67857110
"9","summit1g","World of Warcraft",11808,5.52415111058288,"partner",292645511
"10","오버워치리그","Overwatch",11279,5.70192888836066,"partner",36946022
"11","chocoTaco","PLAYERUNKNOWN'S BATTLEGROUNDS",10483,4.96498444391622,"partner",27425020
"12","Yassuo","League of Legends",9668,2.41026249998146,"partner",40734250
"13","SypherPK","Fortnite",9460,5.31304027775923,"partner",40219341
"14","EsfandTV","World of Warcraft",8151,12.9663736110926,"partner",7873156
"15","CoreJJ","League of Legends",6773,1.45915166748895,"partner",1017519
"16","餐餐自由配","Otaku's Adventure",5930,1.66554055637783,"partner",69465847
"17","Aydan","Fortnite",5809,5.65081833415561,"partner",11409241
"18","SkipNhO","PLAYERUNKNOWN'S BATTLEGROUNDS",5623,3.35748500082228,"partner",43448092
"19","김나성","Minecraft",5454,2.32026305529806,"partner",8878178
"20","Mizkif","PixARK",5268,5.52748527752029,"partner",4399675
"21","AsmodaiTV","Hearthstone",5195,3.98720749974251,"partner",20801935
"22","Vinesauce","Quake II",5148,43.2158000151316,"partner",28947002
"23","Pink_Sparkles","Just Chatting",5056,1.00831888914108,"partner",21810009
"24","UberHaxorNova","Grand Theft Auto V",5026,3.00915222247442,"partner",9281879
"25","QuartKnee","Fortnite",4651,3.63748555580775,"partner",206996
"26","GoldGlove","MLB The Show 19",4591,3.65304140196906,"partner",59836984
"27","Spaceboy","Grand Theft Auto V",4366,7.24720806863573,"partner",2925470
"28","cdewx","World of Warcraft",4249,1.78498584641351,"partner",35852490
"29","masondota2","Dota 2",4079,6.67693029085795,"partner",1748132
"30","Jerma985","Cooking Simulator",4026,5.75220834639337,"partner",7283686
"31","플러리","Hearthstone",3730,3.13054167972671,"partner",10197032
"32","koil","Grand Theft Auto V",3674,2.76970834639337,"partner",8824633
"33","HasanAbi","Just Chatting",3604,5.04831972248024,"partner",2327574
"34","ashlynn","Grand Theft Auto V",3457,6.60831972248024,"partner",4748238
"35","NairoMK","Super Smash Bros. Ultimate",3390,6.2238752780358,"partner",9790448
"36","LosPollosTV","Fortnite",3299,2.09470861136913,"partner",5314293
"37","gaules","Counter-Strike: Global Offensive",3216,12.2802641669247,"partner",48082734
"38","KingGeorge","Tom Clancy's Rainbow Six: Siege",3200,2.42665334641933,"partner",10946476
"39","우정잉","Just Chatting",3191,33.6158674518267,"partner",8481929
"40","Trainwreckstv","Just Chatting",3169,25.4825341184934,"partner",11043701
"41","Dashy","Call of Duty: Black Ops 4",3072,3.12026445753045,"partner",2359287
"42","Quin69","World of Warcraft",3056,5.86776473528809,"partner",50780233
"43","침착맨","Hearthstone",2966,3.11943140195476,"partner",17965557
"44","witwix","Pokémon for Nintendo Switch (Working Title)",2912,1.75415362417698,"partner",17952252
"45","RakanooLive","Fortnite",2907,2.22470945749018,"partner",6597175
"46","阿土","Grand Theft Auto V",2843,3.52582056860129,"partner",5879616
"47","逼比","League of Legends",2826,1.47582056860129,"partner",22387356
"48","MarcaoRX","Grand Theft Auto V",2794,1.84082056860129,"partner",2137234
"49","Ssaab","Grand Theft Auto V",2734,6.02276527861754,"partner",3203388
"50","kyo1984123","Hearthstone",2603,4.6333208341731,"partner",36270086
"51","sonii","World of Warcraft",2509,8.16998750083976,"partner",4364918
"52","Sardoche","TrackMania² Stadium",2479,11.0435986119509,"partner",35274795
"53","overwatchleague_fr","Overwatch",2450,5.70221000028981,"partner",11487100
"54","NiceWigg","Apex Legends",2443,7.18332111140092,"partner",625488
"55","ANGRYPUG","Dead by Daylight",2388,4.33998777806759,"partner",19334599
"56","gabepeixe","PLAYERUNKNOWN'S BATTLEGROUNDS",2304,3.36498777806759,"partner",5328375
"57","SPYGEA","PLAYERUNKNOWN'S BATTLEGROUNDS",2296,1.50971029082934,"partner",15701474
"58","Wingsofdeath","League of Legends",2278,3.93832140194045,"partner",99256999
"59","SilentSentry","Grand Theft Auto V",2240,2.9677658463849,"partner",7520599
"60","Crayator","Fortnite",2237,4.84915473527379,"partner",5784140
"61","mikeqt","Minecraft",2228,1.64415500806438,"partner",120178
"62","Calebhart42","Final Fantasy VII",2208,3.97082167473104,"partner",15446495
"63","Smoke","Escape From Tarkov",2200,1.36998834139771,"partner",5667476
"64","CalebDMTG","Magic: The Gathering",2188,4.14332167473104,"partner",6415975
"65","SquishyMuffinz","Rocket League",2168,2.44137751307752,"partner",3498315
"66","juansguarnizo","Minecraft",2153,4.99971084641086,"partner",2430055
"67","overwatchleague_br","Overwatch",2147,5.7016552908553,"partner",5341712
"68","Voyboy","League of Legends",2137,24.8160000483195,"partner",120029487
"69","Amouranth","ASMR",2090,4.8238777785831,"partner",81834270
"70","RaizQT","Path of Exile",2058,1.81276666747199,"partner",14723160
"71","DatModz","Path of Exile",2014,4.59415555636088,"partner",26672233
"72","Grimmmz","PLAYERUNKNOWN'S BATTLEGROUNDS",2005,6.07721138861444,"partner",43034037
"73","Annoying","Fortnite",1966,4.23082249972555,"partner",2675544
"74","kyliebitkin","Grand Theft Auto V",1913,8.24498916639222,"partner",1211395
"75","AvoidingThePuddle","Diablo III: Reaper of Souls",1911,50.2660333156586,"partner",18146564
"76","大丸","League of Legends",1903,56.2326999823252,"partner",30102206
"77","SaltyTeemo","League of Legends",1896,1.32315928239513,"affiliate",3556582
"78","Gladd","Destiny 2",1813,28.7326999823252,"partner",5342777
"79","chenbw1688","Slots",1804,33.8160500486692,"",16
"80","SashaGreyStreams","League of Legends",1735,2.34526750081115,"affiliate",371544
"81","pescocofino","Grand Theft Auto V",1731,5.93526750081115,"partner",4086640
"82","overwatchleague_ru","Overwatch",1663,5.7024900002612,"partner",2855045
"83","Criken","Hypnospace Outlaw",1592,2.14665666692787,"partner",10914954
"84","ZSonicFox","Mortal Kombat 11",1579,2.70582333359453,"partner",1638845
"85","개복어","Total War: Three Kingdoms",1579,5.55276777803898,"partner",12941092
"86","MacieJay","A Plague Tale: Innocence",1545,8.43860140191184,"partner",10699227
"87","livekiss","Music & Performing Arts",1539,1.4978236695241,"partner",10315272
"88","Weak3n","Smite",1484,3.78693473524517,"partner",3853244
"89","mang0","Jump King",1468,4.42860140191184,"partner",12367562
"90","Dexbonus","Shovel Knight",1435,1.92832388944096,"partner",14990426
"91","purple_hs","Hearthstone",1435,7.73582388944096,"partner",2324611
"92","BurkeBlack","Hell Let Loose",1426,2.57721277832985,"partner",20369990
"93","Kaymind","PLAYERUNKNOWN'S BATTLEGROUNDS",1399,2.06665722277429,"partner",2498965
"94","ImmortalHD","Grand Theft Auto V",1389,1.16499083333545,"partner",5122837
"95","春哥","Grand Theft Auto V",1385,1.12054638889101,"affiliate",479556
"96","PENTA","Grand Theft Auto V",1384,4.1869352777799,"partner",2473768
"97","ClovaoBengala","League of Legends",1345,1.74304638889101,"partner",1379933
"98","蝦愛橘子","Just Chatting",1342,1.64110222167439,"partner",10526245
"99","Zeling","League of Legends",1333,5.52943555500772,"partner",6863634
"100","嬌兔","Cooking Simulator",1310,1.40443555500772,"partner",21204937
"101","春哥","Grand Theft Auto V",1326,1.24044494503074,"affiliate",479556
"102","윤루트","PLAYERUNKNOWN'S BATTLEGROUNDS",1319,2.18127827836408,"partner",5906477
"103","ClovaoBengala","League of Legends",1311,1.86294494503074,"partner",1379933
"104","TSM_TheOddOne","Total War: Three Kingdoms",1310,4.91627827836408,"partner",205871963
"105","Frankkaster","Just Chatting",1306,56.9433633685112,"partner",11684408
"106","wyattdarbymtg","Magic: The Gathering",1298,4.1660005005863,"partner",288490
"107","ESL_CSGO","Counter-Strike: Global Offensive",1262,27.4933633685112,"partner",358989645
"108","Zeling","League of Legends",1262,5.64933383391963,"partner",6863634
"109","김블루","PLAYERUNKNOWN'S BATTLEGROUNDS",1260,2.24294494503074,"partner",2230586
"110","Swifty","World of Warcraft",1252,1.15683411141237,"partner",45053503
"111","Lethalfrag","Spelunky",1252,1.87738966696792,"partner",50284535
"112","JoblessGarrett","Grand Theft Auto V",1245,2.3351674447457,"partner",2652028
"113","Starladder_CS_en","Counter-Strike: Global Offensive",1238,39.6433800180753,"partner",67958261
"114","XodaLive","Dead by Daylight",1235,2.61155633363459,"partner",8784046
"115","snutzy","World of Warcraft",1234,5.6601674447457,"partner",14662023
"116","Pikabooirl","World of Warcraft",1206,7.52377855585681,"partner",8017562
"117","SolaryHS","Hearthstone",1187,15.4023896669679,"partner",7064710
"118","강소연","League of Legends",1181,3.60238966696792,"partner",2409787
"119","CoconutB","Rust",1156,9.50377883361446,"partner",3930897
"120","SimpleFlips","Super Mario 64",1138,2.65600105583668,"partner",4192716
"121","Slayerage","Destiny 2",1123,6.68238994472557,"partner",3395273
"122","EternaLEnVyy","Dota 2",1118,14.8767300168673,"partner",22480910
"123","iMAV3RIQ","Grand Theft Auto V",1116,2.62877883361446,"partner",1907701
"124","BikeMan","Hell Let Loose",1112,2.49405661139223,"partner",15707728
"125","denissniderTV","Grand Theft Auto V",1112,4.34850105583668,"partner",16471947
"126","lupower23","PLAYERUNKNOWN'S BATTLEGROUNDS",1103,3.72044550028112,"partner",896728
"127","GunnarDotA2","Dota 2",1101,8.74044550028112,"partner",381643
"128","tripleWRECK","Destiny 2",1095,11.8754455002811,"partner",6520659
"129","MiltonTPike1","Dauntless",1093,1.10489022248321,"partner",4008875
"130","Bum1six3","Dragon Ball FighterZ",1087,5.96211244470543,"partner",2463344
"131","TSM_TTHump","Fortnite",1085,2.75294577803877,"partner",4536604
"132","DuendePablo","Grand Theft Auto V",1066,47.1934133489927,"partner",14200751
"133","KarasMai","League of Legends",1066,1.51489022248321,"partner",2498783
"134","Thiefs","Fortnite",1062,3.50933466692766,"partner",2780968
"135","daltoosh","Apex Legends",1045,1.76989022248321,"affiliate",344022
"136","APlus0v0","Just Chatting",1045,3.13266800026099,"partner",774755
"137","yamatonjp","Auto Chess",1039,4.99850133359432,"partner",11487918
"138","CrReaM","Hell Let Loose",1029,4.06544577803877,"partner",14795105
"139","GassyMexican","Hell Let Loose",1028,3.05211244470543,"partner",22052208
"140","Peroniogh","Talk Shows & Podcasts",1027,6.25239050030708,"partner",8552060
"141","DizzyKitten","Cooking Simulator",1013,3.06516827808486,"partner",18518607
"142","군림보","PLAYERUNKNOWN'S BATTLEGROUNDS",1008,2.15072383364042,"partner",3035214
"143","FanHOTS","Heroes of the Storm",954,3.69155716697375,"partner",2486816
"144","금다정","Just Chatting",943,23.2100966850917,"partner",1036638
"145","cscoop","Minecraft",943,2.42183494475153,"partner",361407
"146","Bustin","Just Chatting",942,7.11655716697375,"partner",2549519
"147","FrivviFox","ASMR",940,2.49905716697375,"partner",1442086
"148","TheNo1Alex","Reventure",911,3.70461272252931,"partner",10499739
"149","Fearitself","Fortnite",900,3.31044605586264,"partner",3238623
"150","SkyshockTV","Just Chatting",898,41.8600966850917,"partner",2405562
"151","ScottJund","Dead by Daylight",888,2.63461300028695,"partner",5683939
"152","dreads","Hearthstone",870,6.74211300028695,"partner",2200167
"153","SheriffEli","Total War: Three Kingdoms",864,9.85850188917584,"partner",12219300
"154","Avast","Overwatch",844,5.86377966695362,"partner",194193
"155","Dekar173","League of Legends",844,11.9857241113981,"partner",5794466
"156","X33N","Minecraft",821,2.80655744473139,"partner",1200082
"157","헤징","League of Legends",820,1.17294633362028,"partner",1543000
"158","감블러","PLAYERUNKNOWN'S BATTLEGROUNDS",811,42.026780017217,"partner",647752
"159","navioot","Hearthstone",801,3.72489077806473,"partner",5088868
"160","Waggle","Path of Exile",801,4.69877966695362,"partner",1425333
"161","adreN_tv","Battalion 1944",772,1.85100216693348,"partner",10724859
"162","かべお","Auto Chess",766,7.69461327804459,"partner",5658149
"163","innocents","Fortnite",765,3.20794661137793,"partner",1667452
"164","Ness","Auto Chess",764,3.68433550026682,"partner",10914878
"165","zorlaKOKA","Counter-Strike: Global Offensive",763,5.63016883360015,"partner",16371304
"166","whokratos","Overwatch",763,6.93211327804459,"affiliate",53647
"167","Hutch","Battalion 1944",762,1.81600216693348,"partner",9016804
"168","Xposed","Call of Duty: Black Ops 4",762,2.01127994471126,"partner",3699013
"169","rlly","Grand Theft Auto V",762,5.81822438915571,"partner",272436
"170","DumbDog","Escape From Tarkov",756,7.65961327804459,"partner",5156787
"171","OhTofu","Dead by Daylight",755,3.95294661137793,"partner",2660592
"172","Hyphonix","Old School RuneScape",745,2.66489133358002,"affiliate",3719510
"173","Polt","StarCraft II",741,42.2768133481344,"partner",7051047
"174","지수소녀","League of Legends",736,5.14794688913557,"partner",1089576
"175","Hitch","Just Chatting",725,2.44822466691335,"partner",2501262
"176","서나랑","League of Legends",723,4.10850244469113,"partner",3929926
"177","Alfie","Old School RuneScape",718,4.2026691113578,"partner",10600629
"178","red_machine777","Dota 2",712,3.48128022246891,"affiliate",470317
"179","Starladder10","Counter-Strike: Global Offensive",711,46.1601466814677,"partner",16959118
"180","Horsey","League of Legends",698,1.99850244469113,"partner",681128
"181","Surskity","Just Chatting",695,12.0221135558022,"partner",2120843
"182","RushIntenso","PLAYERUNKNOWN'S BATTLEGROUNDS",692,3.70516911135779,"partner",3697122
"183","칸데르니아","Cooking Simulator",689,4.72128050029278,"partner",4045836
"184","Hitchariide","Call of Duty: Black Ops 4",684,4.87822494473722,"partner",2159320
"185","jdcr","Tekken 7",683,2.38739161140389,"partner",569657
"186","Ranger","Fortnite",683,2.90933605584833,"partner",1532704
"187","GoodGuyGarry","League of Legends",682,6.34489161140389,"partner",21520478
"188","shofu","Just Chatting",680,21.4268300175667,"partner",5618702
"189","Matimi0","Tom Clancy's Rainbow Six: Siege",679,3.698502722515,"partner",6073376
"190","VooDooSh","Heroes of Might and Magic III: The Shadow of Death",676,9.62711383362611,"partner",1271032
"191","BreaK","PLAYERUNKNOWN'S BATTLEGROUNDS",670,43.7434966842333,"partner",16755189
"192","MboneHD","FIFA 19",668,2.94544744471709,"partner",1355769
"193","Loui5Ng","Kerbal Space Program",667,3.74322522249487,"partner",3557058
"194","Shortyyguy","Total War: Three Kingdoms",650,7.43433633360598,"partner",16099560
"195","s0mcs","Counter-Strike: Global Offensive",648,2.10544744471709,"partner",3843820
"196","MajinPhil","The Legend of Zelda: Majora's Mask",645,2.66322522249487,"partner",4992714
"197","GoldenTot","FINAL FANTASY XIV Online",636,2.87183633360598,"partner",1705203
"198","theRealShooKon3","Just Chatting",630,5.39711411138376,"partner",4574991
"199","Apxvoid","Hearthstone",622,1.23016994469696,"partner",1375945
"200","ArlieShaban","Poker",618,3.6971143891414,"partner",1659526
"201","Shortyyguy","Total War: Three Kingdoms",638,7.5540738969379,"partner",16099560
"202","RaquelLily","Just Chatting",621,2.39685167471568,"partner",950775
"203","Mejash","World of Warships",615,6.26601834138234,"partner",1557621
"204","ATL770ER","NBA 2K19",614,2.38324056360457,"partner",645909
"205","ArlieShaban","Poker",598,3.81685167471568,"partner",1659526
"206","Arvius","Battle Brothers",597,2.89018528580666,"partner",4690798
"207","sasa","Just Chatting",596,5.06018528580666,"partner",5304237
"208","theRealShooKon3","Just Chatting",590,5.51685195247332,"partner",4574991
"209","Bast_50","Warframe",588,4.96018528580666,"partner",2504220
"210","BatulinS","PLAYERUNKNOWN'S BATTLEGROUNDS",586,1.73324084136221,"partner",1135584
"211","InTrollsive","Fortnite",575,2.52379639691777,"partner",111145
"212","k13tv","Dota 2",573,3.05129639691777,"partner",4502320
"213","Tourva","Call of Duty: Black Ops 4",565,4.85768528580666,"partner",688595
"214","mch_AGG","Counter-Strike: Global Offensive",557,2.16574084136221,"partner",3258672
"215","햇살살","Overwatch",554,2.19240750802888,"partner",4675462
"216","Boogie2988","Just Chatting",553,1.04768528580666,"partner",6442560
"217","LiveattheBike","Poker",546,4.04324111918608,"",2052612
"218","RedneckTv","Just Chatting",545,33.8778004844983,"affiliate",22541
"219","Neuro","StarCraft II",543,5.83018556363053,"partner",5173469
"220","DenWizard","NBA 2K19",542,3.52101889696386,"partner",132339
"221","JaboodyShow","Katana Zero",537,1.67629667474164,"partner",1567452
"222","Vovapain","Dota 2",532,4.84324111918608,"partner",3774703
"223","Zayt","Fortnite",525,2.44268556363053,"partner",1000409
"224","UFOtekkie","Silent Hill: 0rigins",524,2.23935223029719,"partner",611288
"225","原味小品","League of Legends",524,2.87574111918608,"partner",3587400
"226","DonTheCrown","Path of Exile",521,2.19240778585275,"partner",1381073
"227","Dracon","FINAL FANTASY XIV Online",519,3.38074139694373,"partner",3800969
"228","RiffTrax","Always On",515,21.8282413969437,"partner",4450245
"229","Destroy","Fortnite",512,5.23851917472151,"partner",1297592
"230","Delt4Forc3","Grand Theft Auto V",511,2.07324139694373,"affiliate",2451848
"231","QTCinderella","Twitch Sings",511,2.63824139694373,"partner",288283
"232","Mitchflowerpower","Super Mario World",510,4.53213028583262,"partner",3524612
"233","JChannel","Talk Shows & Podcasts",509,3.93990806361039,"partner",3550078
"234","BruceDropEmOff","Just Chatting",502,3.28185250805484,"partner",271473
"235","JimRsNg","StarCraft II",501,4.40129695249928,"partner",3546105
"236","TJHaly","Battalion 1944",497,1.51879695249928,"partner",1381095
"237","亲斤丶","Pokemon: Let's Go, Pikachu!/Eevee!",497,1.64157500803471,"partner",1634342
"238","Murda","Just Chatting",496,4.84157500803471,"partner",1427260
"239","TidesofTime","Dota 2",496,4.99713056359026,"partner",13733902
"240","Lawlman","Squad",495,3.30101945247915,"partner",776297
"241","bchillz","Rust",495,3.33713056359026,"partner",3898249
"242","peterparkTV","Just Chatting",492,38.0278338154157,"partner",328805
"243","korea999","NULL",492,3.08907500803471,"",250031
"244","OhDough","Dauntless",492,3.8879638969236,"affiliate",122304
"245","TedNivison","Minecraft",486,3.57935278581248,"affiliate",118924
"246","chechu14guti","Grand Theft Auto V",483,3.23268611914582,"affiliate",92788
"247","Richard_Hammer","Escape From Tarkov",483,3.74407500803471,"partner",13225773
"248","runitup247","Poker",483,1.49076008134142,"partner",2884956
"249","DaddyDimmuTV","MLB The Show 19",482,2.68074195219411,"partner",238715
"250","realvivien","League of Legends",478,5.39546417441633,"partner",972320
"251","guccislots","Slots",478,1.25685961837846,"",3318
"252","ハレっち","League of Legends",476,2.85046417441633,"partner",946895
"253","traves","Minecraft",475,17.3278504649798,"partner",367708
"254","Leffen","Super Smash Bros. Ultimate",470,32.4111837983131,"partner",7451223
"255","JLTomy","Fortnite",465,1.46379750774966,"partner",1059065
"256","23x59","Auto Chess",463,2.30435306330522,"partner",110825
"257","Sonecarox","Hearthstone",461,10.707130841083,"partner",10438642
"258","l2arion3","Lineage II",458,7.34268667472733,"",2097
"259","睡大","Grand Theft Auto V",456,1.36602000806067,"partner",4161751
"260","OgamingLoL","League of Legends",456,6.889353341394,"partner",133164038
"261","QUEPAVADASPRO","Minecraft",454,6.17102000806067,"partner",339749
"262","SymbolK_xD","Slots",453,4.07407556361622,"",6999
"263","Eduardo_Hook ","Dragon Ball FighterZ",452,4.03463111917178,"partner",835444
"264","realBamBam","League of Legends",448,4.381853341394,"partner",2564704
"265","Roflgator","Just Chatting",448,1.91574223028289,"partner",2101891
"266","m989876525","Hearthstone",447,7.29102000806067,"partner",5864971
"267","lord_of_dice","Slots",446,4.301853341394,"",4913
"268","Lurn","PLAYERUNKNOWN'S BATTLEGROUNDS",444,1.28407556361622,"partner",3915323
"269","SirhcEz","League of Legends",443,26.794550482432,"partner",60100906
"270","Scrubing","Bloodborne",443,3.2274091747072,"partner",2078802
"271","SaltyBet","M.U.G.E.N",443,1.15917445635354,"partner",28832097
"272","usedpizza","The Legend of Zelda: A Link to the Past",442,4.0199091747072,"partner",1735893
"273","Yogscast","Minecraft",440,7.0999091747072,"partner",107658326
"274","SandyRavage","MLB The Show 19",437,5.36879806359609,"partner",7079220
"275","Blondiewondie","Just Chatting",436,8.51796473026276,"partner",7553726
"276","Avori","PLAYERUNKNOWN'S BATTLEGROUNDS",431,6.94602028581831,"partner",1931339
"277","SilikonovayaZina","Just Chatting",428,3.19768695248498,"partner",3228199
"278","RubberNinja","Art",427,5.91157584137387,"partner",2698306
"279","SHiFT","SpongeBob SquarePants: Battle for Bikini Bottom",419,4.91185389697552,"partner",3698984
"280","CosmosZR","Just Chatting",415,15.2399094525311,"partner",559327
"281","CarlosStory","NBA 2K19",413,3.77407611919774,"partner",1152557
"282","SattelizerGames","Dead by Daylight",413,4.6621316747533,"partner",4521474
"283","Umbra","Dead by Daylight",412,2.78129834141996,"partner",357041
"284","tkhaf","Fortnite",410,49.9779004851977,"affiliate",27056
"285","AssistMeDoom","The Legend of Zelda: Link's Awakening DX",409,1.38546500808663,"partner",631757
"286","UnsanityLIVE","Cities: Skylines",409,1.47879834141996,"partner",4312080
"287","nycfurby","Mortal Kombat 11",409,2.09324278586441,"partner",8744541
"288","GorilaNerd","Just Chatting",409,2.64435389697552,"partner",5291537
"289","EJ_SA","Kerbal Space Program",407,9.13324306362205,"partner",3804091
"290","GameAttackTeam","World War Z",403,2.96657639695538,"partner",1555557
"291","LacedUpLauren","Destiny 2",403,4.6176875080665,"partner",7467406
"292","TieTuesday","Phoenix Wright: Ace Attorney Trilogy HD",400,8.77879861917761,"partner",562337
"293","YuriJoa","Life Is Strange",399,4.60546528584427,"partner",700755
"294","Aurateur","Metroid Prime 3: Corruption",399,1.60935417473316,"partner",4442023
"295","MintMadCow","Old School RuneScape",394,4.16074306362205,"partner",1879472
"296","BorisMurdock","Grand Theft Auto V",393,20.6612504839897,"affiliate",2681
"297","MarcoOPz","Rust",392,7.56574306362205,"partner",4101377
"298","ItzLurkOG","Fortnite",387,4.03574306362205,"affiliate",66422
"299","카르네","Path of Exile",386,50.9112671494484,"affiliate",105790
"300","DEATHSIE","Magic: The Gathering",384,2.81018778582414,"partner",427040
"301","Discomania","World of Warcraft",369,4.56591429915693,"partner",157219
"302","Pace22","Mordhau",369,6.03230318804582,"partner",1785386
"303","gsxrclyde","Destiny 2",367,10.6586920769347,"partner",1207258
"304","小鵲兒搞頑皮","Grand Theft Auto V",364,3.0325809658236,"partner",4700341
"305","Natsumiii","Just Chatting",364,6.64924763249026,"partner",5489865
"306","Curvyllama","Grand Theft Auto V",363,1.96063652137915,"partner",3678701
"307","Caprimint","League of Legends",362,2.19869235442744,"partner",2682614
"308","Tanovich","Fortnite",360,2.36035902109411,"partner",545615
"309","GorilaNerd","Just Chatting",360,2.74841457664967,"partner",5291537
"310","Oatsngoats","The Legend of Zelda: Ocarina of Time",359,4.12813679887189,"partner",4202879
"311","RenanSparrow","Yu-Gi-Oh! Duel Links",358,3.91397013220522,"partner",2395551
"312","NASA_Marathon","JSRF: Jet Set Radio Future",357,6.046747909983,"partner",1208477
"313","amieloo","Heroes of Might and Magic III: The Shadow of Death",356,2.50313679887189,"partner",3648018
"314","AlexandraBotez","Just Chatting",355,2.779247909983,"partner",2112964
"315","Mysterionsito","Grand Theft Auto V",353,1.78785902109411,"partner",467481
"316","Willokhlass","Fortnite",353,3.86174818780687,"partner",737371
"317","루다님_","A Plague Tale: Innocence",351,3.75785929891798,"partner",4983564
"318","RobertoCein","Just Chatting",350,30.4048912684123,"partner",2816721
"319","청묘님","Black Desert Online",348,4.92869263225132,"partner",632240
"320","videogamer77","Minion Masters",347,6.6025815211402,"affiliate",50728
"321","iateyourpie","The Lord of the Rings Online",346,54.2548912684123,"partner",17656840
"322","Iner_hs","Hearthstone",345,4.19813707669576,"partner",5203314
"323","갓샤인1","Total War: Three Kingdoms",345,18.9461929097441,"partner",3217376
"324","UFOtekkie","Silent Hill: 0rigins",343,2.34341513196627,"partner",611288
"325","Ninja614","The Elder Scrolls Online",343,4.77924846529961,"partner",1097741
"326","JOEYKAOTYK","Just Chatting",343,8.07119290974405,"partner",1853049
"327","kungfufruitcup","The Legend of Zelda: Breath of the Wild",342,3.14091513196627,"partner",3610179
"328","aMSaYoshi","Super Smash Bros. Ultimate",342,4.45258179863294,"partner",241166
"329","EsquadraoMAV","Resident Evil 4",342,7.85647068752183,"partner",4696863
"330","quelpenna","Mario Kart 8",340,2.22341540998883,"partner",335560
"331","Dratnos","World of Warcraft",332,1.30647096554438,"affiliate",327494
"332","Fvll","Fortnite",332,1.7836931877666,"affiliate",6708
"333","JadetheJaguar","Just Chatting",332,2.96397096554438,"affiliate",295593
"334","chenbw1688","Slots",331,54.438257932663,"",18
"335","EasyAllies","Talk Shows & Podcasts",331,1.18424874332216,"partner",3964856
"336","xSkyKing","Epic Seven",331,2.86341540998883,"partner",83773
"337","TheAsianAvenger","Magic: The Gathering",329,1.71924874332216,"partner",621098
"338","LEGIQN","Halo: The Master Chief Collection",329,2.78174902472231,"partner",1386632
"339","adeptthebest","Just Chatting",329,3.8281379136112,"partner",719406
"340","Ron_Plays_Games","Old School RuneScape",327,1.91702680250009,"partner",1212614
"341","sconzabrasil","Grand Theft Auto V",326,3.50230458027787,"partner",147527
"342","WatchMatty","ASMR",324,1.87091569138898,"affiliate",24169
"343","Broskian","Destiny 2",323,1.46619346916676,"partner",1591127
"344","lvpperu","League of Legends",323,5.36508235805564,"partner",557866
"345","Toadskii","One Piece Treasure Cruise",321,2.34786013583342,"partner",192418
"346","metaphorsx","World of Warcraft",321,5.55258235805564,"partner",844502
"347","chapo","Smite",320,4.51619346916676,"partner",1905566
"348","LuCKyy10p","Destiny 2",319,15.9678604097499,"partner",5475807
"349","PKMNcast","Pokemon: Let's Go, Pikachu!/Eevee!",317,4.89230485419432,"partner",1405924
"350","Nanogenix","DragonBall Z: Dokkan Battle",314,52.6549579183261,"partner",380583
"351","zn_tyy","NULL",314,6.39674929863877,"",9871
"352","Lacari","God Hand",312,51.6716245849927,"partner",5547787
"353","Soaryn","Minecraft",312,2.39147152086099,"partner",7916638
"354","Bayleef","Super Mario Odyssey",309,9.20230485419432,"partner",256670
"355","Kreyg","Grand Theft Auto: Vice City",307,2.93119374308321,"partner",13032479
"356","Archr","Summoners War: Sky Arena",306,5.87841596530543,"partner",289125
"357","DSKoopa","Just Chatting",305,24.2049579183261,"partner",415774
"358","BewNewShow","Grand Theft Auto V",305,2.75008290972975,"affiliate",29087
"359","Maxylobes","Resident Evil 7 biohazard",304,2.58258290972975,"partner",2357301
"360","IFrostBolt","Destiny 2",304,3.83286068750752,"partner",1351185
"361","Hungry","Food & Drink",303,21.932305131952,"partner",19694990
"362","Judd","Grand Theft Auto V",302,19.6883079171181,"partner",360292
"363","TheDestinyou","Just Chatting",302,6.44341624306308,"affiliate",95215
"364","DeriumsPokemon","Pokémon Trading Card Game",300,4.76730513195197,"partner",801745
"365","SBSmobile24","Talk Shows & Podcasts",299,1.07174957639641,"partner",752760
"366","마골","Path of Exile",297,7.60202735417419,"",243161
"367","왓구홍길동_","PLAYERUNKNOWN'S BATTLEGROUNDS",297,7.63174957639641,"partner",2896411
"368","Jay3","Overwatch",296,3.98786096526517,"partner",1231755
"369","sere_bania","Dota 2",295,5.46730540970961,"affiliate",339
"370","포근한물방울","Overwatch",294,2.35536096526517,"affiliate",95494
"371","LordBBH","Retro",292,4.2961942985985,"partner",425052
"372","LeyLey","VRChat",287,2.79341652082072,"partner",1476208
"373","안산저격수","Overwatch",287,3.5336942985985,"partner",595336
"374","SmoothMcGroove","World of Warcraft",286,2.05286096526517,"partner",1698604
"375","therealREAPER303","Apex Legends",285,2.7911942985985,"affiliate",768
"376","fluyr","Counter-Strike: Global Offensive",285,1.28897207637628,"partner",2441703
"377","generaldort","World of Warships",285,10.2384165208207,"partner",710623
"378","Dcarter","FINAL FANTASY XIV Online",284,7.82258346524504,"partner",3170409
"379","voicetv","NULL",283,11.9159167985784,"partner",2708189
"380","Shenpai","FINAL FANTASY XIV Online",282,3.00091679857837,"partner",2326067
"381","Nathanias","FINAL FANTASY XIV Online",282,7.29313902080059,"partner",9754181
"382","FoREv","Dota 2",281,3.43730568746726,"partner",980163
"383","snessh","Dota 2",279,7.06286124302281,"partner",1234568
"384","たぬき忍者","Granblue Fantasy",279,2.89341679857837,"partner",3561995
"385","Chibirobo1","Destiny 2",278,3.4942501319117,"partner",130500
"386","Darkest_Mage","Magic: The Gathering",278,4.52036124302281,"partner",6304305
"387","nothing_unique","Rust",277,8.0517501319117,"",758
"388","Nagzz21","Just Chatting",275,7.35036124302281,"partner",1188004
"389","Boneclinks","Just Chatting",275,47.0883579174678,"partner",2143022
"390","Fonbet_NHL","NHL 17",274,9.37563929862446,"partner",18811859
"391","Patty","Rocket League",273,2.04758374306891,"partner",3962354
"392","DuckyTheGamer","Fortnite",269,3.56091707640224,"partner",666780
"393","막눈_","League of Legends",267,2.80702818751335,"partner",4885458
"394","gachikun0423","Street Fighter V",267,1.8614726319578,"partner",126746
"395","不玩輔助的女生","League of Legends",265,1.56036152084668,"partner",2025448
"396","Kwitty23","Layers of Fear",265,3.2539726319578,"partner",2239856
"397","JenaUrf","Just Chatting",264,51.7883579174678,"partner",4432029
"398","RocketBeansTV","Warcraft III: The Frozen Throne",263,1.24413543373898,"partner",74992691
"399","Zombie_Barricades","Grand Theft Auto V",261,3.5734173691935,"partner",7854514
"400","OGEmiily","Just Chatting",261,6.00286181363795,"affiliate",166407
"401","Tiffae","Fortnite",266,2.46745892584324,"partner",2036456
"402","sconzabrasil","Grand Theft Auto V",266,3.62218114806546,"partner",147527
"403","HCJustin","PLAYERUNKNOWN'S BATTLEGROUNDS",266,5.03829225917657,"partner",2264991
"404","mattjestic_gaming","Auto Chess",265,2.25718143860499,"partner",41016
"405","therealREAPER303","Apex Legends",265,2.91107032749388,"affiliate",768
"406","왓구홍길동_","PLAYERUNKNOWN'S BATTLEGROUNDS",264,7.75162588304944,"partner",2896678
"407","無口君","Hearthstone",261,33.4808863162994,"partner",6332079
"408","AvaGG","Grand Theft Auto V",258,2.15801505002711,"partner",13942792
"409","JenaUrf","Just Chatting",256,58.9809030016263,"partner",4432029
"410","PangaeaPanga","Super Mario World",255,2.78273727224933,"partner",3090037
"411","ForestWithin","League of Legends",255,5.78884838336044,"partner",721665
"412","asmr_miss","ASMR",254,2.63857088387012,"affiliate",67552
"413","ESL_SC2","StarCraft II",254,17.3588486616479,"partner",80817587
"414","PotionShopTV","Black Desert Online",252,11.5352375505368,"partner",630837
"415","SourKoolaidShow","Special Events",251,3.19968199498124,"partner",1916760
"416","金韶情我老婆","Grand Theft Auto V",250,1.08440449416637,"affiliate",103536
"417","으음㈜","Games + Demos",250,3.88329338305526,"",1193324
"418","Puggin","Old School RuneScape",249,2.56384893861082,"partner",292389
"419","OGEmiily","Just Chatting",249,6.12273782749971,"affiliate",166407
"420","jccaylen","Fortnite",248,1.96329366081291,"partner",303583
"421","Annie","Overwatch",247,3.18801588303513,"partner",520793
"422","SirLarr","Grand Theft Auto V",246,1.80134921636846,"partner",613727
"423","CallMeGrub","Grand Theft Auto V",246,3.04218281474378,"affiliate",130844
"424","미르다요","PLAYERUNKNOWN'S BATTLEGROUNDS",245,4.94301614807712,"partner",682173
"425","DauT","Age of Empires II",244,2.84662725918823,"partner",979862
"426","JocaPK","Albion Online",243,4.57996059252156,"partner",177303
"427","iddqd","Overwatch",242,21.7976522008578,"partner",9356678
"428","마리","A Plague Tale: Innocence",241,3.04718309223652,"",7578896
"429","Acaibear","Grand Theft Auto V",241,4.7774608700143,"affiliate",46793
"430","ZeddyHS","Hearthstone",241,6.0599608700143,"partner",373903
"431","CryptoTradersTV","Crypto",241,23.1657944941521,"partner",1556940
"432","BooPainter","NBA 2K19",240,3.0241278274854,"partner",149144
"433","sneakyteak","Slay the Spire",240,3.04023893859651,"partner",103417
"434","SydneeAtIGN","Tom Clancy's Rainbow Six: Siege",239,2.98107227192985,"partner",156707
"435","Bricky","Cooking Simulator",238,2.83829476084974,"partner",1771360
"436","RomComm","Trover Saves the Universe",237,2.79746142751641,"partner",1143399
"437","weskerjpn","PLAYERUNKNOWN'S BATTLEGROUNDS",237,4.92468364973863,"partner",716798
"438","Koopatroopa787","Black Desert Online",237,5.57162809418307,"partner",3233000
"439","NESCardinality","Retro",237,7.18051727222072,"partner",506814
"440","ShyCityNXR","Super Mario Maker",236,3.56496171666516,"affiliate",60678
"441","재슥짱","Warcraft III: The Frozen Throne",236,5.10773949444294,"partner",2543995
"442","Wyld","The Elder Scrolls V: Skyrim",236,5.43857282777627,"partner",10091041
"443","FortyOne","Grand Theft Auto V",236,10.6263508830468,"partner",1169218
"444","Ahrileth","Just Chatting",235,17.8810529828072,"partner",1344523
"445","LighTOfHeaveN","Dota 2",235,32.2477196494738,"partner",23254668
"446","DutchsinseOfficial","Science & Technology",232,10.3538508830468,"affiliate",2407064
"447","MTGNerdGirl","Don't Starve Together",232,11.4916289385822,"partner",1259906
"448","Laski","Counter-Strike: Global Offensive",231,2.17718449413776,"partner",2484238
"449","Beuca","Super Mario 64",229,1.73829560524888,"partner",1271189
"450","卡瑪神","Just Chatting",227,3.24496254973941,"partner",1381713
"451","지니어스매드","Path of Exile",227,4.79024032751719,"partner",1443036
"452","Gigz","Destiny 2",226,18.0310863176982,"partner",5693410
"453","咪咪蛋","Monster Hunter World",226,32.9144196510315,"partner",5062661
"454","Dimitri","Kerbal Space Program",224,2.78162949416373,"partner",1002143
"455","Livibee","StarCraft II",222,2.46135171638595,"partner",5215007
"456","DottyHack","Escape From Tarkov",222,7.34246282749706,"affiliate",115249
"457","b4nny","Team Fortress 2",221,2.7894072719415,"partner",4372342
"458","Monstercat","Music & Performing Arts",221,1.17186188864487,"partner",26174698
"459","barboysa","NULL",220,1.16857421636581,"partner",186544
"460","MisterMetronome","Magic: The Gathering",220,5.36857421636581,"partner",124104
"461","saamjam","Just Chatting",219,3.23690754969915,"partner",241683
"462","BruceGreene","Apex Legends",218,57.0978029847145,"partner",330460
"463","MrFarosyy","Fortnite",217,3.68051893863413,"partner",136332
"464","MandyLia","Just Chatting",216,5.92051893863413,"partner",691968
"465","VintageRoom","Music & Performing Arts",216,1.47923458540605,"affiliate",62200
"466","kaitlyn","Tom Clancy's Rainbow Six: Siege",215,4.72607477194733,"partner",5632328
"467","Lil_Lexi","PLAYERUNKNOWN'S BATTLEGROUNDS",214,1.40051921639178,"partner",5322529
"468","Japan_ASMR","ASMR",214,1.96885254972511,"partner",781001
"469","coolio770","Grand Theft Auto V",214,3.660241438614,"partner",220774
"470","IAmSp00n","Fallout 76",214,7.00774171637164,"partner",11035531
"471","김루비","World of Warcraft",212,4.13051949414942,"partner",1221046
"472","범블비_","Dead by Daylight",211,4.14357504970498,"partner",140218
"473","avaail","League of Legends",211,5.07274171637164,"partner",1971099
"474","TheRealPugzilla","FIFA 19",210,1.14996420529154,"partner",1663624
"475","wtfmoses","PLAYERUNKNOWN'S BATTLEGROUNDS",209,2.63607531640265,"partner",772154
"476","BeyondTheSummit","Dota 2",209,1.65968642751376,"partner",391040438
"477","ForkyRL","Rocket League",209,2.99052143997616,"affiliate",102344
"478","Om3gaPro","Super Smash Bros. Ultimate",209,5.44218810664283,"partner",349387
"479","KiNG_Nidhogg","League of Legends",209,7.9288547733095,"affiliate",626683
"480","iriskpvp","Rust",207,35.5646197319031,"partner",979712
"481","Koefficient63","NULL",207,2.0563547733095,"partner",314031
"482","SmaceTRON","PLAYERUNKNOWN'S BATTLEGROUNDS",207,3.51579949524668,"partner",549997
"483","Fahros","FINAL FANTASY XIV Online",207,3.00857727302445,"partner",1404239
"484","bigoderp","Grand Theft Auto V",206,5.77968838413556,"affiliate",20282
"485","InexpensiveGamer","FINAL FANTASY XIV Online",206,5.11024393969112,"partner",3911084
"486","Avery","Fortnite",205,1.66496616191334,"partner",572878
"487","T1Riot","Destiny 2",205,5.85024393969112,"partner",766170
"488","GERBrowny","South Park: The Fractured But Whole",204,9.00607727302445,"partner",2954357
"489","Melipastel","Final Fantasy VII",204,2.72496616191334,"partner",2577466
"490","pfzin","Fortnite",204,1.75357755084833,"partner",152192
"491","AssaultSZN","Fortnite",203,53.8479863842328,"partner",306709
"492","SeriousGaming","Just Chatting",203,12.0646886619594,"partner",39308998
"493","Swagger","PLAYERUNKNOWN'S BATTLEGROUNDS",203,8.35774421751499,"partner",2567361
"494","Bean","World of Warcraft",203,6.84579977307055,"partner",2324804
"495","DeerNadia","Silent Descent",202,1.44107755084833,"partner",10656749
"496","Lettii","ASMR",201,1.1863553286261,"partner",411122
"497","BreakinSkullz","Escape From Tarkov",200,2.01246643973721,"partner",1563930
"498","GoddessAlfa","Just Chatting",200,3.90496673974726,"partner",437296
"499","rorichann","PLAYERUNKNOWN'S BATTLEGROUNDS",199,2.0494111841917,"partner",539336
"500","Oroboro","Deathgarden",198,46.3480043848356,"partner",10397012
