"","Name","Game","Current Views","Current Duration","Broadcaster Type","Total Views"
"1","OverwatchLeague","Overwatch",92435,4.45788073274824,"partner",182744497
"2","NICKMERCS","Fortnite",90437,6.42816184388267,"partner",61993162
"3","Riot Games","League of Legends",29472,5.18093962166044,"partner",1143951486
"4","Asmongold","World of Warcraft",25463,6.51232878830698,"partner",57028586
"5","shroud","Battalion 1944",19911,4.42371767719587,"partner",315417743
"6","UMGEvents","Fortnite",18843,6.56288434386253,"partner",18945530
"7","Mizkif","Just Chatting",18089,2.92455127557119,"partner",4444525
"8","오버워치리그","Overwatch",12427,3.51705127557119,"partner",37140874
"9","xQcOW","Tom Clancy's Rainbow Six: Siege",11807,7.63594016446008,"partner",68030004
"10","Rainbow6","Tom Clancy's Rainbow Six: Siege",11481,7.63260710861948,"partner",35470870
"11","Mathil1","Path of Exile",11452,7.3548293308417,"partner",23212921
"12","Lord_Kebun","Grand Theft Auto V",11329,1.89399599750837,"partner",9316776
"13","BrookeAB","Minecraft",10244,1.64566266417503,"affiliate",1230106
"14","liljarvis","Fortnite",10079,1.56316295497947,"partner",1753022
"15","GRONKH","Just Chatting",10079,5.97705184386836,"partner",65383706
"16","IMPACTWrestling","Wrestling",10000,34.5397772987684,"partner",4581119
"17","Nightblue3","League of Legends",9928,6.31566295497947,"partner",210986291
"18","summit1g","World of Warcraft",7984,5.25566323280334,"partner",292770783
"19","gaules","Counter-Strike: Global Offensive",7519,3.19260767724779,"partner",48161639
"20","PatoPapao","League of Legends",6859,4.05010767724779,"partner",19170687
"21","chocoTaco","PLAYERUNKNOWN'S BATTLEGROUNDS",6560,2.33066323280334,"partner",27524842
"22","mandiocaa1","League of Legends",6286,3.35371906611655,"partner",11371326
"23","Zizaran","Path of Exile",5842,9.59871906611654,"partner",26605370
"24","CapcomFighters","Street Fighter V",5177,28.956477300326,"partner",79405505
"25","EsfandTV","World of Warcraft",4992,8.84121906611655,"partner",7953878
"26","ClintStevens","Super Mario 64",4834,1.86899712165197,"partner",12369195
"27","MutheadTV","Madden NFL 19",4805,2.89566378831863,"partner",11560878
"28","buddha","Grand Theft Auto V",4763,8.21510823276308,"partner",10053624
"29","ashlynn","Grand Theft Auto V",4333,2.79871960891618,"partner",4799694
"30","Quin69","Path of Exile",4330,7.4734418311384,"partner",50850961
"31","overwatchleague_fr","Overwatch",4297,3.51677516447173,"partner",11558271
"32","boxbox","Just Chatting",4257,7.39427516447173,"partner",90680426
"33","overwatchleague_br","Overwatch",4002,3.51594210863113,"partner",5510890
"34","gabepeixe","Counter-Strike: Global Offensive",3801,4.65177544196447,"partner",5354712
"35","titrm8o","NULL",3793,7.4201087752978,"",78494
"36","Voyboy","League of Legends",3774,4.55399766418669,"partner",120127157
"37","NBA2KLeague","NBA 2K19",3695,4.5126087752978,"partner",38428903
"38","Datto","Destiny 2",3615,4.19344210863113,"partner",9019680
"39","GLL","PLAYERUNKNOWN'S BATTLEGROUNDS",3302,2.99371988640891,"partner",6105057
"40","ALOHADANCETV","Dota 2",3221,10.9287201686038,"partner",48837586
"41","ANGRYPUG","Dead by Daylight",3208,3.37705350193712,"partner",19388491
"42","AnthonyZ","Grand Theft Auto V",3190,7.97816461304824,"partner",4612238
"43","AsmodaiTV","Hearthstone",3116,1.70038683527046,"partner",20824761
"44","RaizQT","Path of Exile",3098,8.36344239082601,"partner",14763741
"45","MarcaoRX","Grand Theft Auto V",3069,4.38149794638157,"partner",2153893
"46","gratis150ml","League of Legends",2951,6.73760905749268,"partner",45897776
"47","AlexRamiGaming","Fortnite",2874,3.27705350193712,"partner",493375
"48","Trick2g","League of Legends",2842,57.7565597852071,"partner",139504711
"49","Becca","Auto Chess",2796,4.29844266308679,"partner",21725972
"50","moistcr1tikal","Just Chatting",2728,44.9232264518738,"partner",2653220
"51","Vargskelethor","Doom",2706,3.3095537741979,"partner",5887092
"52","PaymoneyWubby","Fortnite",2460,1.89483155197567,"partner",1441905
"53","ZiggyDLive","Path of Exile",2454,7.14788710753123,"partner",11451805
"54","LilyPichu","Twitch Sings",2409,46.0232431173325,"partner",18841565
"55","itmeJP","Path of Exile",2388,10.7920540519555,"partner",66037272
"56","나나양","Just Chatting",2344,1.40177627417776,"partner",1842831
"57","DatModz","Path of Exile",2246,7.85566516306665,"partner",26700057
"58","aXtLOL","League of Legends",2214,17.2399097839991,"partner",34011246
"59","Kyle","Grand Theft Auto V",2202,4.4651096075111,"partner",2434499
"60","Kiwo","Grand Theft Auto V",2150,13.1348318297333,"partner",9689326
"61","CouRageJD","Hollow Knight",2132,4.78066516306665,"partner",31796982
"62","jschlatt","Minecraft",2120,1.2676096075111,"affiliate",403022
"63","Alderiate","Path of Exile",2118,6.49816545585791,"partner",12072085
"64","sonii","World of Warcraft",2116,3.23427656696902,"partner",4386357
"65","HasanAbi","Just Chatting",2053,1.96122101141347,"partner",2341766
"66","The_Happy_Hob","Dark Souls",2031,5.82038767808014,"partner",8903791
"67","CalebDMTG","Magic: The Gathering",2002,2.00177656696902,"partner",6420776
"68","Moska1m","Tom Clancy's Rainbow Six: Siege",1979,1.41260990030236,"partner",164365
"69","Amouranth","Just Chatting",1962,1.81233212252458,"partner",81952950
"70","MacieJay","Tom Clancy's Rainbow Six: Siege",1959,3.60177682969305,"partner",10710439
"71","Mithrain","Just Chatting",1948,4.72316571858194,"partner",45197704
"72","Jenna","Apex Legends",1945,4.80094349635972,"partner",5105027
"73","Solary","Twitch Sings",1943,8.16649905191528,"partner",70089331
"74","개복어","Just Chatting",1934,1.9787212741375,"partner",12957380
"75","13tv_hd","NULL",1894,48.0066097815832,"",111112
"76","Alkaizerx","Path of Exile",1878,6.8834437744485,"partner",20037655
"77","Tomato","Darkest Dungeon",1851,5.95038821889294,"partner",636686
"78","小向","Street Fighter V",1835,53.9399598002434,"partner",4922119
"79","overwatchleague_ru","Overwatch",1832,3.51733266333739,"partner",2902855
"80","SodaKite","Grand Theft Auto V",1817,9.3084437744485,"partner",2069736
"81","TheRSGuy_3iz","RuneScape",1816,22.3732931335767,"",3
"82","kyliebitkin","Grand Theft Auto V",1810,5.14483266333739,"partner",1230959
"83","1DrakoNz","Fortnite",1798,3.5501107186079,"partner",1306116
"84","쉐리","Just Chatting",1779,32.3399764498075,"partner",16477090
"85","ImNio","Fortnite",1778,22.2399764498075,"partner",381530
"86","curvyelephant","Grand Theft Auto V",1775,12.6673329408301,"partner",958653
"87","GranDGranT","Dota 2",1741,1.96566627416346,"partner",4197762
"88","BobRoss","Art",1732,7.56649960749679,"partner",27321800
"89","GoldGlove","Rocket League",1727,2.07705516305235,"partner",59851009
"90","Calebhart42","Mega Man 2",1727,2.63955544080999,"partner",15463091
"91","maletour","FIFA 19",1719,2.85927766303221,"affiliate",5048
"92","VGBootCamp","Super Smash Bros. Ultimate",1711,4.19622210747666,"partner",81050145
"93","Maxalibur","Battalion 1944",1703,3.32233321858777,"partner",1382154
"94","chistor_","Path of Exile",1702,7.85733321858777,"partner",10066828
"95","Destiny","League of Legends",1690,1.1931665519211,"partner",92626839
"96","MOONMOON_OW","Darkest Dungeon",1658,10.1566764672597,"partner",57037707
"97","NiceWigg","Apex Legends",1615,4.88344460778766,"partner",633963
"98","IamCristinini","Grand Theft Auto V",1606,3.27455571889877,"partner",4043593
"99","pescocofino","Just Chatting",1584,4.88816683000988,"partner",4114890
"100","Ssaab","Grand Theft Auto V",1582,3.96150016334322,"partner",3231232
"101","pescocofino","Just Chatting",1539,5.00799961666266,"partner",4114890
"102","qSnake","Dota 2",1525,2.26216628332933,"partner",18819815
"103","TSM_TheOddOne","Fire Emblem: Fuuin no Tsurugi",1502,3.36049961666266,"partner",205884654
"104","livekiss","Music & Performing Arts",1480,9.87688878330919,"partner",10324108
"105","Sequisha","World of Warcraft",1467,5.34799989442031,"partner",8690237
"106","cyr","Just Chatting",1466,4.49994433886475,"partner",2441129
"107","Grimmmz","Escape From Tarkov",1462,2.17355544997586,"partner",43051176
"108","TheRSGuy_3iz","RuneScape",1459,29.5633269985517,"",3
"109","Scarra","Path of Exile",1441,3.48299989442031,"partner",73383702
"110","Pikabooirl","World of Warcraft",1438,4.50633350524637,"partner",8029599
"111","Weak3n","Smite",1428,1.68522239413526,"partner",3854756
"112","IamCristinini","Grand Theft Auto V",1423,3.39438906080193,"partner",4043593
"113","evion_official","Metin 2",1417,22.660500171913,"",10154
"114","AmarCODTV","Just Chatting",1410,5.1385557274686,"partner",4250786
"115","hexy","Deathgarden",1395,5.15300017191304,"partner",14406934
"116","AngriestPat","FINAL FANTASY XIV Online",1389,2.6418893386258,"partner",1353098
"117","Bustin","Just Chatting",1387,3.80466711640358,"partner",2550583
"118","anahix111","NULL",1373,5.4868893386258,"",28793
"119","mang0","Jump King",1368,4.33522267195914,"partner",12381334
"120","SolaryHS","Hearthstone",1363,1.55073844466496,"partner",7109238
"121","Ezekiel_III","Blackjack",1336,7.51772267195914,"partner",13203878
"122","SheriffEli","Hell Let Loose",1305,6.4318893386258,"partner",12229943
"123","MrBboy45","Grand Theft Auto V",1286,6.04327850527234,"partner",8346765
"124","이선생84","Path of Exile",1264,7.80438961638345,"partner",1618450
"125","OgamingLoL","League of Legends",1251,5.71105628305011,"partner",133323083
"126","Jasper7se","League of Legends",1247,1.58661183860567,"partner",663041
"127","pubg_es","PLAYERUNKNOWN'S BATTLEGROUNDS",1244,3.21161183860567,"partner",361715
"128","Pieface23","FIFA 19",1211,5.092445171939,"partner",1400303
"129","yamatonjp","Fortnite",1200,1.68161211636331,"partner",11506602
"130","nugiyen","Path of Exile",1194,12.3488343385855,"partner",19622951
"131","齊力斷金","Hearthstone",1180,6.37911211636331,"partner",3179893
"132","ryukahr","Food & Drink",1166,3.02883433858554,"partner",1004820
"133","PUBG_BR","PLAYERUNKNOWN'S BATTLEGROUNDS",1143,4.6980010052522,"partner",1992368
"134","CrReaM","Cooking Simulator",1134,1.31911211636331,"partner",14799035
"135","fl0m","World of Warcraft",1132,4.92133461667432,"partner",33995003
"136","theodore_ytb","Just Chatting",1130,6.65689017222987,"partner",2551629
"137","aynisinemalar","Grand Theft Auto V",1120,4.00689017222987,"partner",353052
"138","LoadingReadyRun","Magic: The Gathering",1108,2.41300128334098,"partner",8727972
"139","태상","Hearthstone",1099,3.58439017222987,"partner",3959879
"140","Dropaduski","Path of Exile",1075,7.39077906111876,"partner",1043058
"141","아크로","Path of Exile",1072,7.90272378305594,"affiliate",2506200
"142","雀巢檸檬茶唷","League of Legends",1066,4.39716822750039,"partner",546927
"143","재슥짱","League of Legends",1048,3.36189044972261,"partner",2549036
"144","supertf","Overwatch",1027,2.50355711638927,"partner",578967
"145","ZEON","Grand Theft Auto V",1019,6.64272378305594,"partner",46615490
"146","DiNo","Grand Theft Auto V",1018,5.9632793386115,"partner",398033
"147","ImMarksman","Fortnite",998,4.39161267194483,"partner",4494814
"148","Gale_Adelade","Overwatch",985,1.40772406081359,"partner",7072880
"149","kingtreesdeaf930","NBA 2K19",977,3.42466850525803,"",14228
"150","trihex","Just Chatting",975,7.87050183859136,"partner",18454579
"151","ImmortalHD","Grand Theft Auto V",974,27.0301103154818,"partner",5131192
"152","CinnamonToastKen","Grand Theft Auto V",966,10.5877240608136,"partner",4680238
"153","CoconutB","Rust",956,1.10827961636914,"partner",3938986
"154","MoMaN","TrackMania² Stadium",918,6.75244656085968,"partner",13007230
"155","i6rba5_x","Fortnite",916,56.9467936515808,"partner",428276
"156","DD_Warrior_Lady","League of Legends",890,4.67577989419301,"partner",2604754
"157","AKAWonder","League of Legends",880,6.51550211641524,"partner",12554484
"158","purple_hs","Hearthstone",876,1.08689100530412,"partner",2326186
"159","MCDM","Just Chatting",874,52.7467936515808,"partner",655358
"160","Worrun_","Escape From Tarkov",871,2.06744683861732,"partner",1498183
"161","JulietteArz","Fortnite",869,5.37216906083955,"partner",400650
"162","Peixetro","Overcooked! 2",867,2.98216906083955,"partner",3178243
"163","daltoosh","Apex Legends",859,3.46244683861732,"affiliate",354294
"164","KBubblez","Just Chatting",858,2.51578017195066,"partner",2095548
"165","BrownMan","The Legend of Zelda: Link's Awakening DX",856,4.59466906083955,"partner",11401421
"166","JB_Sniper","PLAYERUNKNOWN'S BATTLEGROUNDS",854,5.10744683861732,"partner",2099184
"167","LegatusLeman","Grand Theft Auto V",844,7.46522489415275,"partner",1681997
"168","칸데르니아","Path of Exile",840,5.60439156081941,"partner",4053420
"169","RAZORRRTV","Grand Theft Auto V",831,3.7807804497083,"affiliate",228714
"170","zcnnn","NULL",830,1.04633600526386,"",56964
"171","ALLinPav","Poker",827,5.82189156081941,"partner",2596221
"172","聶寶","Octopath Traveler",827,13.1716140460968,"partner",5793084
"173","Dekar173","League of Legends",809,6.11855849054125,"partner",5804707
"174","CaptainSparklez","Minecraft",807,1.00966960165236,"partner",23454274
"175","apophis01","League of Legends",805,3.71355849054125,"partner",9090177
"176","speros_","Call of Duty: Black Ops 4",794,1.70828071276347,"affiliate",82068
"177","meikodboy","Fortnite",785,1.82633626831902,"partner",277370
"178","YuriJoa","Just Chatting",784,2.4899476647377,"partner",706907
"179","clutch_fii","The Forest",780,11.7121698869599,"partner",501315
"180","Hitch","Just Chatting",758,4.46550322029326,"partner",2511450
"181","denissniderTV","Grand Theft Auto V",757,1.64828099807103,"partner",16484500
"182","HypeBeastJames","World of Warcraft",756,3.49966988695992,"affiliate",9330
"183","Smokaloke","The Elder Scrolls V: Skyrim",751,5.78883655362659,"partner",1742074
"184","Sonecarox","Just Chatting",739,7.78855877584881,"partner",10449461
"185","好色龍","Path of Exile",735,6.69189239415858,"partner",6717603
"186","cscoop","Minecraft",732,3.25494794971413,"partner",368442
"187","Speedrun","Super Mario Bros. 3",731,1.01578128304746,"partner",4204044
"188","HAVOK","The Gardens Between",731,3.52217017193635,"partner",513796
"189","a_couple_streams","Music & Performing Arts",719,3.48883683860302,"partner",4181989
"190","Leffen","Super Smash Bros. Melee",719,5.70355906082524,"partner",7467297
"191","CuteDog_","Path of Exile",716,8.29161489413844,"partner",7722996
"192","capcomfighters_jp","Street Fighter V",710,31.4302269816399,"partner",2302988
"193","PerfectTilt","Fortnite",709,6.07411489413844,"affiliate",23634
"194","SenikaTwitch","Just Chatting",703,3.787170449694,"partner",1000692
"195","WiN0001","Dota 2",700,1.58578156080511,"affiliate",441729
"196","tkhaf","Fortnite",700,2.46633711636066,"affiliate",27420
"197","FireDragon","Luigi's Mansion",690,2.79633739418454,"partner",7947507
"198","SkillSpecs","Old School RuneScape",682,15.5199485052956,"partner",8117675
"199","지니어스매드","Path of Exile",680,5.89105961640676,"partner",1445170
"200","Ness","Auto Chess",679,4.73939294974009,"partner",10921670
"201","DD_Warrior_Lady","Resident Evil 2",644,4.77928243054284,"partner",2604754
"202","SenikaTwitch","Just Chatting",640,3.89067159718937,"partner",1000692
"203","sinatraa","Overwatch",637,5.32956048607826,"partner",4470637
"204","WiN0001","Dota 2",633,1.68928270830048,"affiliate",441729
"205","금다정","Just Chatting",629,30.8736291646957,"partner",1047890
"206","BRNWOWZK1","Counter-Strike: Global Offensive",628,5.01817187501325,"partner",1669895
"207","akexdit","NBA",617,24.1403125007947,"",27
"208","tkhaf","Fortnite",616,2.56983854167991,"affiliate",27420
"209","ESL_CSGO","Counter-Strike: Global Offensive",614,22.3770607639021,"partner",359022442
"210","Tourva","Call of Duty: Black Ops 4",611,2.96594965279102,"partner",689196
"211","FanHOTS","Heroes of the Storm",606,1.339283263882,"partner",2489062
"212","DumbDog","Escape From Tarkov",606,1.95094993054867,"partner",5161616
"213","EJ_SA","Kerbal Space Program",604,6.33039437499311,"partner",3807880
"214","Mr_Mammal","Old School RuneScape",600,5.62400548610422,"partner",10577143
"215","X33N","Minecraft",596,1.77095020830631,"partner",1201873
"216","Dizeliun","Fortnite",592,3.55511687497298,"affiliate",259775
"217","hyped","Auto Chess",590,2.13622798608409,"partner",1020917
"218","스피릿제로","Street Fighter V",589,46.7736958344777,"partner",9950648
"219","R9Rai","FIFA 19",587,1.0670615972413,"partner",963829
"220","sersxd","Metin 2",586,8.87428381946352,"",1559
"221","Wingsofdeath","Path of Exile",581,2.45039493057463,"partner",99262640
"222","Dyrus","Under Night In-Birth Exe:Late[st]",580,3.98539520833227,"partner",218580157
"223","지니어스매드","Path of Exile",580,5.99456187499894,"partner",1445170
"224","SymbolK_xD","Slots",573,1.07804887442125,"",7155
"225","lvpperu","League of Legends",570,3.08983965277672,"partner",560158
"226","Etup","Path of Exile",570,7.70872881942325,"partner",8928818
"227","AlexiaRaye","Beat Saber",568,1.67928437497881,"partner",8664239
"228","Ungeros","Jump King",567,14.3687288194233,"affiliate",24670
"229","guccislots","Slots",566,3.95845104164547,"",3739
"230","Mois_Kid","Just Chatting",565,1.82567354169157,"partner",444144
"231","GunnarDotA2","Dota 2",559,35.1070791681608,"partner",384308
"232","iateyourpie","Super Smash Bros. Ultimate",553,2.14817354169157,"partner",17664723
"233","TheBubbaArmy","Just Chatting",550,1.7840068750249,"partner",3064526
"234","OhDough","Dauntless",550,2.59539604167144,"affiliate",124633
"235","TeftyTeft","Destiny 2",548,1.34095159722699,"partner",3667340
"236","Andy","The Legend of Zelda: A Link to the Past",546,3.52289604167143,"partner",2749361
"237","lord_of_dice","Slots",543,1.08753964988446,"",5143
"238","lolwingz","Just Chatting",542,3.80150743054019,"partner",2092086
"239","Curvyllama","Grand Theft Auto V",537,2.52928520831797,"partner",3683401
"240","unlckyme","Slots",529,3.60956298609575,"partner",4196608
"241","REO_MK","Mortal Kombat 11",528,3.05317437503073,"partner",803475
"242","Mejash","World of Warships",527,3.94150770836406,"partner",1559331
"243","Klean","DayZ",527,5.47289659725295,"partner",7240360
"244","Woodszin","Just Chatting",523,5.40567465278837,"partner",149180
"245","스피드소닉","Path of Exile",523,10.2190079861217,"partner",4370443
"246","StephenGeorg","BaBa Is You",521,2.79984131945504,"partner",201726
"247","RichardLewisReports","Call of Duty: Black Ops 4",520,3.91956354167726,"partner",1833017
"248","traves","Minecraft",519,1.78456381943491,"partner",373855
"249","Smallant1","Super Mario Odyssey",516,6.63400826387935,"partner",223042
"250","k13tv","Dota 2",513,1.70123048610157,"partner",4508732
"251","Thiefs","Fortnite",512,2.66456381943491,"partner",2792620
"252","루다님_","Just Chatting",510,1.42928631941477,"partner",4987943
"253","navioot","Hearthstone",509,57.4071791648865,"partner",5093206
"254","cyber_sport0","NBA",509,1.96372026330895,"",5117
"255","Syun_N","Super Mario Maker",505,5.13873104168309,"partner",1549421
"256","RiffTrax","Always On",502,19.6273421527942,"partner",4454280
"257","AnEternalEnigma","Fatal Frame",499,2.21289770834976,"partner",490294
"258","gachikun0423","Street Fighter V",498,31.7571958343188,"partner",127698
"259","BaRRaCCuDDa","Smite",495,2.40234243055185,"partner",4115298
"260","짱쿠","Black Desert Online",494,46.6405458331108,"partner",370593
"261","MattRP","Grand Theft Auto V",490,1.71706465277407,"partner",391141
"262","TheNo1Alex","Super Mario Maker",489,1.58762020832962,"partner",10510743
"263","jonzherka","Just Chatting",486,4.9159538194206,"affiliate",475273
"264","snessh","Dota 2",483,5.16817604164283,"partner",1238784
"265","TheDevilDogGamer","Escape From Tarkov",479,1.89817604164282,"partner",5153182
"266","wesbtw","Just Chatting",479,2.29178715275394,"affiliate",289633
"267","LiquidSnute","StarCraft II",473,7.80012076391114,"partner",2381455
"268","DKane","Just Chatting",472,18.7405791680018,"partner",1149276
"269","LegendaryLea","League of Legends",472,5.36900965280003,"partner",41917761
"270","bchillz","Rust",471,3.61762076391114,"partner",3906291
"271","Surskity","Just Chatting",471,4.34012104166879,"partner",2128501
"272","Rayuur","Dota 2",468,6.4712321527799,"partner",1637223
"273","Draskyl","Path of Exile",467,7.57039881944656,"partner",28074351
"274","tipsoutbaby","World of Warcraft",466,2.08428770833545,"partner",1513381
"275","mia_qs","NULL",465,4.17567687498199,"",83476
"276","kaceytron","Overwatch",465,4.22651020831532,"partner",32076864
"277","Bugha","Deceit",461,1.24512131942643,"partner",338591
"278","happyf333tz","Pump It Up XX: 20th Anniversary Edition",459,46.4906124989192,"affiliate",197823
"279","Etoiles","TrackMania² Stadium",459,3.80539937502808,"partner",723247
"280","Matimi0","Tom Clancy's Rainbow Six: Siege",456,1.59123270836141,"partner",6076193
"281","Sr_ThuliuM","Grand Theft Auto V",453,4.13401048613919,"partner",440468
"282","TheChief1114","Barotrauma",451,1.5126215972503,"partner",3499591
"283","realBamBam","League of Legends",448,3.07873298611906,"partner",2566575
"284","OfficialDelux","Fortnite",448,7.00901076389684,"partner",824725
"285","SaltyBet","M.U.G.E.N",447,1.61428854167461,"partner",28839043
"286","Thabeast721","Super Mario Maker",447,4.3031774305635,"partner",1630348
"287","ハレっち","League of Legends",446,2.25262215276559,"partner",949399
"288","LacedUpLauren","Destiny 2",446,2.42595548609893,"partner",7468775
"289","shockist","ARK",445,6.22651104165448,"partner",1333705
"290","Macaw45","Retro",444,2.4162332638767,"partner",517981
"291","FoREv","Dota 2",444,4.75956687496768,"partner",984622
"292","ONE_shot_GURL","Fortnite",442,35.0906791647275,"affiliate",590202
"293","Kobe0802","NBA 2K19",441,9.10567798607879,"partner",1067275
"294","ESL_DOTA2","Dota 2",437,10.129011597236,"partner",48419119
"295","Skadoodle","Battalion 1944",435,5.52984493056933,"partner",5512670
"296","Rallied","Call of Duty: Black Ops 4",434,2.90178937501378,"partner",1732234
"297","Dysmo","Call of Duty: Black Ops 4",434,3.41317826390266,"affiliate",88513
"298","mblaoc","Age of Empires II",433,11.7545674305492,"partner",1762359
"299","korea999","NULL",431,1.55234520832698,"",262345
"300","Loui5Ng","Cooking Simulator",429,2.06123409721586,"partner",3564329
