"","Name","Game","Current Views","Current Duration","Broadcaster Type","Total Views"
"1","OverwatchLeague","Overwatch",74606,5.81548018058141,"partner",185251710
"2","CriticalRole","Dungeons & Dragons",49394,2.04825906919109,"partner",5809289
"3","Tfue","Fortnite",35019,9.43937045805984,"partner",131680850
"4","shroud","Fallout 76",23624,5.40075934694873,"partner",317346310
"5","Lord_Kebun","Grand Theft Auto V",14393,3.20187045805984,"partner",9687275
"6","TSM_Hamlinz","Fortnite",13129,43.5788941502571,"partner",22441551
"7","btssmash","Super Smash Bros. Melee",12339,10.445481569171,"partner",5472842
"8","MOONMOON_OW","Darkest Dungeon",10568,1.45575934694873,"partner",57274587
"9","MitchJones","Just Chatting",10131,3.11353712472651,"partner",29170823
"10","nl_Kripp","Dota Underlords",10101,8.14131490250429,"partner",220717762
"11","summit1g","World of Warcraft",8984,4.92964823583762,"partner",293864015
"12","SuperMCGamer","The Legend of Zelda: The Wind Waker HD",8968,9.44020379139317,"partner",37271920
"13","오버워치리그","Overwatch",8898,2.60964823583762,"partner",37644382
"14","jovirone","League of Legends",8515,17.3789108157158,"partner",49517211
"15","gaules","Counter-Strike: Global Offensive",7611,7.26214851359526,"partner",49068054
"16","한동숙","Total War: Three Kingdoms",7026,15.0279818469286,"partner",34002463
"17","BrookeAB","Fortnite",6377,4.09659295803971,"affiliate",1581603
"18","livekiss","Music & Performing Arts",6021,11.0465929580397,"partner",10420169
"19","PatoPapao","Just Chatting",5978,2.29714851359526,"partner",19469234
"20","Trick2g","League of Legends",5812,5.69853740248415,"partner",139884663
"21","chocoTaco","PLAYERUNKNOWN'S BATTLEGROUNDS",5453,3.88242629137304,"partner",27917044
"22","Mathil1","Path of Exile",5326,7.6679818469286,"partner",23561771
"23","Reckful","Auto Chess",5118,21.0032596247064,"partner",106746902
"24","72hrs","Fortnite",4922,8.3979818469286,"partner",11610688
"25","boxbox","League of Legends",4860,4.5913154580858,"partner",90836196
"26","Rush","League of Legends",4853,1.92992656919691,"partner",15141761
"27","koil","Grand Theft Auto V",4482,2.31187101364136,"partner",9027638
"28","pescocofino","Grand Theft Auto V",4457,6.28825990253025,"partner",4339040
"29","gabepeixe","Grand Theft Auto V",4419,6.9888154580858,"partner",5582557
"30","ClintStevens","Super Mario 64",4358,1.25437101364136,"partner",12476622
"31","UberHaxorNova","Grand Theft Auto V",4273,3.62325990253025,"partner",9585332
"32","NBAFinalsGame6","NULL",4183,23.2789274851481,"streamer",2165
"33","AsmodaiTV","Hearthstone",3915,2.93770434697469,"partner",20966769
"34","moistcr1tikal","Fallout 76",3587,1.20714879141914,"partner",2744357
"35","StarLadder_CS_en2","Counter-Strike: Global Offensive",3407,5.94159323586358,"partner",6183946
"36","공혁준","Hearthstone",3328,1.83381573584345,"partner",18083391
"37","Kitboga","Grand Theft Auto V",3215,4.56714906917678,"partner",11103836
"38","KingGeorge","Tom Clancy's Rainbow Six: Siege",3100,5.79881573584345,"partner",11101363
"39","GoldGlove","Just Chatting",3089,2.80409351362122,"partner",60088850
"40","殺梗","Grand Theft Auto V",2913,1.78381573584345,"partner",66599206
"41","JakenbakeLIVE","Just Chatting",2782,8.18464906917678,"partner",16891091
"42","The_Happy_Hob","Dark Souls",2769,7.64631573584345,"partner",8937860
"43","Kiwo","Grand Theft Auto V",2678,11.7663157358434,"partner",9913282
"44","나나양","Minecraft",2676,3.70492684695456,"partner",1904025
"45","Zizaran","Path of Exile",2670,3.34159351362122,"partner",27026042
"46","overwatchleague_fr","Overwatch",2596,3.97103795806567,"partner",11854114
"47","CDNThe3rd","Dota Underlords",2475,5.24826045804554,"partner",39240947
"48","ZeRo","Banjo-Kazooie",2470,5.51464934693442,"partner",12573288
"49","G4G_Revenant","Auto Chess",2375,10.7649271247122,"partner",7267035
"50","Savjz","Dota Underlords",2360,10.49020490249,"partner",53577187
"51","Vargskelethor","Pokémon Stadium",2342,45.6789608160655,"partner",6010336
"52","overwatchleague_br","Overwatch",2338,4.29076045804554,"partner",5783258
"53","Spaceboy","Grand Theft Auto V",2286,7.09520490248998,"partner",2982950
"54","Wingsofdeath","League of Legends",2282,2.54020490248998,"partner",99338240
"55","Gladd","Destiny 2",2221,4.07687184691429,"partner",5384493
"56","Valkyrae","Fortnite",2203,24.5123108148575,"partner",9958437
"57","KYR_SP33DY","Dead by Daylight",2202,4.71187184691429,"partner",4631458
"58","AriGameplays","Minecraft",2181,1.87714962469207,"affiliate",10593165
"59","rxnexus","Dota Underlords",2160,5.09409406913651,"partner",32798941
"60","MacieJay","Tom Clancy's Rainbow Six: Siege",2097,4.21187184691429,"partner",10825632
"61","SilverName","Path of Exile",2051,17.2440940691365,"partner",74183792
"62","gratis150ml","The Elder Scrolls V: Skyrim",2045,28.1289774815241,"partner",46215917
"63","KOT4Q","Just Chatting",1995,2.70242768055863,"affiliate",78740
"64","Timmac","Grand Theft Auto V",1948,2.68103879166974,"partner",14306320
"65","DatModz","Path of Exile",1941,3.72631656944752,"partner",26861337
"66","Crayator","Alien: Isolation",1933,1.8015943472253,"partner",5848285
"67","Calebhart42","Mega Man X",1919,2.41020545833641,"partner",15525344
"68","SilentSentry","Grand Theft Auto V",1846,5.68131656944752,"partner",7651623
"69","juansguarnizo","Minecraft",1832,3.1315943472253,"partner",2501428
"70","fuslie","Just Chatting",1822,1.33881656944752,"partner",8316535
"71","sonii","World of Warcraft",1798,7.66798323611418,"partner",4581869
"72","EasyAllies","Special Events",1755,2.18548323611418,"partner",4190860
"73","daltoosh","Apex Legends",1748,5.87715018027359,"affiliate",430848
"74","13arg","NULL",1726,2.45937240249581,"streamer",381917
"75","Bum1six3","Dragon Ball FighterZ",1708,4.8857612913847,"partner",2470185
"76","AnthonyZ","Tom Clancy's Rainbow Six: Siege",1708,6.22437240249581,"partner",4774093
"77","cyr","Just Chatting",1632,1.7732612913847,"partner",2495216
"78","NeVeR_LosEs","League of Legends",1617,1.04881684694025,"partner",20039849
"79","hashinshin","League of Legends",1583,2.2157612913847,"partner",19021724
"80","PurgeGamers","Dota Underlords",1562,5.62631684694025,"partner",25937659
"81","SaltyTeemo","League of Legends",1547,17.0074279580514,"affiliate",3762508
"82","woops","Beat Saber",1536,3.1757612913847,"partner",3408308
"83","kyo1984123","Hearthstone",1529,3.63103906916247,"partner",36492181
"84","wyattdarbymtg","Magic: The Gathering",1527,6.65020601358679,"partner",302336
"85","Puppers","Dead by Daylight",1525,7.8913171246979,"partner",1911393
"86","jdotb","World of Warcraft",1491,7.31187268025345,"partner",11150184
"87","DCP_LIVE","Destiny 2",1471,2.55520601358679,"partner",320739
"88","CobaltStreak","Cadence of Hyrule – Crypt of the NecroDancer Featuring The Legend of Zelda",1471,5.27548379136456,"partner",31639510
"89","mendokusaii","Apex Legends",1466,1.55492823580901,"partner",8065257
"90","ALOHADANCETV","Dota 2",1462,41.1956941485405,"partner",49854705
"91","MaryJLeeee","ASMR",1446,2.67742823580901,"partner",8490662
"92","Grimmmz","Fallout 76",1437,3.87298379136456,"partner",43191487
"93","優利","Just Chatting",1401,10.8232615691423,"affiliate",361349
"94","trihex","Cadence of Hyrule – Crypt of the NecroDancer Featuring The Legend of Zelda",1367,7.6713171246979,"partner",18571115
"95","Fandy","World of Warcraft",1361,7.26881740252177,"partner",6457268
"96","QuarterJade","League of Legends",1332,2.58270629141066,"partner",1873690
"97","overwatchleague_ru","Overwatch",1330,3.80159518029955,"partner",3093911
"98","evion_official","Metin 2",1326,23.9702062914107,"streamer",42158
"99","Kaymind","PLAYERUNKNOWN'S BATTLEGROUNDS",1319,4.49020629141066,"partner",2539633
"100","LeStream","Special Events",1313,2.0421507358551,"partner",61367030
"101","Solary","League of Legends",1277,14.5539720619387,"partner",70852913
"102","Anton","Escape From Tarkov",1273,3.85369428416093,"partner",2835990
"103","qSnake","Dota 2",1245,8.12202761749426,"partner",18905930
"104","Starladder10","Counter-Strike: Global Offensive",1232,5.97591650638315,"partner",17469992
"105","Kephrii","Overwatch",1231,2.09480539527204,"partner",13406209
"106","DCP_LIVE","Destiny 2",1226,2.70897206193871,"partner",320739
"107","GorilaNerd","League of Legends",1223,4.37480539527204,"partner",5303437
"108","貝克","Grand Theft Auto V",1223,4.41647206193871,"partner",14692257
"109","Avast","Overwatch",1223,5.09980567302969,"partner",210594
"110","DuelLinksMeta","Yu-Gi-Oh! Duel Links",1221,4.10675011747413,"partner",1771975
"111","Kaymind","PLAYERUNKNOWN'S BATTLEGROUNDS",1194,4.64397233969635,"partner",2539633
"112","ScottJund","Dead by Daylight",1193,1.80425011747413,"partner",5706251
"113","jennajulien","Tom Clancy's Rainbow Six: Siege",1190,29.8550070484479,"partner",4393016
"114","Th3Jez","Destiny 2",1181,2.39730567302969,"partner",445864
"115","렘쨩","Just Chatting",1176,1.47147233969635,"partner",4307272
"116","CrReaM","Sub Rosa",1173,3.57925038086043,"partner",14830911
"117","daltoosh","Apex Legends",1167,6.0309170475271,"affiliate",430848
"118","coelho","Just Chatting",1146,4.12952815863821,"partner",5357371
"119","Ness","Dota Underlords",1119,5.49258371419377,"partner",10998127
"120","FanHOTS","Heroes of the Storm",1086,3.29313926974932,"partner",2553902
"121","TSM_TheOddOne","Total War: Three Kingdoms",1084,4.57425038086043,"partner",205977497
"122","GiantBomb","Special Events",1077,3.08452815863821,"partner",21306448
"123","Ranger","Fortnite",1077,3.16480593641599,"partner",1605458
"124","raptors__v__warriors","NBA",1076,6.37563955419593,"streamer",49530
"125","Becca","Auto Chess",1059,7.57897288752927,"partner",21813028
"126","Draskyl","Path of Exile",1044,6.85369510975149,"partner",28104410
"127","KatEvolved","League of Legends",1033,1.97313955419593,"partner",986294
"128","Smoodie","Warframe",1022,4.7998062208626,"partner",362231
"129","LVPmex","League of Legends",1017,4.19702844308482,"partner",665925
"130","slezzy","League of Legends",985,5.9448062208626,"partner",398321
"131","cdewx","World of Warcraft",969,26.3717065850894,"partner",36172270
"132","ExcessiveProfanity","Cadence of Hyrule – Crypt of the NecroDancer Featuring The Legend of Zelda",964,1.34425093637572,"partner",8349396
"133","CuteDog_","Path of Exile",952,3.18341760304239,"partner",7794220
"134","masondota2","Dota 2",948,18.0550561825434,"partner",1872516
"135","Sequisha","World of Warcraft",937,6.65230649193128,"partner",8765162
"136","DolphinChemist","FTL: Faster Than Light",936,4.6245287141535,"partner",2503804
"137","uhhmyles","NBA",931,3.29008426970906,"partner",14048691
"138","龜狗","Path of Exile",913,15.5917509363757,"partner",4094298
"139","MiltonTPike1","Tom Clancy's Rainbow Six: Siege",904,24.2717228492101,"partner",1216790
"140","X33N","Minecraft",901,2.00314010308849,"partner",18588466
"141","DizzyKitten","FINAL FANTASY XIV Online",890,2.27091788086626,"partner",5580662
"142","Lacari","Mordhau",886,3.8217512141996,"partner",50330612
"143","Lethalfrag","Spelunky",874,53.6384061853091,"partner",2580864
"144","Hitch","Just Chatting",874,5.09286232531071,"partner",700549
"145","Ramee","Grand Theft Auto V",874,5.88564010308848,"affiliate",8319
"146","trashkatz","NBA 2K19",873,1.80730676975515,"partner",1778509
"147","SoyPan","Just Chatting",861,21.5717395186424,"partner",17740958
"148","iateyourpie","Super Smash Bros. Melee",842,2.57036260333326,"partner",3227816
"149","Pestily","Escape From Tarkov",841,1.30702926999993,"partner",205145
"150","barboysa","Just Chatting",839,2.11036260333326,"partner",2557031
"151","Bustin","Just Chatting",822,54.855089533329,"affiliate",4055
"152","retrocatchdubs","Fortnite",821,1.23452926999993,"partner",6164731
"153","阿土","Grand Theft Auto V",820,2.07036260333326,"partner",82581745
"154","Amouranth","ASMR",802,25.355089533329,"affiliate",506350
"155","red_machine777","Dota 2",801,2.152862880826,"partner",32676414
"156","BASETRADETV","StarCraft II",789,4.19841843638155,"partner",5217895
"157","DumbDog","Escape From Tarkov",786,9.90675176971489,"partner",566447
"158","Tanovich","Grand Theft Auto V",775,1.73091843638155,"affiliate",2396281
"159","velvet_7","Just Chatting",771,3.85008510304822,"partner",1440189
"160","Murda","Just Chatting",761,5.08897399193711,"partner",15776130
"161","BikeMan","Grand Theft Auto V",759,11.2717894832293,"partner",3834072
"162","악녀","Just Chatting",755,1.12897426916493,"partner",415296
"163","MattRP","Grand Theft Auto V",731,3.55841871360938,"partner",10609423
"164","Mr_Mammal","Old School RuneScape",727,5.86591871360938,"partner",2495860
"165","fluyr","Counter-Strike: Global Offensive",720,10.9267520469427,"partner",133907247
"166","OgamingLoL","NULL",697,6.17286315805382,"partner",1388911
"167","marcobc","Grand Theft Auto V",688,7.13647426916493,"streamer",19109
"168","AugustLoveGold","Dota 2",686,1.66008538027604,"partner",813969
"169","REO_MK","Mortal Kombat 11",675,4.97980788667997,"partner",5888587
"170","seucreysonreborn","Dota 2",674,3.34425233112441,"partner",658173
"171","smugdabeasttv","Street Fighter V",655,1.14508566445774,"partner",1132436
"172","지수소녀","League of Legends",654,2.04175233112441,"streamer",633
"173","sanekkk123","Slots",654,17.5775856644577,"partner",979445
"174","R9Rai","FIFA 19",651,2.10036344223552,"partner",1582578
"175","헤징","League of Legends",648,1.53980788667997,"affiliate",41655
"176","zwave69","Grand Theft Auto V",647,8.24869677556886,"partner",695408
"177","Tourva","Call of Duty: Black Ops 4",646,4.14841928415828,"partner",4765554
"178","SsQRush","World of Warcraft",645,1.76814150638051,"partner",4262910
"179","Oatsngoats","The Legend of Zelda: Ocarina of Time",645,3.51369706193606,"partner",582855
"180","Roxy_Rose","Dauntless",645,3.55008595082495,"partner",7983941
"181","FireDragon","Luigi's Mansion",644,3.65453039526939,"affiliate",12694
"182","haytchkay","Just Chatting",641,2.09786372860273,"streamer",10223
"183","warriors_vs_raptors_24","NBA",635,1.12837163683993,"partner",6112943
"184","Matimi0","Tom Clancy's Rainbow Six: Siege",632,2.81564176970058,"partner",2680092
"185","OhTofu","Dead by Daylight",621,3.07758621414502,"partner",1461792
"186","Waggle","Path of Exile",612,8.63841954747836,"partner",7675061
"187","Blondiewondie","Just Chatting",601,6.23869732525614,"partner",2943109
"188","runitup247","Poker",595,10.7961973252561,"partner",2380891
"189","travisgafford","League of Legends",590,57.0051728487015,"partner",9962971
"190","themattayahu","Just Chatting",590,3.87203065858947,"partner",870357
"191","Joana","World of Warcraft",587,4.82703065858947,"affiliate",6986
"192","ciserion","Fortnite",584,2.88953095085091,"partner",10646829
"193","Alfie","Old School RuneScape",582,6.05508650640647,"partner",19977807
"194","DarkarCompany","Art",573,2.34925317307313,"affiliate",18665
"195","HypeBeastJames","World of Warcraft",573,2.50175317307313,"streamer",7636254
"196","pava","PLAYERUNKNOWN'S BATTLEGROUNDS",566,5.99869761751758,"affiliate",872661
"197","KISSRADIO_FM997","Music & Performing Arts",566,7.37453095085091,"partner",2312604
"198","YourPrincess","League of Legends",565,7.07897539529536,"partner",944540
"199","xduracel","Summoners War: Sky Arena",564,5.11064206196202,"partner",75199738
"200","FortyOne","Grand Theft Auto V",530,7.04832797778977,"partner",1206456
"201","HypeBeastJames","World of Warcraft",529,2.70499464445644,"affiliate",18697
"202","LiveattheBike","Poker",527,3.31582797778977,"streamer",2061264
"203","Swag_Dracula","Dead by Daylight",524,2.70249464445644,"partner",2187772
"204","nba_stream_4k","NBA 2K19",509,21.216345334053,"streamer",24360
"205","ciserion","Fortnite",507,3.09277242223422,"affiliate",7009
"206","febbydoto","Dota 2",507,4.81138353334533,"partner",1579504
"207","Metaphor","League of Legends",497,1.51110604498121,"partner",1885431
"208","FemSteph","Apex Legends",495,2.2374949338701,"partner",6676496
"209","Luken","Counter-Strike: Global Offensive",494,36.6830293655396,"partner",433778
"210","웁_게임방송","Just Chatting",491,40.7496960322062,"partner",10039543
"211","Farees","Grand Theft Auto V",489,8.26555048942566,"affiliate",45828
"212","GGwpLanaya","Dota 2",488,4.23027271164788,"partner",5828884
"213","Yogscast","Minecraft",487,8.79416160053677,"partner",107880274
"214","eskobartv","Dota 2",485,5.01332826720344,"affiliate",595834
"215","Keeyuh","The Sims 2",483,56.4996960322062,"partner",310856
"216","QTCinderella","Just Chatting",482,1.64193964136971,"partner",319824
"217","AnEternalEnigma","Marbles On Stream",481,2.7308285302586,"partner",498336
"218","Savix_Tv","World of Warcraft",481,4.98916186359194,"partner",1708674
"219","SHiFT","SpongeBob SquarePants: Battle for Bikini Bottom",479,3.08721741914749,"partner",3724942
"220","voicetv","NULL",477,11.0538840858142,"partner",2815892
"221","CmdKrieger","Just Chatting",473,9.86138408581416,"partner",6807964
"222","tkhaf","Fortnite",466,5.11638408581416,"affiliate",34492
"223","tncnn","Just Chatting",461,58.8163784821828,"streamer",560
"224","JimRsNg","StarCraft II",458,1.39527297470305,"partner",3573335
"225","Pace22","Sea of Thieves",456,3.41277297470305,"partner",2169209
"226","EdgarMTG","Magic: The Gathering",455,4.23693964136971,"streamer",4158
"227","korea999","NULL",454,2.05693991919359,"streamer",295086
"228","Dracon","FINAL FANTASY XIV Online",450,2.04027325252692,"partner",3905725
"229","WingsOfRedemption","Tom Clancy's Rainbow Six: Siege",448,2.51888436363803,"partner",2608008
"230","Spofie","FINAL FANTASY XIV Online",448,2.85943991919359,"partner",3763911
"231","Mitchflowerpower","Super Mario World",447,3.73860658586025,"partner",3563930
"232","swimstrim","Dota Underlords",447,7.54777325252692,"partner",4338504
"233","Eduardo_Hook ","Dragon Ball FighterZ",445,2.99138436363803,"partner",853497
"234","kadelo","Grand Theft Auto V",443,6.38693991919359,"partner",378877
"235","SandyRavage","MLB The Show 19",442,4.47471797472901,"partner",7086857
"236","slotsnhotty","Slots",437,11.0305513080623,"streamer",419
"237","RandomBruceTV","League of Legends",436,7.50888464139567,"partner",3226801
"238","Boneclinks","Just Chatting",436,9.08194019695123,"partner",2165626
"239","CinnamonToastKen","Grand Theft Auto V",434,7.86249575250679,"partner",4732285
"240","ProblemWright","Fortnite",434,16.0305513080623,"partner",4051197
"241","LuCKyy10p","Destiny 2",427,10.0138846413957,"partner",5506975
"242","마골","Path of Exile",427,11.7424957525068,"streamer",259884
"243","獅子丸","League of Legends",419,45.0497618317604,"partner",3662525
"244","Selkie_Smooth","Just Chatting",419,2.48666269719601,"affiliate",263370
"245","Mikasa_th","Dota 2",418,5.7805515860849,"partner",1130683
"246","Animeislove2","Just Chatting",414,2.01582936386267,"affiliate",1206
"247","Leffen","Super Smash Bros. Melee",412,11.0872182527516,"partner",7536626
"248","EsquadraoMAV","Resident Evil 4",410,7.0330515860849,"partner",4727853
"249","guccislots","Slots",410,22.5949960305293,"streamer",7417
"250","StephenIRL","Just Chatting",409,31.1497618317604,"partner",2347330
"251","Willokhlass","Fortnite",407,2.94249603052934,"partner",769993
"252","theRealShooKon3","Just Chatting",407,3.07166297528479,"partner",4611963
"253","3Gamings","Fortnite",405,54.416445183754,"partner",245576
"254","sasa","League of Legends",402,3.42638519750701,"partner",5348449
"255","JChannel","Talk Shows & Podcasts",400,1.12449058693316,"partner",3666598
"256","Umbra","Dead by Daylight",399,2.00694075306257,"partner",368049
"257","BreadBoysOfficial","Enter the Gungeon",397,1.21360741972923,"affiliate",3627
"258","Surskity","Grand Theft Auto: San Andreas",395,8.95805186417368,"partner",2155448
"259","Tancan","Special Events",394,3.38666297528479,"partner",119167
"260","SaltyBet","M.U.G.E.N",390,3.04221853084034,"partner",28882161
"261","lord_of_dice","Slots",390,1.14905078368055,"streamer",6623
"262","Roflgator","VRChat",388,1.29527436388863,"partner",2112690
"263","azvlondon","Slots",388,17.9188854749997,"streamer",449
"264","ClovaoBengala","Battalion 1944",388,11.1291632527775,"partner",1448622
"265","PrisonLeprechaun","Just Chatting",387,17.7497951666514,"streamer",246
"266","nb_za","NULL",387,7.30388547499975,"streamer",199368
"267","tipsoutbaby","World of Warcraft",385,54.4831284999847,"partner",1555003
"268","OhDough","Dauntless",384,3.86416353027026,"affiliate",134350
"269","Matts","Tibia",383,5.97583019693693,"partner",1352658
"270","YuriJoa","Life Is Strange",382,3.28527464138137,"partner",755425
"271","MYM_ALKAPONE","Free Fire: Battlegrounds",380,14.6164784828822,"partner",34470087
"272","karljobst","GoldenEye 007",380,3.36416353027026,"partner",393760
"273","SymbolK_xD","Slots",379,2.89138575249248,"streamer",8661
"274","CarlosStory","NBA 2K19",378,18.9498118162155,"partner",1159157
"275","k13tv","Dota 2",378,1.81833019693693,"partner",4589660
"276","jdcr","Tekken 7",375,35.6331451495488,"partner",580780
"277","usedpizza","The Legend of Zelda: A Link to the Past",374,3.66333019693693,"partner",1742098
"278","Afro","Grand Theft Auto V",368,1.06860825306839,"partner",979244
"279","Sonecarox","Dota Underlords",362,9.07944158640173,"partner",10502712
"280","cryptovova","Slots",362,1.58974525128526,"streamer",828
"281","Overclocked_GG","Super Smash Bros. Ultimate",361,3.94110825306839,"affiliate",8664
"282","Arthars","FINAL FANTASY XIV Online",359,2.25277491973506,"partner",1407488
"283","valeriexo","Just Chatting",358,1.04416380862395,"streamer",587
"284","Sorurinn","League of Legends",358,2.88555269751284,"partner",205333
"285","SpeedGaming","The Legend of Zelda: A Link to the Past",356,4.23499714195728,"partner",17607813
"286","m989876525","Hearthstone",350,3.49444158640173,"partner",5890934
"287","bchillz","Splitgate: Arena Warfare",349,13.5302749197351,"partner",3956796
"288","TedNivison","Minecraft",347,4.42944158640173,"affiliate",135557
"289","dammit2hell","Borderlands 2",347,5.06083075278335,"partner",789604
"290","루다님_","PLAYERUNKNOWN'S BATTLEGROUNDS",346,2.85194186389446,"partner",5031603
"291","saintvicious","Auto Chess",341,4.21999741945002,"partner",41186140
"292","Failstream","Super Mario Maker",341,3.4952751972278,"partner",955339
"293","chapo","Smite",339,2.77888630833891,"partner",1918823
"294","FangameMarathon","I Wanna Be The Guy",339,9.31194186389446,"partner",116690
"295","knees0weak0arms0heavy","NULL",339,1.84709479988449,"streamer",26304
"296","Koogs46","MLB The Show 19",335,1.54110853056113,"partner",107444
"297","大天神","League of Legends",335,2.33833075278335,"partner",13854261
"298","robi","World of Warcraft",334,5.02360853056113,"partner",4557215
"299","lupower23","PLAYERUNKNOWN'S BATTLEGROUNDS",333,31.9165118336678,"partner",917493
"300","TheAdapting","Smite",321,1.17029240224097,"partner",2214103
"301","RedBerto","League of Legends",320,2.05695906890763,"partner",532443
"302","FistofTheWalrus","Cooking Simulator",319,7.84584823555417,"partner",3019521
"303","kungfufruitcup","Just Dance 2019",318,2.76945934666528,"partner",3634867
"304","SpeedGaming","The Legend of Zelda: A Link to the Past",318,4.50529267999861,"partner",17607813
"305","FriendlyBaron","Grand Theft Auto V",314,6.33584823555416,"partner",233541
"306","DEATHSIE","Magic: The Gathering",313,1.24445934666528,"partner",447834
"307","lelisdota","Dota 2",311,2.51362601333194,"partner",530505
"308","PhantonicGaming","Fortnite",310,1.79584823555417,"affiliate",3908
"309","gsxrclyde","Destiny 2",308,7.49973712444305,"partner",1233216
"310","DeriumsPokemon","Pokémon Trading Card Game",307,4.30834823555417,"partner",831712
"311","more_the_text","Auto Chess",305,6.18834823555417,"streamer",1129
"312","Dratnos","World of Warcraft",304,2.59390379110972,"affiliate",364201
"313","FakeUniforM","Black Desert Online",303,6.94418184664514,"partner",1733861
"314","GirlOfNox","Fortnite",300,3.07779295775625,"partner",410823
"315","josave11w","Grand Theft Auto V",299,1.10418184664514,"affiliate",69682
"316","supercool42_","LEGO Star Wars: The Complete Saga",298,5.39945962442292,"partner",100056
"317","girlfriendreviews","Cadence of Hyrule – Crypt of the NecroDancer Featuring The Legend of Zelda",297,59.4175774653753,"partner",336241
"318","지니어스매드","Path of Exile",297,4.1197374022007,"partner",1468573
"319","TedNivison","Minecraft",297,4.6997374022007,"affiliate",135557
"320","Swagger","PLAYERUNKNOWN'S BATTLEGROUNDS",296,13.8139040688674,"partner",2628403
"321","QUEPAVADASPRO","Fortnite",292,5.18529295775625,"partner",365145
"322","iamtrevormay","Rocket League",290,2.05057073553403,"partner",1264285
"323","BierbankB","PLAYERUNKNOWN'S BATTLEGROUNDS",290,11.4858487914006,"partner",1857081
"324","chilenext","NULL",289,23.607793235845,"streamer",120293
"325","MitsukiBb","Just Chatting",288,2.12890434695615,"affiliate",64887
"326","GameAttackTeam","The Legend of Zelda: Breath of the Wild",288,2.49390434695615,"partner",1586393
"327","paniniamerica","FIFA 19",287,1.85557101362281,"affiliate",16730
"328","vector","Raft",287,4.10529323584504,"partner",1053089
"329","DamienHaas","Pokemon: Let's Go, Pikachu!/Eevee!",285,1.84751545806726,"partner",94439
"330","eskobartv","Dota 2",281,5.28362656917837,"affiliate",595834
"331","FunGoose","Deluded Mind",281,7.2219599025117,"partner",496882
"332","Lawlman","Escape From Tarkov",280,56.6009274840355,"partner",788630
"333","Yanni","Fortnite",280,4.48890434695615,"partner",1238775
"334","Ninja614","The Elder Scrolls Online",280,4.62696018026935,"partner",1118243
"335","ZeddyHS","Hearthstone",279,4.96362684693601,"partner",380876
"336","BeyondTheSummit","Dota 2",278,5.78446018026935,"partner",391251684
"337","Hungry","Food & Drink",278,21.3402935136027,"partner",19890951
"338","3CatsWatchingTopGun","NULL",277,2.33918240249157,"partner",80086
"339","MintMadCow","Old School RuneScape",277,3.88779351360268,"partner",1942804
"340","DaddyDimmuTV","MLB The Show 19",276,2.25140462471379,"partner",244926
"341","Teddy_RecKs","Call of Duty: Black Ops 4",275,2.94334906915824,"partner",1671807
"342","TheAsianAvenger","Magic: The Gathering",274,1.28029351360268,"partner",631635
"343","Rojankhzxr","Just Chatting",273,7.87057129138046,"partner",4402949
"344","DutchsinseOfficial","Science & Technology",273,8.1450157358249,"affiliate",2434188
"345","asiafm","Music & Performing Arts",272,9.94584934691588,"streamer",102516
"346","Bean","World of Warcraft",271,4.84584934691588,"partner",2405091
"347","HCJustin","Tom Clancy's Rainbow Six: Siege",271,10.8152937913603,"partner",2275994
"348","Enchatin","Auto Chess Mobile",270,3.25584934691588,"partner",2258500
"349","K1LLa93","Call of Duty: Black Ops 4",269,7.1605715691381,"partner",5096418
"350","DigiiTsuna","Grand Theft Auto V",268,18.9114049024714,"affiliate",131179
"351","DisbeArex","DayZ",268,8.58751601358255,"partner",2432556
"352","PizzaHS","Hearthstone",268,3.97140490247144,"partner",584583
"353","UnsanityLIVE","Fallout 76",267,1.96084934691588,"partner",4321288
"354","MadSeasonShow","World of Warcraft",267,52.8176274816195,"partner",99214
"355","Aurateur","Metroid Prime 3: Corruption",266,1.09584962473975,"partner",4488482
"356","bebe872","Auto Chess",265,1.79223851362864,"partner",67218
"357","Ambish","Just Chatting",265,51.3343108177185,"partner",1565748
"358","Hyphonix","Jump King",265,1.73723851362864,"affiliate",3742521
"359","LittleMelina","Art",263,1.33751629140642,"streamer",7859
"360","LeXCS","Battalion 1944",263,5.0002940691842,"partner",2697331
"361","iaaras2","Just Chatting",263,6.58057184696198,"partner",1127888
"362","iHatsue","Grand Theft Auto V",261,3.12751629140642,"affiliate",188478
"363","KelseyDangerous","Sea of Thieves",258,1.78251629140642,"partner",225952
"364","spoonee","Cadence of Hyrule – Crypt of the NecroDancer Featuring The Legend of Zelda",258,3.30140518029531,"partner",490854
"365","Mysterionsito","Grand Theft Auto V",256,1.55140545805295,"partner",913913
"366","jfavignano","Grand Theft Auto V",256,51.5509941498439,"partner",362729
"367","KHTEX","Counter-Strike: Global Offensive",255,47.8176608165105,"partner",5963923
"368","heavyRainism","PLAYERUNKNOWN'S BATTLEGROUNDS",254,20.5676608165105,"partner",801532
"369","Jabroni_Mike","Cadence of Hyrule – Crypt of the NecroDancer Featuring The Legend of Zelda",254,4.27890545805295,"streamer",43325
"370","gen_ww","NULL",254,8.11807212471962,"partner",1960918
"371","NrageGaming","FINAL FANTASY XIV Online",254,13.8358499024974,"partner",888740
"372","Takahata101","WWE 2K19",253,2.91529434694184,"affiliate",65811
"373","aa_s_4_quitters","Realm Royale",253,6.69918323583073,"affiliate",53803
"374","OGJudas","Battalion 1944",251,2.84973879138629,"affiliate",253751
"375","its_WiKeD","Apex Legends",251,7.32723906914393,"affiliate",68453
"376","VintageRoom","Music & Performing Arts",248,17.3991835135884,"affiliate",13371
"377","fakkfakk","Overwatch",248,3.25918351358838,"affiliate",25203
"378","Druwa1119","Path of Exile",247,3.47973906914393,"partner",1597003
"379","limit_maximum","World of Warcraft",247,5.02696129136615,"partner",818025
"380","DeiaCassali","Grand Theft Auto V",246,4.72473906914393,"partner",2582400
"381","재슥짱","Warcraft III: The Frozen Throne",245,1.84835018025504,"affiliate",357490
"382","JadetheJaguar","Just Chatting",245,2.77307240247726,"affiliate",1733855
"383","2sick4drama","Just Chatting",243,35.2010108153025,"partner",1768101
"384","SmoothMcGroove","World of Warcraft",241,2.04973906914393,"partner",2608797
"385","GCDTV","World of Warcraft",241,8.17168351358838,"partner",1647657
"386","Framed","Old School RuneScape",240,3.5447393469678,"affiliate",7654
"387","macarenabr","Albion Online",240,3.64085045807891,"streamer",443
"388","vitussbritvakww","Slots",239,20.1172393469678,"affiliate",26575
"389","EndoZoa","The Elder Scrolls: Legends",239,4.03890601363447,"partner",19338444
"390","Fonbet_NHL","NHL 17",239,14.61446156919,"partner",4372817
"391","OverBoredGaming","Pathfinder: Kingmaker",239,10.4733504580789,"partner",690003
"392","keviseeb","World of Warships",238,3.20418379141225,"partner",571654
"393","AdamVsEverything","Darkest Dungeon",238,3.53807268030114,"streamer",7602885
"394","마리","Just Chatting",237,1.33529490252336,"partner",1245619
"395","Sunlight","Dota 2",236,6.79529490252336,"partner",7869473
"396","PrisonLeprechaun","Just Chatting",235,33.9676941514015,"affiliate",298404
"397","Zombie_Barricades","Grand Theft Auto V",235,3.14973962472545,"partner",1239631
"398","Roxy_Rose","Dauntless",223,4.2608039689064,"partner",591065
"399","으음㈜","Games + Demos",223,19.678859524462,"streamer",1230195
"400","AngryTestie","Heroes of Newerth",222,11.8919150800175,"partner",40502946
"401","Monstercat","Music & Performing Arts",222,1.76968627648221,"partner",26247781
"402","SHP_TV","ATLAS",221,7.23413730223974,"partner",818836
"403","VaiyneTV","PLAYERUNKNOWN'S BATTLEGROUNDS",220,2.40163730223974,"affiliate",40785
"404","Reapered","League of Legends",220,30.2149048010508,"partner",3351747
"405","iHatsue","Grand Theft Auto V",220,3.36469285779529,"affiliate",189045
"406","Druwa1119","Path of Exile",220,3.71691535751025,"affiliate",25294
"407","Veritas","Mordhau",220,5.54108202417692,"partner",1010232
"408","CryptoTradersTV","Crypto",220,1.94476730656293,"partner",1575220
"409","Kalei","Just Chatting",219,55.3649214506149,"partner",1019500
"410","VintageRoom","Music & Performing Arts",219,17.6363598019547,"affiliate",68466
"411","Blinky_plz","Overwatch",218,1.15774869084358,"partner",662366
"412","b4nny","Team Fortress 2",217,2.29941535751025,"partner",4383482
"413","GCDTV","World of Warcraft",217,8.40885980195469,"partner",2608905
"414","Ekuegan","Destiny 2",217,9.08163785749012,"partner",1540636
"415","ivensjs","Just Chatting",216,3.41969341304567,"affiliate",69983
"416","istakoski","League of Legends",215,2.36747119082345,"partner",207990
"417","NeoticaCH","Dota 2",214,2.15774896860123,"partner",5077351
"418","mattjestic_gaming","Auto Chess",213,1.76469341304567,"partner",50365
"419","Maynarde","StarCraft II",213,4.55247119082345,"partner",1128690
"420","Goratha","Path of Exile",213,8.26441563526789,"partner",261993
"421","mopioid","NULL",212,3.49830452415678,"partner",424829
"422","Elegy","Cadence of Hyrule – Crypt of the NecroDancer Featuring The Legend of Zelda",212,4.875526746379,"partner",6239909
"423","OGJudas","Battalion 1944",211,3.08691563526789,"affiliate",53883
"424","Fasffy","Deathgarden",211,1.43024896860123,"partner",1038756
"425","AverageAden","Apex Legends",210,1.37675807045014,"affiliate",142614
"426","TRUvoodoo","World of Tanks",209,2.46386035746998,"partner",297965
"427","Coestar","Tom Clancy's Rainbow Six: Siege",209,3.5935825796922,"partner",3229460
"428","QuissyTV","World of Warcraft",209,5.07469369080332,"affiliate",149181
"429","마리","Just Chatting",208,1.57247146858109,"streamer",7603203
"430","vitussbritvakww","Slots",208,20.3544159130255,"streamer",449
"431","SeriousGaming","Just Chatting",205,4.07636035746998,"partner",39343480
"432","ceriam","EarthBound",205,4.25219369080332,"partner",197979
"433","Itexo","Tibia",205,6.17636063529385,"partner",901105
"434","Natsumiii","Auto Chess",205,6.29469396862719,"partner",5502437
"435","BadBunny","Minecraft",205,8.26858285751608,"partner",3515087
"436","Japan_ASMR","ASMR",205,11.167471746405,"partner",809627
"437","GrimmyBear","Dead by Daylight",204,2.24913841307163,"partner",5039639
"438","MittensGG","Rocket League",204,1.67358285751608,"partner",207234
"439","armatvhs","Hearthstone",203,2.32608285751608,"partner",45515259
"440","Famous_Pkers","Old School RuneScape",203,4.38136063529385,"affiliate",12148
"441","風華","Black Desert Online",202,2.08052757971817,"partner",1666146
"442","Patty","Void Bastards",201,1.22441646860705,"partner",3995055
"443","REENCABJ","Grand Theft Auto V",201,6.6963609130515,"partner",303802
"444","AlexandraBotez","Fortnite",200,23.7649881164233,"partner",2930271
"445","xxxDESPERADOxxx","Super Mario Maker",200,1.69858313527372,"partner",2177207
"446","MissSykeology","ASMR",200,1.76608313527372,"partner",389541
"447","Empyriangaming","Path of Exile",200,3.71108313527372,"partner",4188603
"448","SamDaDude","Smite",199,4.32524980194039,"partner",1217140
"449","Wavy","Cadence of Hyrule – Crypt of the NecroDancer Featuring The Legend of Zelda",199,3.52413869082928,"partner",3937224
"450","2SoonBoon","Escape From Tarkov",198,3.8563609130515,"affiliate",229743
"451","T1Riot","Destiny 2",197,4.43997230192026,"partner",775875
"452","emorsomething","Minecraft",196,52.6983381152153,"streamer",6913
"453","Mani","NBA 2K19",196,1.51997230192026,"partner",159733
"454","Abisxoxo","Dark Souls III",196,5.53386119080914,"partner",192132
"455","xSkyKing","Epic Seven",195,2.36219452414248,"partner",90228
"456","nat_011","NULL",195,7.87386119080914,"streamer",111493
"457","BreakinSkullz","Escape From Tarkov",194,1.66636119080914,"partner",1574250
"458","ErasusPlay","League of Legends",194,2.62719452414248,"partner",714433
"459","XuxaTV","Black Desert Online",194,3.35080563525359,"partner",421876
"460","chessbrah","Fortnite",193,25.365004781882,"partner",10136330
"461","realregime","Fortnite",193,2.66608341303137,"affiliate",13381
"462","aliicetinkaya","Grand Theft Auto V",193,5.67636146863302,"affiliate",55621
"463","Dimitri","Barotrauma",193,3.12580591307746,"partner",1005877
"464","hhjj_wq","NULL",192,23.0483547846476,"streamer",123430
"465","elpina022","Fortnite",192,1.96080591307746,"streamer",25340
"466","FlareRDB","Monopoly",192,2.95886146863302,"partner",5069001
"467","goreckitv","World of Warcraft",191,2.09691702418857,"partner",1347287
"468","twocansamttv","Call of Duty: Black Ops 4",191,4.34358369085524,"affiliate",2809
"469","MiqzahHD","Minecraft",191,4.67136146863302,"affiliate",22589
"470","Rayuur","Minecraft",191,7.57719480196635,"partner",1666376
"471","BianquiRB","Grand Theft Auto V",191,9.45691702418857,"affiliate",40206
"472","이곰이","World of Warcraft",190,4.07525035752191,"partner",177896
"473","dotamara2","Just Chatting",189,28.715038116773,"partner",326874
"474","Jabroni_Mike","Cadence of Hyrule – Crypt of the NecroDancer Featuring The Legend of Zelda",189,4.51608396861288,"partner",801595
"475","Tiffae","Fortnite",188,1.67052841305733,"partner",2263474
"476","VantaJay","Danganronpa: Trigger Happy Havoc",188,3.62969507972399,"partner",1194076
"477","LeXCS","Quake Champions",188,5.23747285750177,"partner",2697907
"478","bitcoinstrategy","Slots",188,9.83663952416844,"streamer",11265
"479","Abyss","Old School RuneScape",187,42.215038116773,"partner",1822349
"480","Wyld","The Elder Scrolls V: Skyrim",187,3.07080619083511,"partner",10120188
"481","kaitlyn","Tom Clancy's Rainbow Six: Siege",187,4.87108396861288,"partner",5697126
"482","wagaofps","Tom Clancy's Rainbow Six: Siege",185,28.915038116773,"partner",101606
"483","StreamerHouse","Fallout 76",184,1.61469535748164,"partner",55131201
"484","RussianElite77","Dota 2",184,5.6088620241483,"affiliate",2916
"485","nonttanont","Conan Exiles",183,23.098388115565,"affiliate",149868
"486","CanalTotorial","Just Chatting",182,2.62441757970386,"partner",603965
"487","威傅","Hearthstone",182,2.55525091303719,"partner",2631798
"488","SNOWSOS","VRChat",181,1.62608424637053,"partner",406203
"489","theRyu7z","Counter-Strike: Global Offensive",181,2.84913980192608,"partner",2840983
"490","InexpensiveGamer","FINAL FANTASY XIV Online",181,4.24691757970386,"partner",3918670
"491","KristoferYee","Just Chatting",180,1.07663980192608,"partner",58244
"492","metaphorsx","World of Warcraft",180,2.14747313525942,"partner",865541
"493","Teddy_RecKs","Call of Duty: Black Ops 4",179,26.2317214488983,"partner",1672094
"494","SovetnikTV","PLAYERUNKNOWN'S BATTLEGROUNDS",179,3.27441757970386,"affiliate",70205
"495","GP_TV","Dollhouse",179,3.57747341308329,"partner",1330071
"496","StreamDad_","Dead by Daylight",179,5.94552896863884,"partner",1054683
"497","JulesJstar","Splatoon 2",178,1.47025119086107,"streamer",8924
