"","Name","Game","Current Views","Current Duration","Broadcaster Type","Total Views"
"1","TSM_Hamlinz","Fortnite",28517,1.52979325970014,"partner",22551953
"2","shroud","Fallout 76",28144,7.91562853693962,"partner",318644902
"3","Lord_Kebun","Grand Theft Auto V",18645,4.01229520360629,"partner",9827881
"4","xQcOW","Cat Goes Fishing",15599,11.4609065928062,"partner",69956346
"5","fextralife","Fallout 76",14191,2.49868437058396,"partner",214716857
"6","btssmash","Super Smash Bros. Melee",13828,1.46793129321878,"partner",5998079
"7","SuperMCGamer","The Legend of Zelda: Skyward Sword",11159,5.57285103725062,"partner",39046070
"8","Rakin","NULL",9672,2.05646214836174,"partner",34310743
"9","summit1g","World of Warcraft",9106,5.66396214836174,"partner",294245065
"10","Nightblue3","League of Legends",9036,5.36923992613951,"partner",211391539
"11","nl_Kripp","Hearthstone",8805,1.49951798141003,"partner",220870069
"12","Mizkif","Jump King",8028,5.58007353696558,"partner",4925573
"13","dasMEHDI","Grand Theft Auto V",7840,9.59396242585447,"partner",9139118
"14","SkipNhO","Just Chatting",7812,5.20785131474336,"partner",44027551
"15","Vinesauce","Trash",7620,39.7544122179349,"partner",29190443
"16","Chap","Fortnite",7572,5.65507353696558,"partner",18647778
"17","Destiny","Just Chatting",7077,3.46285131474336,"partner",92868788
"18","AZ_Axe","Super Smash Bros. Melee",6717,11.2014627036121,"partner",642424
"19","72hrs","Fortnite",6401,7.71590714805656,"partner",11876572
"20","Voyboy","League of Legends",6073,4.63701825916767,"partner",120289554
"21","livekiss","Music & Performing Arts",5853,4.000351592501,"partner",10457624
"22","masondota2","Dota 2",5281,5.65729603694545,"partner",1958858
"23","elded","Fortnite",5205,1.61840714805656,"partner",20668473
"24","Trainwreckstv","Just Chatting",4897,47.7877622167269,"partner",11312562
"25","gaules","Counter-Strike: Global Offensive",4605,4.28507409248087,"partner",49503423
"26","Trick2g","League of Legends",4202,5.39451853692532,"partner",139984186
"27","침착맨","Just Chatting",4192,3.7134074258142,"partner",18157074
"28","Scarra","Auto Chess",4191,5.11201853692532,"partner",73573366
"29","LosPollosTV","NBA 2K19",4129,1.36951853692532,"partner",5364694
"30","PaymoneyWubby","Just Chatting",4120,4.01174075914754,"partner",1481501
"31","RiceGum","Fortnite",4060,1.40174075914754,"partner",3373351
"32","cdewx","World of Warcraft",3882,1.7959074258142,"partner",36256563
"33","Zizaran","Path of Exile",3839,4.23896325919363,"partner",27206682
"34","Flanalistaa","League of Legends",3772,2.46868548141585,"partner",1905007
"35","Jerma985","The Movies",3758,5.56729659252697,"partner",7410017
"36","Akytio","Fortnite",3562,51.8544622182846,"partner",2383517
"37","swag_","Fortnite",3484,7.1356299258603,"partner",678703
"38","AsmodaiTV","Hearthstone",3463,3.95007437030474,"partner",21018176
"39","KingGeorge","Tom Clancy's Rainbow Six: Siege",3414,2.40035214808252,"partner",11174540
"40","Distortion2","Sekiro: Shadows Die Twice",3313,12.1397968708144,"partner",15697788
"41","ZeRo","Conker's Bad Fur Day",3311,6.12535242636999,"partner",12620346
"42","Strippin","Pokémon Black/White Version 2",3195,3.13313020414776,"partner",17440393
"43","Calebhart42","Final Fantasy VII",3179,10.1870190930367,"partner",15563366
"44","cscoop","Minecraft",3079,9.13840798192554,"partner",415419
"45","NeVeR_LosEs","League of Legends",3019,1.54729687081443,"partner",20155038
"46","koil","Grand Theft Auto V",2857,1.28785242636998,"partner",9085296
"47","Kiwo","Grand Theft Auto V",2802,8.85757464859221,"partner",10022746
"48","Vargskelethor","Snowman from Russia",2754,2.19507492582003,"partner",6034312
"49","Surskity","Just Chatting",2730,2.31813048137559,"partner",2176930
"50","阿土","Grand Theft Auto V",2710,3.84340825915337,"partner",6241573
"51","Timmac","Grand Theft Auto V",2667,4.34646381470892,"partner",14355435
"52","BobRoss","Art",2618,9.64646381470892,"partner",27588666
"53","렘쨩","Minecraft",2599,3.2292415924867,"partner",4407219
"54","GuardianCon","Fortnite",2564,28.321178885301,"partner",13040934
"55","chocoTaco","Fortnite",2527,3.77674187031057,"partner",28081612
"56","SolaryFortnite","Fortnite",2514,5.59646409253279,"partner",51483143
"57","Beaulo","Tom Clancy's Rainbow Six: Siege",2395,48.8545122186343,"partner",2710852
"58","Criken","Pokémon Black/White Version 2",2362,2.31646409253279,"partner",10988632
"59","sinatraa","Overwatch",2358,2.84090853697724,"partner",4527990
"60","moistcr1tikal","Rocket League",2334,2.02785298142168,"partner",2786668
"61","gratis150ml","The Elder Scrolls V: Skyrim",2262,2.32229742586613,"partner",46366248
"62","Amouranth","ASMR",2196,9.30785325970915,"partner",83051525
"63","Gladd","Destiny 2",2191,22.1059088152647,"partner",5458943
"64","Kaymind","PLAYERUNKNOWN'S BATTLEGROUNDS",2190,6.43257548193137,"partner",2586043
"65","AriGameplays","Minecraft",2146,1.75257548193137,"affiliate",10617844
"66","Emongg","Overwatch",2076,4.00368659304248,"partner",12939337
"67","HasanAbi","Detroit: Become Human",2037,2.81646437082026,"partner",2457566
"68","나나양","PLAYERUNKNOWN'S BATTLEGROUNDS",1912,4.51979770415359,"partner",1943824
"69","barboysa","Just Chatting",1911,3.16424214859803,"partner",224203
"70","NiceWigg","Apex Legends",1907,7.26507575915919,"partner",695777
"71","Crayator","Portal 2",1847,4.41063131471475,"partner",5876701
"72","GoldGlove","NBA 2K19",1836,1.37590909249253,"partner",60135245
"73","IamCristinini","Grand Theft Auto V",1818,9.49702020360364,"partner",4332872
"74","kyo1984123","Hearthstone",1812,4.13507575915919,"partner",36585614
"75","boxbox","Slay the Spire",1763,6.2311868702703,"partner",90898817
"76","CalebDMTG","Magic: The Gathering",1731,4.21896464804808,"partner",6482157
"77","優利","Just Chatting",1725,3.03618687027031,"affiliate",498505
"78","CDNThe3rd","Dota Underlords",1716,46.2212122162183,"partner",39310681
"79","fuslie","Just Chatting",1707,1.01340937025017,"partner",8343345
"80","wintergaming","StarCraft II",1699,3.35563159247239,"partner",25611978
"81","Grimmmz","Fallout 76",1694,3.71757603691684,"partner",43275325
"82","qSnake","Dota 2",1689,7.61063159247239,"partner",18936636
"83","pixelmonrevived","Minecraft",1669,4.42174270358351,"streamer",2242
"84","Dyrus","League of Legends",1647,2.12090937025017,"partner",218609308
"85","imaqtpie","Path of Exile",1639,13.2770204813613,"partner",316814889
"86","Weak3n","Smite",1630,3.74813159247239,"partner",3880519
"87","ZalaeHS","Hearthstone",1616,3.3764652036296,"partner",8749025
"88","elementlolz","League of Legends",1588,1.56063187029627,"partner",9244991
"89","QuarterJade","Just Chatting",1584,1.08035409251849,"partner",1886655
"90","Ness","Auto Chess",1563,6.4239652036296,"partner",11046371
"91","Alkaizerx","Path of Exile",1503,3.84479853696293,"partner",20223538
"92","red_machine777","Dota 2",1495,3.18729853696293,"affiliate",511123
"93","Pestily","Escape From Tarkov",1494,2.76729853696293,"partner",3273137
"94","BikeMan","Psychonauts",1484,2.50285409251849,"partner",15809040
"95","우정잉","Just Chatting",1468,30.3045788844426,"partner",8782956
"96","JoblessGarrett","Grand Theft Auto V",1467,4.70424325916502,"partner",2752986
"97","yamatonjp","Fortnite",1448,4.04090992583169,"partner",11727637
"98","강소연","League of Legends",1436,4.84507659249836,"partner",2478304
"99","개복어","Total War: Three Kingdoms",1402,4.75007659249836,"partner",13145834
"100","피닉스박1","League of Legends",1397,20.9984099258317,"partner",4304947
"101","JoblessGarrett","Grand Theft Auto V",1418,5.08082468363974,"partner",2752986
"102","CuteDog_","Path of Exile",1400,3.16110246141752,"partner",7827516
"103","daltoosh","Apex Legends",1390,5.38554690586196,"affiliate",461128
"104","pixelmonrevived","Minecraft",1354,4.79832468363974,"streamer",2242
"105","BeyondTheSummit","Dota 2",1321,23.7924916277991,"partner",391410044
"106","ImmortalHD","Grand Theft Auto V",1306,53.3328310012817,"partner",5166805
"107","DiNo","Grand Theft Auto V",1290,10.4491582944658,"partner",537219
"108","SaltyTeemo","League of Legends",1289,4.18526940557692,"affiliate",3844409
"109","치킨쿤","osu!",1279,1.54721385002136,"partner",7714720
"110","Mick","Grand Theft Auto V",1272,3.42499162779914,"partner",550930
"111","萌萌小蝶","League of Legends",1268,7.19332496113247,"streamer",26188308
"112","Afro","Grand Theft Auto V",1261,10.8172138500214,"partner",993510
"113","FanHOTS","Heroes of the Storm",1257,4.38665829446581,"partner",2570286
"114","MoMaN","PLAYERUNKNOWN'S BATTLEGROUNDS",1249,7.3980471833547,"partner",13114015
"115","Matimi0","Tom Clancy's Rainbow Six: Siege",1207,3.85082523889012,"partner",6130115
"116","피닉스박1","League of Legends",1207,21.3749919055568,"partner",4304947
"117","龜狗","Path of Exile",1198,16.5386030166679,"partner",14112409
"118","Razelle","Fortnite",1184,4.1961030166679,"affiliate",56212
"119","TreatzLoL","League of Legends",1180,1.97304773946603,"partner",49055
"120","개복어","Total War: Three Kingdoms",1180,5.12665885057714,"partner",13145834
"121","JeffGrossPoker","Poker",1151,10.8658255172438,"partner",3624023
"122","ScottJund","Dead by Daylight",1139,2.74915912833479,"partner",5719017
"123","TheNo1Alex","FINAL FANTASY XIV Online",1125,11.876381350557,"partner",10653066
"124","ChaseShaco","League of Legends",1121,2.60832579500145,"partner",2156075
"125","iLLeYY","NULL",1086,1.29221468389034,"partner",1199531
"126","GorilaNerd","Beyond: Two Souls",1076,7.57193718387021,"partner",5320964
"127","anarqui4","PLAYERUNKNOWN'S BATTLEGROUNDS",1040,7.54388162831465,"partner",1076834
"128","XodaLive","Auto Chess",1036,2.00221496164799,"partner",8836386
"129","DizzyKitten","FINAL FANTASY XIV Online",1021,3.03471523947186,"partner",18616954
"130","PeteZahHutt","Minecraft",1015,8.82943746169408,"partner",3017479
"131","jdotb","World of Warcraft",985,9.8141596839163,"partner",11204721
"132","ZSonicFox","Mortal Kombat 11",982,3.99193746169408,"partner",1668492
"133","TSM_TheOddOne","Super Robot Taisen T",970,5.50360440611839,"partner",206035095
"134","Dexbonus","Makers & Crafting",961,1.82193773945173,"partner",15070753
"135","Ohmwrecker","Dota Underlords",941,50.3496143658956,"affiliate",4480573
"136","Alfie","Old School RuneScape",907,50.8496143658956,"partner",10672589
"137","逼比","League of Legends",905,43.3162810325623,"partner",22540077
"138","Ramee","Grand Theft Auto V",888,4.62471607274479,"partner",764842
"139","SymbolK_xD","Slots",885,4.39388273941146,"streamer",10088
"140","Kiingtong","Minecraft",885,3.24388273941146,"partner",179761
"141","lord_of_dice","Slots",879,4.39499412914117,"streamer",7577
"142","Vovapain","Dota 2",863,8.14610524025228,"partner",3853869
"143","CasinoLocos","Grand Theft Auto V",861,9.3483274624745,"affiliate",315791
"144","BenZaie","Final Fantasy VII",855,2.26777218441168,"partner",6517962
"145","issyexouh","Old School RuneScape",844,27.0829977313677,"streamer",0
"146","Judd","Grand Theft Auto V",844,5.20471662885613,"partner",389680
"147","ShackyHD","Rust",831,10.1508277399672,"partner",6279935
"148","Anton","Minecraft",828,7.71110579556889,"partner",2863880
"149","seucreysonreborn","Dota 2",814,4.61860579556889,"partner",5896723
"150","Bugha","Fortnite",811,2.53832801779111,"partner",403239
"151","ImMarksman","Fortnite",809,2.13305051803589,"partner",4521309
"152","Wyld","Minecraft",806,5.07360607359144,"partner",10128665
"153","KYR_SP33DY","Dead by Daylight",805,31.0663644154867,"partner",4641788
"154","red_machine777","Dota 2",804,3.56388412919309,"affiliate",511123
"155","CammyCakes","Destiny 2",800,10.5622174625264,"partner",551759
"156","xLethal_Mercy","Call of Duty: Black Ops 4",769,6.66888412919309,"partner",207932
"157","SoyPan","Fortnite",760,1.75332885139518,"partner",1788919
"158","Skadoodle","Dark Souls II",757,7.03943996250629,"partner",5669249
"159","Tanovich","Grand Theft Auto V",750,2.38332885139518,"partner",579063
"160","OgamingLoL","League of Legends",738,4.94166218472852,"partner",134337211
"161","Hitch","Just Chatting",727,1.93305135111014,"partner",2610622
"162","R9Rai","FIFA 19",724,4.26055135111014,"partner",985760
"163","iateyourpie","Mafia.gg",718,1.74694023999903,"partner",17760100
"164","IFrostBolt","Destiny 2",705,9.89860718475448,"partner",1391111
"165","Wizzrobe","Super Smash Bros. Melee",692,45.1330977519353,"partner",399545
"166","FRAN","Overwatch",683,2.89388496253226,"partner",6583555
"167","Waggle","Path of Exile",679,8.33499607364337,"partner",1477759
"168","스피드소닉","Path of Exile",670,12.6761074622472,"partner",4462731
"169","ハレっち","League of Legends",669,2.51138524002499,"partner",971484
"170","ShahZaM","Counter-Strike: Global Offensive",668,3.88305190669166,"partner",3348328
"171","Aurateur","Cadence of Hyrule – Crypt of the NecroDancer Featuring The Legend of Zelda",658,1.43944107333819,"partner",4503447
"172","CarlosStory","NBA 2K19",658,2.94777440667152,"partner",1164208
"173","JimRsNg","StarCraft II",652,4.57971912887361,"partner",3588103
"174","Xposed","Call of Duty: Black Ops 4",649,3.01055246220695,"partner",3726923
"175","TehJamJar","Grand Theft Auto V",649,4.14833023998472,"partner",4692688
"176","Eduardo_Hook ","Dragon Ball FighterZ",644,2.68999690665139,"partner",860315
"177","Peixetro","Dead by Daylight",641,3.33721941974428,"partner",3198757
"178","DumbDog","Escape From Tarkov",623,3.12360830863317,"partner",5238916
"179","Audaz","Grand Theft Auto V",621,5.5694416419665,"affiliate",120204
"180","GGwpLanaya","Dota 2",620,1.83805275307761,"partner",5871934
"181","齊力斷金","Hearthstone",614,2.9111085861259,"partner",3189512
"182","Oroboro","Dead by Daylight",600,4.73388636390368,"partner",10423189
"183","DaddyDimmuTV","MLB The Show 19",596,5.12277525279257,"partner",247109
"184","PandoraCaos","Grand Theft Auto V",585,6.09444219721688,"partner",232697
"185","RyuQuezacotl","Terraria",580,2.39583108610577,"partner",6867975
"186","SavinTheBees","Super Smash Bros. Ultimate",579,2.91305330832799,"partner",1266838
"187","tkhaf","Fortnite",578,2.22555330832799,"affiliate",35621
"188","OhTofu","Dead by Daylight",576,3.29360914197233,"partner",2687590
"189","Vovo","Grand Theft Auto V",573,8.29694247530566,"partner",607908
"190","RemiTheSiren","Grand Theft Auto V",571,8.46110914197233,"partner",542380
"191","Mejash","World of Warships",567,6.32610941946507,"partner",1580089
"192","puwexil","Chrono Trigger",564,3.26305386390951,"partner",1999406
"193","k13tv","Dota 2",550,2.87027608613173,"partner",4610584
"194","SHiFT","SpongeBob SquarePants: Battle for Bikini Bottom",550,2.43055386390951,"partner",3735100
"195","pava","PLAYERUNKNOWN'S BATTLEGROUNDS",550,5.32444303082095,"streamer",7652983
"196","lupower23","PLAYERUNKNOWN'S BATTLEGROUNDS",545,2.01860969748762,"partner",924007
"197","ChOpPeRz14","Fortnite",542,3.12472080859873,"partner",364039
"198","RiffTrax","Always On",535,21.9013877527581,"partner",4497059
"199","mch_AGG","Counter-Strike: Global Offensive",532,1.59499886386924,"partner",3308087
"200","kittychipz","Dead by Daylight",532,7.48972108609147,"partner",499759
"201","eskobartv","Dota 2",522,4.14176628973749,"affiliate",610890
"202","denissniderTV","Just Chatting",520,4.4798221233156,"partner",16587202
"203","JollyWangcore","Half-Life",518,2.57537767887115,"partner",418335
"204","Shockswift11","Fortnite",517,1.92454462336169,"affiliate",107020
"205","tkhaf","Fortnite",517,2.61371129002836,"affiliate",35621
"206","DaddyDimmuTV","MLB The Show 19",516,5.51093351225058,"partner",247184
"207","Danteh","Overwatch",512,3.11093379000823,"partner",2990883
"208","ChOpPeRz14","Fortnite",507,3.51287851194541,"partner",364039
"209","LiNkzr","Overwatch",506,3.62982295638985,"partner",1298760
"210","EdgarAlanBroLIVE","Dead by Daylight",502,4.38704517861207,"partner",1146277
"211","TheGamingOwl","Fortnite",499,1.41176767859194,"partner",947975
"212","pava","PLAYERUNKNOWN'S BATTLEGROUNDS",498,5.71260101192527,"streamer",7652983
"213","Freneh","FIFA 19",493,5.45593462334739,"partner",119385
"214","FakeUniforM","Black Desert Online",492,5.40871240112517,"partner",1759409
"215","FeatureTV","Grand Theft Auto V",488,2.08315684556961,"partner",564624
"216","Sloot","World of Warcraft",486,7.34065712332726,"partner",26912670
"217","OhTofu","Dead by Daylight",481,41.906094066302,"partner",2687590
"218","FireDragon","Luigi's Mansion",478,1.55149045666059,"partner",8018264
"219","SaltyBet","M.U.G.E.N",477,1.21671720651565,"partner",28903712
"220","rodrigobugado","Tibia",472,3.43565740081999,"partner",882262
"221","3Gamings","Fortnite",470,48.1227940519651,"partner",249090
"222","Lindsan","League of Legends",468,1.4364910119772,"partner",7833771
"223","BeastQT","Escape From Tarkov",466,11.096768789755,"partner",9729596
"224","cryptovova","Slots",466,1.62501584078703,"streamer",1486
"225","SattelizerGames","Dead by Daylight",465,5.29176906777753,"partner",4579804
"226","L2ElixirLive","Lineage II",464,1.32027048197885,"streamer",65416
"227","Rojankhzxr","League of Legends",463,3.83538045638137,"partner",4415891
"228","hodgy_live9","Outlast",462,1.29843601193693,"streamer",484
"229","Roflgator","VRChat",456,2.62593628969457,"partner",2116682
"230","ForkyRL","Rocket League",455,3.2706585119168,"affiliate",112830
"231","Kreyg","Grand Theft Auto: Vice City",455,7.82454740080569,"partner",13048999
"232","themattayahu","Counter-Strike: Global Offensive",454,5.581492123074,"partner",9997355
"233","AnEternalEnigma","Fatal Frame II: Crimson Butterfly",453,3.38704767862956,"partner",502388
"234","KISSRADIO_FM997","Music & Performing Arts",442,4.776492123074,"affiliate",876497
"235","DreamHackCS","Counter-Strike: Global Offensive",442,7.00288101196289,"partner",163016277
"236","Kiaraakitty","Just Chatting",438,2.273992123074,"streamer",1327302
"237","Wipz","Cooking Simulator",438,2.30704795612229,"partner",246759
"238","DSKoopa","Just Chatting",437,2.71621462278896,"partner",421488
"239","Abyss","Old School RuneScape",435,4.29649240056674,"partner",1826110
"240","mrfreshasian","Fortnite",433,25.9228773673375,"partner",8774314
"241","Metaphor","League of Legends",433,1.80343684501118,"partner",1895446
"242","parangg","League of Legends",432,3.2431590672334,"affiliate",66292
"243","Maxylobes","Silent Hill 2",430,3.18288128945563,"partner",2369375
"244","chessbrah","NULL",430,11.3237149002817,"partner",10243525
"245","Bean","World of Warcraft",427,3.71482601139281,"partner",2431439
"246","QUEPAVADASPRO","Minecraft",427,6.53732601139281,"partner",374886
"247","YourPrincess","League of Legends",426,1.40677045583725,"partner",2334686
"248","MattRP","Grand Theft Auto V",424,2.86927045583725,"partner",424173
"249","anarqui4","PLAYERUNKNOWN'S BATTLEGROUNDS",423,7.93204823361503,"partner",1083192
"250","찹쌀유과","Just Chatting",422,2.68371490028169,"partner",474218
"251","BianquiRB","Grand Theft Auto V",418,3.53315934472614,"affiliate",45608
"252","LotsOfBunnies","Heavy Rain",416,4.34454851163758,"partner",2360518
"253","Crendor","Dota Underlords",415,52.9062440315882,"partner",8323842
"254","MintMadCow","Old School RuneScape",415,5.40343740052647,"partner",1949648
"255","marcos_tactical","Grand Theft Auto V",414,1.44788184497091,"affiliate",75608
"256","Yogscast","Minecraft",410,12.7806596227487,"partner",108020571
"257","AlexandraBotez","Chess",409,1.04065962274869,"partner",3396230
"258","Sintica","Just Chatting",404,1.13038184497092,"partner",1977837
"259","Sonecarox","Dota Underlords",402,5.37621545586321,"partner",10537078
"260","chapo","Smite",401,2.94788212252988,"partner",1924401
"261","Avenger","Friday the 13th: The Game",399,5.18927101141877,"partner",3207806
"262","Saullo","Grand Theft Auto V",399,6.60954878919654,"partner",3777977
"263","Spofie","FINAL FANTASY XIV Online",396,4.27954878919654,"partner",6007636
"264","NickiTaylor","League of Legends",395,2.62288212252988,"partner",12250813
"265","Wolfy2032","Smite",395,2.26232656697432,"streamer",165386
"266","unableToBreathe","Just Chatting",394,1.00877749584615,"affiliate",379027
"267","JadetheJaguar","Just Chatting",391,3.03927101141877,"affiliate",2469822
"268","Delt4Forc3","Dead by Daylight",390,2.75927128970623,"partner",792645
"269","dammit2hell","Borderlands 2",390,4.70038240081734,"partner",132313
"270","Clipnode","Fortnite",389,2.05871573415067,"partner",5594330
"271","Lacari","Castle Crashers",385,1.74288240081734,"partner",702921
"272","VesperArcade","Street Fighter V",384,2.92760462303956,"partner",6692108
"273","FemSteph","Raft",383,1.5109379563729,"partner",4232354
"274","Yelo","Fortnite",382,1.16010462303956,"partner",373837
"275","Umbra","Dead by Daylight",380,3.11954934530788,"partner",501094
"276","Mysterionsito","Grand Theft Auto V",380,3.74843823419677,"partner",341639
"277","Hollywood","NBA 2K19",379,3.68871601197455,"partner",29338
"278","RizRaz_","Tom Clancy's Rainbow Six: Siege",378,2.36788267864121,"partner",3641193
"279","kungfufruitcup","The Legend of Zelda: Breath of the Wild",377,3.70649378975232,"partner",297966
"280","BrettUltimus","Pokémon Black/White Version 2",376,4.27954934530788,"partner",527595
"281","Macaw45","Retro",373,4.19538267864121,"affiliate",87589
"282","Acaibear","Grand Theft Auto V",373,7.36760517835617,"partner",148299
"283","cyb3rzera","Tom Clancy's Rainbow Six: Siege",372,2.78038295613395,"partner",647612
"284","안산저격수","Overwatch",371,3.1434385116895,"partner",948189
"285","xduracel","Summoners War: Sky Arena",371,5.37454962280061,"affiliate",86473
"286","XMOTHATRUCKAX","Grand Theft Auto V",371,8.29816073391173,"partner",4328446
"287","Mew2King","The Legend of Zelda: Majora's Mask",367,3.46038295613395,"partner",3238094
"288","DarkViperAU","Grand Theft Auto V",366,3.4759385116895,"affiliate",258370
"289","its_WiKeD","Apex Legends",365,8.26343878918224,"partner",2317953
"290","WantedOW","Overwatch",360,6.29093878918224,"partner",2906064
"291","Alkan","Old School RuneScape",359,2.04371656696002,"partner",620025
"292","qudans1987","Tekken 7",358,2.41204990029335,"partner",1606781
"293","TheCompletionist","The Legend of Zelda: Ocarina of Time 3D",357,1.08399434473779,"partner",1721546
"294","GoldenTot","Beat Saber",356,4.26593878918224,"affiliate",170508
"295","CrunchyShuffles","Grand Theft Auto V",351,2.79621656696002,"partner",3756573
"296","BeagsAndJam","Battle Brothers",350,5.21927240053813,"streamer",262
"297","ch33rs670","Fortnite",348,2.55871684498257,"partner",4059785
"298","ViBElol","StarCraft II",348,3.24343906720479,"partner",137400
"299","DenWizard","NBA 2K19",348,3.25177240053813,"partner",1561502
"300","SammyboyGG","Dota 2",332,9.68550497386191,"affiliate",37199
"301","CrunchyShuffles","Grand Theft Auto V",330,3.09994941830635,"affiliate",170508
"302","Dratnos","World of Warcraft",330,5.01744941830635,"affiliate",418629
"303","Sweatcicle","Destiny 2",327,1.32744941830635,"partner",500793
"304","까막","Path of Exile",325,2.29328275163968,"streamer",978887
"305","RushIntenso","Resident Evil 2",324,4.58883830719524,"partner",3759225
"306","erastho","Just Chatting",324,7.54744941830635,"affiliate",8121
"307","generaldort","World of Warships",323,9.89300525168578,"partner",732664
"308","thenameswerqz","Fortnite",320,32.5803151011467,"streamer",1525
"309","DeriumsPokemon","Pokémon Trading Card Game",319,5.47800525168578,"partner",844296
"310","美女","Auto Chess",317,25.0969817678134,"partner",25463830
"311","NrageGaming","FINAL FANTASY XIV Online",317,14.5049496961302,"partner",1972943
"312","UL1BARRI","FIFA 19",316,3.60106080724133,"partner",304645
"313","Tonton","World of Warcraft",314,40.9969817678134,"partner",3929276
"314","CJayride","Travel & Outdoors",314,2.11244969613022,"partner",4527804
"315","Woundman","World of Warcraft",314,2.44133858501911,"partner",6026941
"316","청묘님","Black Desert Online",314,5.57856108499898,"partner",676200
"317","OverBoredGaming","Total War: Three Kingdoms",311,6.6207833072212,"partner",4396566
"318","Buerinho","League of Legends",310,1.11883886277676,"partner",1684322
"319","ㅤかの","Just Chatting",310,5.48244997388787,"partner",110696
"320","Etalyx","Enter the Gungeon",307,7.26189441833231,"partner",1572835
"321","nanerboots","Just Chatting",306,2.64967219611009,"partner",229785
"322","Voxy","Magic: The Gathering",302,4.10967219611009,"partner",103124
"323","HalieAtisuto","Just Chatting",300,2.07967219611009,"partner",2125406
"324","RocketBeansTV","Counter-Strike: Global Offensive",300,5.09356136249171,"partner",75266116
"325","ThePowerOfEvil","League of Legends",297,1.89828358471394,"partner",2432248
"326","Lifestomper","Rust",296,1.94300580693616,"partner",1691285
"327","SkorPiioN","League of Legends",295,7.14133914026949,"partner",160949
"328","chapotraphouse","Just Chatting",293,7.31272802915838,"partner",673910
"329","DEMOLITION_D","NULL",292,26.2470150828361,"partner",2570058
"330","PoliteSniper","Hearthstone",291,2.24772802915838,"partner",559176
"331","realvivien","Auto Chess",291,2.7724502513806,"partner",1019412
"332","Muffinpastrypie","Magic: The Gathering",291,4.09522802915838,"partner",378977
"333","Octopimp","Yu-Gi-Oh! Duelists of the Roses",289,2.84661719613605,"partner",2635021
"334","TrelliRelli","Smite",289,4.38883941835827,"partner",296350
"335","kaitlyn","Tom Clancy's Rainbow Six: Siege",288,3.96439497391383,"partner",5706422
"336","420jenkins","Dota 2",288,5.38995052946938,"partner",84842
"337","TwoBiers","Dota Underlords",284,9.00939497391383,"partner",2406650
"338","TheMegaMcQueen","NBA 2K19",284,1.1960616405805,"streamer",31758
"339","DarkViperAU","Grand Theft Auto V",284,3.77967275169161,"partner",3238693
"340","JocaPK","Albion Online",284,6.76078414029545,"partner",197078
"341","HCJustin","Minecraft",284,3.45911747362879,"partner",2280034
"342","katrinabaobao","Just Chatting",283,1.72050636251767,"affiliate",12591
"343","KTVSKY","Grand Theft Auto V",283,2.98245080696212,"partner",5456818
"344","TheRealPugzilla","FIFA 19",281,4.76717302918434,"partner",1671837
"345","FeatureTV","Grand Theft Auto V",280,2.38689525140656,"partner",565167
"346","無口君","Hearthstone",279,1.16939525140656,"partner",6375689
"347","Livibee","StarCraft II",279,3.8046733072069,"partner",1244605
"348","Yanni","Fortnite",279,11.4416177516513,"affiliate",129606
"349","金韶情我老婆","Grand Theft Auto V",278,1.57578441831801,"partner",5041581
"350","GrimmyBear","Super Mario Maker",277,3.73161775165134,"partner",718417
"351","space","Overwatch",276,54.8637317657471,"affiliate",110995
"352","chechu14guti","Grand Theft Auto V",276,8.29022886276245,"partner",2335150
"353","AionJanis","Black Desert Online",275,5.2471733072069,"partner",1742006
"354","nikkibreanne","Just Chatting",275,23.1482846961419,"partner",205531
"355","後藤ヒロキ","Bloodstained: Curse of the Moon",274,2.56717358503077,"partner",620025
"356","qudans1987","Tekken 7",272,2.71578469614188,"partner",3518563
"357","MsTeamKK","Destiny 2",268,3.83995136280855,"partner",2350763
"358","purple_hs","Hearthstone",268,4.44467358503077,"affiliate",3753950
"359","Hyphonix","Old School RuneScape",267,1.60634025169743,"partner",4002418
"360","Patty","Rocket League",267,2.60884025169743,"partner",4322894
"361","UnsanityLIVE","Who's Your Daddy",267,3.11189608501063,"partner",1319762
"362","Beuca","Super Mario 64",266,1.78689608501063,"partner",1570303
"363","Ambish","NBA 2K19",263,1.21522941834397,"partner",7143210
"364","갓보기","League of Legends",263,23.8788405294551,"affiliate",62227
"365","Jokeronestv","Dauntless",262,1.37745164056619,"affiliate",23338
"366","THEdROYAL","Apex Legends",261,1.9935627516773,"partner",345097
"367","Angelxoxo","Deceit",261,4.15022969610161,"partner",719609
"368","미르다요","PLAYERUNKNOWN'S BATTLEGROUNDS",260,5.46606302943495,"partner",7867829
"369","KVYZEE","Dota 2",258,56.8971150994301,"streamer",105139
"370","asiafm","Music & Performing Arts",258,5.06884080721272,"partner",2105744
"371","Tatted","Escape From Tarkov",258,7.28328525165717,"partner",48571755
"372","ESL_DOTA2","Dota 2",258,20.6246741405461,"partner",1130227
"373","Maynarde","StarCraft II",257,5.39772997385926,"affiliate",41753
"374","meej52","Just Chatting",256,52.8637984315554,"partner",1142599
"375","짜누","NULL",256,45.0304650982221,"partner",3108486
"376","PangaeaPanga","Jump King",256,3.17939664052592,"affiliate",121054
"377","포근한물방울","Overwatch",254,2.74078552941481,"partner",80898248
"378","ESL_SC2","StarCraft II",253,5.09134108497037,"partner",410237
"379","ThorW","Final Fantasy VII",252,4.52800775163703,"partner",1145772
"380","Cliffy","Super Mario 64",252,4.73745219608148,"partner",4389678
"381","b4nny","Team Fortress 2",252,5.07134136279424,"partner",5079396
"382","FlareRDB","Town of Salem",250,2.78911914057202,"partner",1590255
"383","KittenCatNoodle","Path of Exile",250,4.65578580723868,"partner",1676987
"384","Sasslyn","Tom Clancy's Rainbow Six: Siege",249,7.36023025168313,"partner",1292762
"385","옹알님","Just Chatting",248,2.30745247390535,"partner",563875
"386","NYChrisG","Mortal Kombat 11",248,2.31995247390535,"partner",196895
"387","SmaceTRON","PLAYERUNKNOWN'S BATTLEGROUNDS",247,4.32411914057202,"partner",110627435
"388","tjayerrday","NBA 2K19",246,3.15300802946091,"partner",796620
"389","OGNEsports","Clash Royale",245,2.58273025168313,"partner",31959982
"390","Lawlman","Escape From Tarkov",244,2.13384164055189,"partner",1341952
"391","Fonbet_FIFA","FIFA 17",244,7.73300830721855,"affiliate",224817
"392","xBlotter","League of Legends",244,6.842452751663,"partner",872163
"393","ShipDontDie","Poker",243,7.75078608499633,"partner",1988533
"394","TeaLex","Cadence of Hyrule – Crypt of the NecroDancer Featuring The Legend of Zelda",242,4.51273052944077,"partner",319711
"395","avaail","League of Legends",242,5.11411941832966,"partner",369976
"396","LiL_Sonic","Destiny 2",241,2.00856386277411,"partner",2655127
"397","BigBossBoze","Just Chatting",240,2.31050830721855,"partner",127775
"398","막눈_","League of Legends",233,5.8725079613924,"partner",4905164
"399","ManManGrindHard","Grand Theft Auto V",232,36.9838110168775,"partner",167750
"400","Kismet","Fallout 76",232,1.83361907250351,"partner",1139203
"401","bradnyk","Slots",232,4.92306351694796,"streamer",90
"402","FlareRDB","Town of Salem",231,3.07584129472574,"partner",5079886
"403","SNOWSOS","VRChat",231,2.83139712777403,"partner",410381
"404","Melad","RuneScape",231,1.15278601666292,"partner",392885
"405","Para84","Dead by Daylight",231,3.32389712777403,"partner",574689
"406","가재맨입니당","League of Legends",231,5.66084157221847,"streamer",37094
"407","xMinks","Apex Legends",231,8.3891749055518,"partner",5717331
"408","DreamHack","Special Events",231,15.3227860166629,"partner",2655182
"409","Andyraecosplay","Art",230,1.59334157221847,"partner",1294016
"410","마리","Path of Exile",229,2.8766749055518,"streamer",7612305
"411","ProTech","StarCraft II",229,1.93945268332958,"partner",27361091
"412","BewNewShow","Grand Theft Auto V",227,2.7766749055518,"affiliate",56802
"413","Epsyloncat","Just Chatting",227,3.89500851664278,"partner",2937486
"414","Zadust","Yu-Gi-Oh! Duel Links",227,5.062230738865,"partner",225271
"415","다현쮸","Just Chatting",225,4.22611962775389,"partner",986071
"416","jrolfmtg","Magic: The Gathering",225,4.27861962775389,"partner",13839
"417","OGNEsports","Clash Royale",223,2.86945296108723,"partner",110627579
"418","Sasslyn","Tom Clancy's Rainbow Six: Siege",223,7.64695296108723,"partner",553469
"419","Teddy_RecKs","Call of Duty: Black Ops III",221,1.12306407219834,"partner",1677597
"420","skazza","League of Legends",221,6.01195296108723,"partner",1138276
"421","1962t","Counter-Strike: Global Offensive",219,1.18000851664278,"partner",70204
"422","SoOnSM","Overwatch",219,1.29334184997612,"partner",1776980
"423","Code_Nox","MapleStory",219,3.2169532389111,"partner",175284
"424","TheG18","Dead by Daylight",218,1.46667546113332,"partner",377574
"425","allen_kort","NULL",218,9.50723101668888,"streamer",65
"426","노돌리","League of Legends",217,4.82611990557777,"partner",3933865
"427","DutchsinseOfficial","Science & Technology",217,5.36584212779999,"affiliate",2445633
"428","voicetv","NULL",217,12.8636199055778,"partner",2853160
"429","0nuqtive","PLAYERUNKNOWN'S BATTLEGROUNDS",215,1.53361990557777,"partner",2199319
"430","LiL_Sonic","Destiny 2",215,2.29528657224443,"partner",319831
"431","ratedhugo","FIFA 19",213,4.91361990557777,"partner",708127
"432","danehearth","Dota Underlords",213,5.25528685000208,"partner",1414789
"433","MiniFrapp","Epic Seven",212,2.9300090722243,"partner",127914
"434","pealeaf","Music & Performing Arts",212,3.43584240555763,"affiliate",28034
"435","PizzaHS","Hearthstone",212,5.26139796111319,"partner",589347
"436","catsen","Fortnite",211,2.92723129444652,"partner",188858
"437","Daff_Eiri","Hearthstone",210,2.93917573889097,"partner",1443788
"438","Jonthebroski","Grand Theft Auto V",210,3.24473129444652,"affiliate",32152
"439","RomComm","Cadence of Hyrule – Crypt of the NecroDancer Featuring The Legend of Zelda",210,3.6200090722243,"partner",1148574
"440","SmaceTRON","PLAYERUNKNOWN'S BATTLEGROUNDS",210,4.61084240555763,"partner",563991
"441","Monstercat","Music & Performing Arts",210,5.37834240555763,"partner",26278753
"442","FangameMarathon","I Wanna Be The Guy",210,1.46861150069369,"partner",129088
"443","LeBeanJD","World of Warcraft",209,8.1980649055375,"affiliate",51273
"444","OnceInLuv","Epic Seven",208,5.62612046109305,"partner",1154904
"445","videogamer77","Minion Masters",208,6.13750934998194,"affiliate",53031
"446","nonttanont","Dauntless",207,1.06500934998194,"affiliate",152535
"447","KatContii","Apex Legends",207,2.36112046109305,"partner",1820922
"448","CryptoTradersTV","Crypto",207,5.29528712775972,"partner",1585382
"449","Pause","Minecraft",207,3.86334268331528,"partner",4433145
"450","語聲者王喬蕎","Just Chatting",206,2.61500934998194,"partner",994160
"451","KyriosYuudai","Dauntless",206,4.98723157220417,"affiliate",55805
"452","MusclebrahTV","World of Warcraft",205,56.4505776683489,"partner",7903248
"453","iFa7ali7i","Grand Theft Auto V",205,3.56695407225026,"partner",184429
"454","LeyLey","Art",204,3.85917629447248,"partner",1486505
"455","mewnfare","Dead by Daylight",203,1.94167629447248,"partner",7949904
"456","JOHNWARDLE","Just Chatting",202,33.5672443350156,"affiliate",1018
"457","옹알님","Just Chatting",202,2.59417629447248,"partner",1677249
"458","Smight","FTL: Faster Than Light",202,5.85917629447248,"partner",1249934
"459","Blinky_plz","Overwatch",201,1.91334296113915,"partner",663505
"460","Mr_Shasta","New Super Mario Bros.",201,2.16556518336137,"partner",984890
"461","BianquiRB","Grand Theft Auto V",201,4.12362101667457,"affiliate",46489
"462","GeersArt","Art",201,5.53778768334124,"partner",1145515
"463","Zombie_Barricades","NULL",200,2.25250990556346,"partner",7874004
"464","Jakon72","DayZ",198,4.66417657223013,"partner",289096
"465","arikadou","Terraria",198,5.20528768334124,"partner",566940
"466","TraceyCola","FINAL FANTASY XIV Online",198,5.79528768334124,"partner",976998
"467","Foxxell","League of Legends",198,5.87112101667457,"partner",1203358
"468","Melipastel","Final Fantasy X/X-2 HD Remaster",197,3.64306546111902,"partner",2589201
"469","MizzyRose","Just Chatting",197,3.69362101667457,"affiliate",256426
"470","DreadedCone","Dead by Daylight",197,10.6483435166544,"partner",4200212
"471","RelaxBeats","Music & Performing Arts",197,1.95003514652727,"partner",2898147
"472","lexclam_asmr","ASMR",196,53.467277665933,"affiliate",43125
"473","jayeskaycee","Slots",196,4.95751018332111,"streamer",23
"474","DerChrisPyy","Just Chatting",194,5.5125101833211,"partner",1367027
"475","Lohpally","League of Legends",194,4.69806573887666,"partner",749422
"476","Lettii","ASMR",193,1.82473240554333,"partner",425493
"477","mikeyeung","League of Legends",192,3.12334351665444,"partner",1490537
"478","김양","Path of Exile",192,3.79389907220999,"partner",1395861
"479","R0o08","PUBG MOBILE",192,5.95251018332111,"partner",74294
"480","JasonSulli","Sea of Thieves",192,5.06889934996764,"partner",542337
"481","Siritron","Call of Duty: Black Ops 4",191,2.29612157218986,"partner",492489
"482","Pokeaim","The Forest",191,1.27084379441208,"partner",935857
"483","FooYa","Tom Clancy's Rainbow Six: Siege",191,2.60862157218986,"partner",1964451
"484","Ionix_Tv","Rust",191,11.554732683301,"partner",2546455
"485","collynexdee","Counter-Strike: Global Offensive",189,2.72723268330097,"streamer",379
"486","VantaJay","Danganronpa: Trigger Happy Havoc",189,4.74778823885653,"partner",1206038
"487","metaphorsx","World of Warcraft",189,1.80584379441208,"partner",877709
"488","MisusingTV","MapleStory",188,1.94723268330097,"partner",3269855
"489","Gwizmayne","Call of Duty: Black Ops 4",187,4.0977885166804,"affiliate",45136
"490","MixRJ","League of Legends",187,2.46889962779151,"partner",3343639
"491","阿卡斯","Path of Exile",187,3.43334407223595,"affiliate",545505
"492","범블비_","Dead by Daylight",187,4.65723296112484,"partner",153224
"493","Nokokopuffs","Apex Legends",187,16.810844072236,"partner",133926
"494","BubblesDelFuego","Batman: Arkham City",186,8.41056629445818,"partner",1248982
"495","정동건","Warcraft III: The Frozen Throne",185,57.2339776674906,"partner",980179
"496","bitcoinstrategy","Slots",185,5.13167740556929,"streamer",11946
"497","SimCopter1","Hearthstone",184,42.917311000824,"partner",8817315
