"","Name","Game","Current Views","Current Duration","Broadcaster Type","Total Views"
"1","OverwatchLeague","Overwatch",48269,1.74938217891587,"partner",186107050
"2","Tfue","Fortnite",38734,4.93021690110366,"partner",132152119
"3","xQcOW","Just Chatting",24635,20.079680732886,"partner",69513704
"4","RiotGamesJP","League of Legends",24583,1.95743912332588,"partner",21982878
"5","shroud","Fortnite",21429,4.95882801221477,"partner",317788148
"6","Call of Duty","Call of Duty: Black Ops 4",20988,4.56438384526306,"partner",50653753
"7","TSM_Hamlinz","Fortnite",18016,2.47855051192972,"partner",22513861
"8","Lord_Kebun","Grand Theft Auto V",13914,4.32188384526306,"partner",9767602
"9","aXtLOL","Just Chatting",12550,48.4296973824501,"partner",34473346
"10","MOONMOON_OW","Darkest Dungeon",12215,3.22938384526306,"partner",57341948
"11","Doublelift","League of Legends",11392,2.07493940081861,"partner",66767549
"12","btssmash","Super Smash Bros. Melee",10977,1.50859701207115,"partner",5601298
"13","nl_Kripp","Hearthstone",9928,2.45327301224073,"partner",220781890
"14","GSL","StarCraft II",9689,1.62632856779628,"partner",51158081
"15","summit1g","World of Warcraft",9482,4.95938412335184,"partner",294000469
"16","elded","Just Chatting",9171,2.45632856779628,"partner",20626315
"17","Riot Games","League of Legends",7990,2.96521745668517,"partner",1147086638
"18","오버워치리그","Overwatch",7711,4.58743967890739,"partner",38026548
"19","Destiny","Just Chatting",7375,4.72188412335184,"partner",92794302
"20","Nightblue3","League of Legends",6426,4.59743995640013,"partner",211326884
"21","ESL_Australia","Counter-Strike: Global Offensive",6229,4.96605106751124,"partner",3047420
"22","Vinesauce","Half-Life 2: Episode One",5963,1.90271773417791,"partner",29164196
"23","초승달","Path of Exile",5716,1.98743995640013,"partner",24623261
"24","gaules","Counter-Strike: Global Offensive",5622,5.28688440084457,"partner",49282757
"25","공혁준","Hearthstone",5550,3.3341066230668,"partner",18119304
"26","mandiocaa1","League of Legends",5457,3.18882884528902,"partner",11838176
"27","chocoTaco","PLAYERUNKNOWN'S BATTLEGROUNDS",5124,5.43327328973346,"partner",28024924
"28","Zizaran","Path of Exile",4905,4.91716245664491,"partner",27083240
"29","SuperMCGamer","The Legend of Zelda: Oracle of Seasons",4778,4.29299578997824,"partner",38141363
"30","Starladder_CS_en","Counter-Strike: Global Offensive",4493,4.94188467886713,"partner",68962160
"31","MYM_ALKAPONE","Battalion 1944",4490,2.37882912331157,"partner",34497763
"32","UberHaxorNova","Grand Theft Auto V",4286,4.38882912331157,"partner",9614099
"33","ashlynn","Grand Theft Auto V",4175,4.30771801220046,"partner",4969226
"34","jovirone","League of Legends",4116,48.5130807320277,"partner",49686540
"35","NeVeR_LosEs","League of Legends",3962,3.36660690108935,"partner",20089084
"36","aimbotcalvin","Overwatch",3954,3.21410717891322,"partner",29037777
"37","KingGeorge","Tom Clancy's Rainbow Six: Siege",3867,6.25660717891322,"partner",11129769
"38","FEDMYSTER","Just Chatting",3711,3.60299606780211,"partner",8943033
"39","gabepeixe","Just Chatting",3639,4.58771829002433,"partner",5647838
"40","OverwatchZHTW","Overwatch",3429,2.73132940113544,"partner",7137548
"41","렘쨩","Minecraft",3361,5.04021829002433,"partner",4336952
"42","阿土","Grand Theft Auto V",3271,2.21910717891322,"partner",6211174
"43","ALOHADANCETV","Dota 2",3207,1.11216273446878,"partner",50039911
"44","mayahiga","Jump King",3186,4.44521829002433,"affiliate",474678
"45","PatoPapao","League of Legends",3158,4.43216273446878,"partner",19539756
"46","Swifty","World of Warcraft",3046,3.66660717891322,"partner",45545124
"47","Scarra","Auto Chess",2979,4.95660745640596,"partner",73540191
"48","GoldGlove","Counter-Strike: Global Offensive",2802,4.39882967862818,"partner",60117844
"49","NairoMK","Super Smash Bros. Ultimate",2718,6.48271856751707,"partner",9823848
"50","김뚜띠_","Just Chatting",2687,3.1785519008504,"partner",2843969
"51","CDNThe3rd","Dota Underlords",2651,4.92744078973929,"partner",39265782
"52","Towelliee","World of Warcraft",2645,4.96299634529485,"partner",129053568
"53","AnthonyZ","Grand Theft Auto V",2607,4.29132967862818,"partner",4799390
"54","Welyn","Rust",2575,9.28382967862818,"partner",819713
"55","ANGRYPUG","Dead by Daylight",2571,4.95660745640596,"partner",19474473
"56","스피릿제로","BlazBlue: Central Fiction",2562,2.78771856751707,"partner",10100830
"57","LilyPichu","Twitch Sings",2418,2.14216328971916,"partner",18926430
"58","Amouranth","ASMR",2371,4.30494106749694,"partner",82740526
"59","Kiwo","Grand Theft Auto V",2300,4.72521884527471,"partner",9951461
"60","DKane","Just Chatting",2284,2.12132995638582,"partner",1212322
"61","Strippin","Dota Underlords",2234,2.14994106749694,"partner",17407764
"62","lukiluki","Dota 2",2215,4.95688551194138,"affiliate",50548
"63","勝敗難免","League of Legends",2159,4.96771884527471,"partner",3490235
"64","juansguarnizo","Just Chatting",2148,3.98771884527471,"partner",2515103
"65","BobRoss","Art",2114,10.6135524566968,"partner",27486978
"66","개복어","Total War: Three Kingdoms",2081,4.94938579003016,"partner",13105542
"67","gratis150ml","The Elder Scrolls V: Skyrim",2080,4.95605245669683,"partner",46287082
"68","overwatchleague_fr","Overwatch",2059,4.31827467891905,"partner",11991380
"69","jschlatt","Minecraft",2056,2.09688579003016,"affiliate",461352
"70","Annoying","Fortnite",2050,2.8077191233635,"partner",2699565
"71","StarLadder5","Counter-Strike: Global Offensive",1997,4.96244134558572,"partner",181108262
"72","Criken","Just Chatting",1983,2.48105245669683,"partner",10975276
"73","G4G_Revenant","Auto Chess",1971,4.95994162360827,"partner",7311854
"74","Shotz","Grand Theft Auto V",1926,4.3107749569416,"partner",2408295
"75","Crayator","Alien: Isolation",1913,4.93883051249716,"partner",5861250
"76","Jenna","Just Chatting",1889,4.30716384583049,"partner",5216624
"77","Calebhart42","Cadence of Hyrule – Crypt of the NecroDancer Featuring The Legend of Zelda",1857,5.44410829027494,"partner",15540700
"78","Grimmmz","Fallout 76",1850,4.95605273471938,"partner",43216381
"79","ZiggyDLive","Path of Exile",1841,2.31883051249716,"partner",11595684
"80","sonii","World of Warcraft",1839,11.4582749569416,"partner",4622247
"81","saddota2tv","Dota 2",1832,2.84855301221212,"partner",5511190
"82","嬌兔","StarCraft II",1825,1.27688634554545,"partner",21413716
"83","Ssaab","Grand Theft Auto V",1824,4.9538307899899,"partner",3369631
"84","Wingsofdeath","League of Legends",1781,3.50049745665656,"partner",99358961
"85","kyo1984123","Hearthstone",1733,5.49521967887878,"partner",36531578
"86","Smoke","DayZ",1717,3.84994190110101,"partner",5756316
"87","Vargskelethor","Shenmue II",1684,2.31494190110101,"partner",6022060
"88","jennajulien","Cooking Simulator",1654,2.09021967887878,"partner",4401565
"89","Pestily","Escape From Tarkov",1644,4.87355301221212,"partner",3248726
"90","서넹","Minecraft",1609,3.86938634554545,"partner",2568377
"91","Nakkida","Grand Theft Auto V",1600,4.90660884526041,"partner",470776
"92","x2Twins","Fortnite",1584,2.46910884526041,"partner",2262489
"93","Gladd","Destiny 2",1581,2.39160884526041,"partner",5401242
"94","u7gt3s2ff7","NULL",1566,2.71633106748263,"streamer",478667
"95","IamCristinini","Grand Theft Auto V",1548,4.32160884526041,"partner",4251330
"96","BurkeBlack","Stellaris",1542,3.43966440081596,"partner",20554674
"97","overwatchleague_br","Overwatch",1505,4.3329977341493,"partner",5960325
"98","livekiss","Music & Performing Arts",1479,4.95438662303819,"partner",10433584
"99","KYR_SP33DY","Dead by Daylight",1439,1.37494217859374,"partner",4634141
"100","brkk","Grand Theft Auto V",1419,4.53633106748263,"partner",2250192
"101","실프_","Tom Clancy's Rainbow Six: Siege",1301,5.24346651640203,"partner",10004773
"102","Nakkida","Grand Theft Auto V",1299,5.19374457220236,"partner",470776
"103","괴물쥐123","League of Legends",1278,45.3080076654752,"streamer",705702
"104","蝦愛橘子","Hearthstone",1274,2.50346679442459,"partner",10809143
"105","Draskyl","Dota 2",1261,5.24346679442459,"partner",28110670
"106","LeagueofLia","Just Chatting",1252,4.8445779055357,"partner",647838
"107","SparcMac","Old School RuneScape",1248,4.4070779055357,"partner",21029377
"108","deco1tv","Dota 2",1241,1.16985596113735,"partner",3301377
"109","SaltyTeemo","League of Legends",1237,5.05068929447068,"affiliate",3792312
"110","Kephrii","Overwatch",1229,5.83152262780401,"partner",13424917
"111","Solary","Risk of Rain 2",1221,5.25902262780401,"partner",70971019
"112","Aydan","Battalion 1944",1202,5.24374485002624,"partner",11948472
"113","GeekandSundry","Vampire: The Masquerade",1192,2.80513373891513,"partner",56228920
"114","barboysa","Just Chatting",1189,4.24430040558179,"partner",214213
"115","JAbzdota2","Dota 2",1177,2.02541179418564,"partner",401287
"116","snutzy","World of Warcraft",1172,4.3995784608523,"partner",14825374
"117","TSM_TheOddOne","Fire Emblem: Fuuin no Tsurugi",1165,6.10624512751897,"partner",206003420
"118","Timmac","Grand Theft Auto V",1162,1.77430068307453,"partner",14316371
"119","yamatonjp","Just Chatting",1155,3.50346734974119,"partner",11693858
"120","Kimchi","Grand Theft Auto V",1149,4.59013401640786,"partner",491657
"121","xChocoBars","Auto Chess",1123,4.59624512751897,"partner",19998013
"122","pro_cast2","Dota 2",1122,1.18485623863008,"partner",3493746
"123","ScottJund","Dead by Daylight",1113,3.72180068307453,"partner",5712393
"124","ireenx","Grand Theft Auto V",1063,1.18624540527662,"partner",1045934
"125","Alkaizerx","Path of Exile",1056,1.04596762749884,"partner",20198918
"126","BeyondTheSummit","Dota 2",1049,1.02668383633097,"partner",391300182
"127","DolphinChemist","FTL: Faster Than Light",1045,5.24624540527662,"partner",2506982
"128","SirhcEz","League of Legends",1038,1.67430096083217,"partner",60178347
"129","Lacari","Tekken 7",1033,5.21791207194328,"partner",5586490
"130","MajinPhil","The Legend of Zelda: Majora's Mask",1024,3.35485651638773,"partner",5074156
"131","JonSandman","Rocket League",1006,1.52846762749884,"partner",4040611
"132","TheNo1Alex","Cadence of Hyrule – Crypt of the NecroDancer Featuring The Legend of Zelda",1005,4.77180096083217,"partner",10616997
"133","윤이샘","Just Chatting",996,2.24735651638773,"partner",561406
"134","지수소녀","League of Legends",984,2.02735679553615,"partner",1139228
"135","똘똘똘이_","Just Chatting",974,28.8414077321688,"partner",15072933
"136","FanHOTS","Heroes of the Storm",950,3.8954123510917,"partner",2559495
"137","ChaseShaco","League of Legends",949,3.14263457331392,"partner",2122449
"138","sleightlymusical","Just Chatting",947,2.97874568442504,"partner",5496152
"139","EXBC","Just Chatting",926,2.31235679553615,"partner",11314808
"140","이선생84","Path of Exile",917,2.15096790664726,"partner",1721424
"141","Acaibear","Grand Theft Auto V",911,5.0304123510917,"affiliate",78500
"142","MrLlamaSC","Diablo II: Lord of Destruction",905,4.59346790664726,"partner",3708588
"143","TeftyTeft","Destiny 2",892,4.5254123510917,"partner",3697876
"144","wintergaming","StarCraft II",887,4.6429126275248,"partner",25564549
"145","Ness","Dota Underlords",875,5.24846818308036,"partner",11013504
"146","SmexyCake","Tom Clancy's Rainbow Six: Siege",874,3.19846818308036,"partner",428114
"147","INFILTRATION85","Street Fighter V",853,55.4414243181547,"partner",1109367
"148","Hitch","Just Chatting",847,3.99402373863591,"partner",2593581
"149","GassyMexican","Stellaris",841,3.28096818308036,"partner",22123094
"150","coelho","Just Chatting",831,1.09346818308036,"partner",5376608
"151","thvlxtn","NULL",817,5.26346818308035,"streamer",12849
"152","서나랑","League of Legends",816,2.80596818308036,"partner",3973812
"153","LiveattheBike","Poker",813,4.95013484974702,"streamer",2064136
"154","Matimi0","Tom Clancy's Rainbow Six: Siege",803,1.96596846222877,"partner",6118754
"155","CrReaM","Stellaris",800,5.01846846222877,"partner",14836833
"156","CaptainSparklez","Minecraft",799,1.22180179556211,"partner",23500592
"157","햇살살","Super Robot Taisen T",792,2.83291290667322,"partner",4719198
"158","traveldanielle","Destiny 2",792,3.03541290667322,"affiliate",81578
"159","LuquEt4","Grand Theft Auto V",791,2.95485735111766,"affiliate",208575
"160","IMPACTWrestling","Wrestling",779,1.295690684451,"partner",4974411
"161","Dizeliun","Fortnite",762,5.24846846222878,"affiliate",263763
"162","小向","Just Chatting",760,2.170690684451,"partner",5022360
"163","Peeve","FINAL FANTASY XIV Online",760,5.45763512889544,"partner",11864419
"164","OgamingLoL","League of Legends",755,4.31457957333989,"partner",134062933
"165","無口君","Hearthstone",752,1.86652429554198,"partner",6361728
"166","Ranger","Fortnite",740,5.2262465177642,"partner",1621487
"167","Gale_Adelade","Overwatch",728,4.53791318443086,"partner",7115842
"168","CammyCakes","Destiny 2",728,6.14707985109753,"partner",539190
"169","SsQRush","World of Warcraft",715,4.56902429554198,"partner",4788735
"170","Loserfruit","Just Chatting",714,2.13346873998642,"partner",25123744
"171","Fairlight_Excalibur","Grand Theft Auto V",705,1.17263540665309,"partner",20193434
"172","Horsey","League of Legends",704,1.95235762887531,"partner",697777
"173","Bawkbasoup","Resident Evil: Outbreak - File #2",697,9.34346873998642,"partner",3276849
"174","DumbDog","Escape From Tarkov",694,5.2437465177642,"partner",5225167
"175","aceu","Sekiro: Shadows Die Twice",691,5.22124679558807,"partner",984391
"176","SHiFT","SpongeBob SquarePants: Battle for Bikini Bottom",681,3.99430235114363,"partner",3729949
"177","KVYZEE","Dota 2",678,1.14902457336585,"partner",7811715
"178","ryan0412m850420","Grand Theft Auto V",678,1.15485790669918,"affiliate",66498
"179","Xposed","Call of Duty: Black Ops 4",676,3.16652457336585,"partner",3723330
"180","딩셉션","Arma 3",674,5.24180235114363,"partner",12429382
"181","Dratnos","World of Warcraft",668,6.60791346225474,"affiliate",394910
"182","쫀득이_","Just Chatting",668,44.5748077352842,"partner",2588829
"183","Waggle","Path of Exile",668,5.25485790669918,"partner",1469897
"184","JoblessGarrett","Grand Theft Auto V",668,49.6414744019508,"partner",2705971
"185","CarlosStory","NBA 2K19",667,3.33819151779016,"partner",1161521
"186","miusz","Twitch Sings",662,2.47930262890127,"partner",6605857
"187","스틸로","Just Chatting",659,36.4414910674095,"partner",5175051
"188","A1taOda","Dota 2",657,1.95874707334571,"partner",44074239
"189","GorilaNerd","Battalion 1944",651,4.75485818445683,"partner",5309011
"190","Bnans","Tom Clancy's Rainbow Six: Siege",637,1.57735818445683,"partner",2837942
"191","lupower23","PUBG MOBILE",636,1.21735818445683,"partner",921416
"192","Tanovich","Fortnite",631,3.92819151779016,"partner",572421
"193","TehJamJar","Grand Theft Auto V",626,5.19902485112349,"partner",4689698
"194","Tourva","Call of Duty: Black Ops 4",626,3.51152485112349,"partner",696696
"195","DEATHSIE","Magic: The Gathering",617,2.12402512749036,"partner",452224
"196","23x59","Auto Chess",608,3.75096957193481,"partner",148785
"197","agilities","Overwatch",601,41.5581743160884,"partner",1575224
"198","mrzelas","Dota Underlords",599,1.52513623860147,"partner",168642
"199","Brozime","Warframe",588,5.24291401637925,"partner",1751304
"200","ハレっち","League of Legends",581,3.21596957193481,"partner",965882
"201","Crendor","Dota Underlords",584,2.45238730470339,"partner",8318745
"202","lupower23","PUBG MOBILE",576,1.6382209158606,"partner",921416
"203","Brozime","Warframe",574,5.66377647141616,"partner",1751304
"204","Dracon","Layers of Fear 2",572,3.20738758252727,"partner",3926727
"205","RiffTrax","Always On",570,4.97127675361103,"partner",4487033
"206","Mejash","World of Warships",568,4.98905453138881,"partner",1576827
"207","waveigl","Counter-Strike: Global Offensive",566,5.78322119805548,"partner",4011272
"208","DEMOLITION_D","Touhou Luna Nights",561,1.74822147197194,"partner",2567914
"209","Andy","The Legend of Zelda: A Link to the Past",557,3.69572147197194,"partner",2763028
"210","Tolomeo","The Elder Scrolls III: Morrowind",550,3.10405480530527,"partner",2137490
"211","tkhaf","Fortnite",550,3.74294369419416,"affiliate",34730
"212","Xposed","Call of Duty: Black Ops 4",547,3.58738841666116,"partner",3723330
"213","k13tv","Dota 2",535,4.6718328611056,"partner",4598142
"214","Emma","Just Chatting",535,4.36322174999449,"partner",6790465
"215","Tanovich","Fortnite",535,4.34905508332782,"partner",572421
"216","bchillz","Rust",534,5.01433313886325,"partner",3963657
"217","EasyAllies","Art",527,1.96516647219658,"partner",4209627
"218","칸데르니아","My Time at Portia",527,5.66655536108547,"partner",4096405
"219","PoliteSniper","Hearthstone",512,2.36933341695203,"partner",547331
"220","agilities","Overwatch",510,1.11350008361869,"partner",1575224
"221","GeeSice","NBA 2K19",510,2.73933341695203,"partner",597130
"222","dotamara2","Just Chatting",509,5.60322230584092,"partner",402074
"223","Reapered","League of Legends",508,2.46738925000032,"partner",3358718
"224","사신갓","League of Legends",505,2.88183369444476,"partner",314552
"225","Bean","World of Warcraft",505,5.66461147222254,"partner",2421339
"226","Shockswift11","Fortnite",502,3.0701670277781,"affiliate",106248
"227","R9Rai","FIFA 19",500,5.52155619442463,"partner",981916
"228","runitup247","Poker",499,5.67794508331352,"partner",2954004
"229","Hotform","World of Warcraft",492,5.01711174998018,"partner",6707888
"230","RobertoCein","Just Chatting",486,3.31461174998018,"partner",2850643
"231","Eduardo_Hook ","Until Dawn",486,5.01766758276357,"partner",857737
"232","Oatsngoats","The Legend of Zelda: Ocarina of Time",484,5.65988980498579,"partner",4276739
"233","DreamoceLL","Dota 2",481,2.73127897136741,"partner",192268
"234","L2ElixirLive","Lineage II",481,5.66183452692297,"streamer",64248
"235","StealthRG","VRChat",480,50.9934049487114,"partner",2445766
"236","Chibirobo1","Destiny 2",479,5.0251678602563,"partner",135187
"237","콩만한정은이","Just Chatting",478,1.87822369390064,"partner",1324461
"238","Richard_Hammer","Escape From Tarkov",478,2.56377924945619,"partner",13259515
"239","Avori","PLAYERUNKNOWN'S BATTLEGROUNDS",478,5.01572369390064,"partner",2044258
"240","Soaryn","Minecraft",473,3.66711286054717,"partner",7919833
"241","LunaShibuya","Fortnite",473,5.46489063832495,"affiliate",84747
"242","OverwatchContenders","Overwatch",468,3.42600174943606,"partner",20330889
"243","삐부","Tom Clancy's Rainbow Six: Siege",467,50.1767716328303,"partner",3268844
"244","TheCompletionist","The Legend of Zelda: Ocarina of Time 3D",464,2.08989091581768,"partner",1598217
"245","YourPrincess","League of Legends",461,1.15766869359546,"partner",2318527
"246","JimRsNg","StarCraft II",460,5.67239119470119,"partner",3578746
"247","KatGunn","Just Chatting",459,1.32239119470119,"partner",10717677
"248","X33N","NULL",456,5.27489119470119,"partner",1222665
"249","cryptovova","Slots",455,5.46628036167886,"streamer",1003
"250","sinatraa","Overwatch",453,36.2768217007319,"partner",4514206
"251","ZSonicFox","Dead by Daylight",450,2.7796136950122,"partner",1657707
"252","SaltyBet","M.U.G.E.N",447,3.92266952806049,"partner",28890329
"253","Swag_Dracula","Sex",445,4.65211397250493,"partner",2191344
"254","adeptthebest","Just Chatting",444,30.8435216824214,"partner",734784
"255","BruceDropEmOff","Emily Wants to Play Too",444,2.19461425026258,"partner",278882
"256","GumTVx","Grand Theft Auto V",444,2.3343364724848,"partner",545881
"257","FireDragon","Luigi's Mansion",443,5.09711425026258,"partner",8000548
"258","SymbolK_xD","Slots",442,5.67989230447345,"streamer",9038
"259","Tonton","World of Warcraft",440,1.5368367489179,"partner",3896528
"260","Skadoodle","Fortnite",439,5.6643367489179,"partner",5640947
"261","Oroboro","Dead by Daylight",438,5.0693367489179,"partner",10418073
"262","newLEGACYinc","Wrestling Revolution 3D",437,44.9102049350738,"partner",2352059
"263","makeitabud","Summoners War: Sky Arena",432,1.98628119336234,"partner",66623
"264","IFrostBolt","Destiny 2",428,4.83044786002901,"partner",1383668
"265","허블렛","League of Legends",428,2.10572563780679,"affiliate",137276
"266","slotpremium","Slots",425,5.66183702720536,"streamer",671
"267","김반희","Monster Hunter World",422,4.19350369387203,"partner",2492473
"268","m00sician","Super Mario 3D World",420,5.65489258276092,"partner",1044849
"269","korea999","NULL",419,5.0876703605387,"streamer",314284
"270","SandyRavage","MLB The Show 19",418,5.62517036053869,"partner",7090641
"271","Ron_Plays_Games","Old School RuneScape",415,3.51989258276092,"partner",1238917
"272","Yogscast","NULL",409,5.43878147164981,"partner",107908648
"273","MTGNerdGirl","Magic: The Gathering",407,7.01628147164981,"partner",1300094
"274","Mr_Mammal","Old School RuneScape",405,54.9102382818858,"partner",10611722
"275","SkyshockTV","Battalion 1944",405,2.89711508247587,"partner",2420742
"276","Macaw45","Retro",398,3.63322619358699,"partner",524608
"277","NerfTankTV","World of Warcraft",395,5.6618373046981,"partner",331444
"278","청묘님","Black Desert Online",391,5.66100397136476,"partner",663936
"279","Willokhlass","Fortnite",390,4.95655952692032,"partner",781149
"280","EJ_SA","Project CARS 2",390,5.01628174914254,"partner",3829300
"281","ESL_DOTA2","Dota 2",387,2.3043373046981,"partner",48546322
"282","豪可","Just Chatting",387,3.77461536082957,"partner",829821
"283","Indiefoxx","Just Chatting",387,2.82183758305179,"partner",2675961
"284","justfoxii","Fortnite",385,1.55683758305179,"partner",3058857
"285","RocketBeansTV","Talk Shows & Podcasts",385,5.68489313860734,"partner",75223970
"286","OhDough","Dauntless",382,3.9554486941629,"affiliate",137077
"287","REO_MK","Mortal Kombat 11",382,5.01517091638512,"partner",816900
"288","Slayerage","Destiny 2",380,1.78211536082957,"partner",3465849
"289","Ribbedkilla","Winnie the Pooh's Home Run Derby!",379,3.4079486941629,"affiliate",91977
"290","Patty","The Legend of Zelda: A Link to the Past",378,3.64961536082957,"partner",3997649
"291","PangaeaPanga","Super Mario Sunshine",376,2.98906008223693,"partner",3104748
"292","iSIingGunz","MapleStory",376,3.18017119334804,"partner",252603
"293","ESL_SC2","StarCraft II",373,5.68461563779248,"partner",80883540
"294","ふぃあちゃん","PLAYERUNKNOWN'S BATTLEGROUNDS",367,1.52739341557026,"partner",495539
"295","大天神","League of Legends",366,5.07017119334804,"partner",13860891
"296","CamiPozzolini","Grand Theft Auto V",363,4.78239341557026,"partner",975958
"297","TayborSnapping","Twitch Sings",361,4.98656008223693,"affiliate",38926
"298","realBamBam","League of Legends",360,5.59906008223693,"partner",2576762
"299","Magic","Magic: The Gathering",359,5.16072674890359,"partner",88697493
"300","Rojankhzxr","League of Legends",356,5.22572674890359,"partner",4406978
"301","MboneHD","FIFA 19",348,1.23869234025478,"partner",1371082
"302","EJ_SA","Project CARS 2",348,5.3198034513659,"partner",3829380
"303","OhDough","Dauntless",347,4.25897011803256,"affiliate",137208
"304","Savix_Tv","World of Warcraft",345,5.24952567358812,"partner",1711837
"305","PsheroTV","NULL",339,41.4882070819537,"partner",18086865
"306","HashtagHarryy","FIFA 19",334,5.26174789581034,"partner",57946
"307","CJayride","Special Events",334,6.40758122914367,"partner",4520011
"308","SmoothMcGroove","World of Warcraft",333,3.94091484056579,"partner",1788875
"309","mopioid","Borderlands 2",333,5.32313706278801,"partner",426385
"310","FOUSEY","Fortnite",327,3.2045259516769,"partner",1915730
"311","FakeUniforM","Black Desert Online",327,5.48369261834357,"partner",1742144
"312","Adrian141510","FIFA 19",325,4.1595259516769,"affiliate",74903
"313","Ribbedkilla","Winnie the Pooh's Home Run Derby!",321,3.71147039612134,"affiliate",92030
"314","nicegametv","League of Legends",320,45.4382237672806,"partner",17458016
"315","BeagsAndJam","Battle Brothers",320,5.64980372945468,"partner",3751754
"316","Dareyck","Rocket League",318,5.32008150723245,"partner",2221660
"317","Angelxoxo","Overwatch",316,5.2395259516769,"partner",342458
"318","大天神","League of Legends",315,5.37369289610121,"partner",13861244
"319","technoviking46","Fortnite",315,6.28647067387899,"partner",174367
"320","명훈","MapleStory",314,1.81397067387899,"streamer",977872
"321","DeriumsPokemon","Pokémon Trading Card Game",313,6.59563734054565,"partner",836466
"322","ViperProHS","Dota Underlords",312,2.20841511832343,"partner",1246692
"323","ZeddyHS","Hearthstone",311,2.52424845165677,"partner",383148
"324","cryptoslots","Crypto",310,5.31785956276788,"streamer",123
"325","ふみいち","FINAL FANTASY XIV Online",309,39.9549070994059,"partner",921592
"326","으음㈜","Dead Cells",309,5.9350817849901,"streamer",1236620
"327","ふぃあちゃん","PLAYERUNKNOWN'S BATTLEGROUNDS",308,1.83091511832343,"partner",495801
"328","ProblemWright","Fortnite",308,5.87202650752332,"partner",4058350
"329","AverageAden","Apex Legends",305,5.31897095196777,"affiliate",144099
"330","노돌리","League of Legends",302,5.48341539641221,"partner",3928160
"331","PizzaHS","Hearthstone",301,2.50619317418999,"partner",586301
"332","ESL_SC2","StarCraft II",300,5.98813761863444,"partner",80883707
"333","mattjestic_gaming","Dota Underlords",298,3.68897095196777,"partner",52424
"334","MusclebrahTV","World of Warcraft",298,1.82452650752332,"partner",7863763
"335","DaddyDimmuTV","MLB The Show 19",297,1.50202650752332,"partner",245585
"336","미르다요","PLAYERUNKNOWN'S BATTLEGROUNDS",297,5.27285984085666,"partner",713964
"337","Neevi","World of Warcraft",296,52.6215904513995,"partner",2103969
"338","KayAus_","NBA 2K19",296,3.01008234030671,"affiliate",6470
"339","FangameMarathon","I Wanna Be The Guy",295,1.48863769010537,"partner",121359
"340","1kracavchik","Counter-Strike: Global Offensive",295,2.68397122919559,"affiliate",34143
"341","MintMadCow","Old School RuneScape",293,5.65341567364004,"partner",1946365
"342","阿信信","Dota Underlords",292,2.38563789586226,"partner",759668
"343","tjayerrday","NBA 2K19",289,5.31869345141782,"partner",191808
"344","theddy","Path of Exile",286,1.34341567364004,"partner",1936795
"345","Lifestomper","Rust",286,3.09202678475115,"partner",1688024
"346","Greddix","Path of Exile",285,59.371607085069,"affiliate",8200
"347","CoffeeClub_TV","Heroes of the Storm",284,4.54036011808448,"affiliate",75824
"348","Hungry","Food & Drink",284,5.29008234030671,"partner",19926407
"349","chapo","Smite",283,4.22230485472414,"partner",1921286
"350","Mew2King","Cadence of Hyrule – Crypt of the NecroDancer Featuring The Legend of Zelda",283,5.31924929916859,"partner",4322201
"351","FortyOne","Grand Theft Auto V",283,5.96508263250192,"partner",1214602
"352","소밍","Just Chatting",281,57.4382912834485,"partner",2729174
"353","Octopimp","Final Fantasy VII",281,1.87813818805748,"partner",2630726
"354","연나비님","Just Chatting",280,1.73758263250192,"partner",118728
"355","Yaassi","Just Chatting",280,6.28591596583525,"affiliate",538076
"356","짜누","Overwatch",278,59.2716246167819,"partner",1141730
"357","TheBeefStew","Minecraft",278,2.01508263250192,"affiliate",89647
"358","ViolentDestruction","FINAL FANTASY XIV Online",278,3.46563818805748,"partner",287962
"359","aquav2_","Fortnite",275,26.4716412822406,"partner",609285
"360","jonzherka","Travel & Outdoors",275,28.3716412822405,"affiliate",491802
"361","KatContii","Apex Legends",274,1.46647179914845,"partner",1815045
"362","theRealShooKon3","Just Chatting",273,51.7716412822406,"partner",4619917
"363","阿卡斯","Path of Exile",271,2.28619402137068,"affiliate",540398
"364","xSkyKing","Epic Seven",271,4.24980513248179,"partner",2000039
"365","ClassyPax","Stellaris",270,2.64480513248179,"partner",793084
"366","Lawlman","Dota Underlords",270,2.75063846581512,"partner",627374
"367","CouchWarriors","Street Fighter V",270,3.15230513248179,"affiliate",157213
"368","JCtheCaster","Minecraft",269,2.99147179914845,"partner",8798724
"369","SimCopter1","Hearthstone",263,1.52730541196134,"partner",917316
"370","jfavignano","Grand Theft Auto V",262,4.35230541196134,"partner",1925379
"371","고스트","Hearthstone",261,2.47119430085023,"partner",4322171
"372","UnsanityLIVE","Fallout 76",260,2.67424985640579,"partner",135923
"373","DenWizard","NBA 2K19",260,3.58369430085023,"partner",611515
"374","BoxerPete","League of Legends",259,1.89619430085023,"streamer",209
"375","daanjww","Slots",259,5.98758318973912,"affiliate",62940
"376","theepaleorc","The Elder Scrolls Online",257,5.31313874529468,"partner",4575641
"377","SattelizerGames","Fallout 76",257,6.27758318973912,"partner",377419
"378","Muffinpastrypie","Magic: The Gathering",256,2.67230541196134,"partner",2935706
"379","FrenchStallion","Music & Performing Arts",256,5.94202791028553,"partner",237334
"380","SethManfieldMTG","Magic: The Gathering",255,5.50286124361886,"partner",664714
"381","INFINITE_SGE","Mortal Kombat 11",254,32.2383412837982,"partner",19442575
"382","Fonbet_NHL","NHL 17",254,5.94063902139664,"streamer",971474
"383","까막","Path of Exile",254,3.43786124361886,"partner",5087270
"384","FuturemanGaming","Cadence of Hyrule – Crypt of the NecroDancer Featuring The Legend of Zelda",253,4.85258346584108,"partner",100854
"385","ㅤかの","Just Chatting",253,6.13202791028553,"affiliate",88477
"386","asmr_miss","ASMR",253,6.29063902139664,"partner",3748506
"387","RushIntenso","Mario Tennis Aces",252,6.22786124361886,"partner",3252591
"388","BelissaLovely","Overwatch",251,6.0348056880633,"partner",850737
"389","hs3104","NULL",250,2.6145281736056,"partner",220693
"390","PandoraCaos","Grand Theft Auto V",249,1.81230595138338,"affiliate",384909
"391","Kikiichu","League of Legends",249,2.92147261805005,"streamer",7608381
"392","마리","Path of Exile",249,3.48425039582782,"partner",2925892
"393","kiwian","StarCraft II",248,5.98563928471671,"partner",882328
"394","CoBruhs","ARK",246,4.44119484027227,"partner",3086668
"395","ZeroxMercy","Call of Duty: Black Ops 4",246,11.5611948402723,"partner",204834
"396","lolnani","Monster Hunter World",245,3.36369484027227,"partner",158053
"397","itswill_rs","Old School RuneScape",244,4.45147261805005,"partner",1472665
"398","지니어스매드","Path of Exile",244,5.86063928471671,"partner",8988999
"399","Etup","Path of Exile",243,43.4716904163361,"partner",5502979
"400","Sweaty","NBA 2K19",243,2.63936160418722,"partner",89513
"401","theepaleorc","The Elder Scrolls Online",243,5.63408410416709,"affiliate",62940
"402","SattelizerGames","Fallout 76",243,6.59852854861153,"partner",4575641
"403","게구리","Overwatch",242,1.19019549303585,"partner",1456464
"404","Kikiichu","League of Legends",242,3.24241771525807,"affiliate",384909
"405","Redman_Lyons","Call of Duty: Black Ops 4",242,4.57908438192474,"partner",141746
"406","TobyontheTele","Auto Chess",241,1.21658465974861,"partner",1364118
"407","Ukyochi_JP","Dragon Warrior VII",240,1.66158465974861,"partner",678270
"408","UnsanityLIVE","Fallout 76",240,2.99519577085972,"partner",4322171
"409","JenaUrf","Just Chatting",238,46.6450962503751,"partner",4459368
"410","BreakinSkullz","Escape From Tarkov",238,3.2335293819507,"partner",1575903
"411","JocaPK","Albion Online",238,5.87964049306181,"partner",193328
"412","Zombie_Barricades","Grand Theft Auto V",236,4.3104740913709,"partner",7872200
"413","dardoch","League of Legends",236,1.53130742470423,"partner",1328704
"414","지니어스매드","Path of Exile",235,6.18158520248201,"partner",1472665
"415","次狼","Kantai Collection",233,1.58991881277826,"partner",300428
"416","토순아","Just Chatting",233,1.93575214611159,"partner",687364
"417","colonel_calico","Fortnite",232,2.01630770166715,"affiliate",59286
"418","Ralph","Dead by Daylight",232,5.64602992388937,"partner",199110
"419","유구장창","Devil May Cry 5",231,4.78658577084541,"partner",103125
"420","ForkyRL","Rocket League",230,2.19769688195652,"affiliate",109991
"421","BelissaLovely","Overwatch",230,6.35575270169311,"partner",3252839
"422","masondota2","Dota 2",229,23.2451621015867,"partner",1910310
"423","KiNG_Nidhogg","League of Legends",229,6.28936381280422,"affiliate",640556
"424","Yelo","Fortnite",228,2.64825298057662,"partner",4228157
"425","xxxDESPERADOxxx","Super Mario Maker",228,4.53519742502107,"partner",2178594
"426","lolnani","Monster Hunter World",226,3.68464186946551,"partner",204983
"427","zokipn","Slots",226,6.12464214808411,"streamer",123
"428","TidesofTime","Dota 2",224,1.23047548141744,"partner",13754343
"429","김병장_","Overwatch",224,2.12936437030633,"partner",633940
"430","FemSteph","Barotrauma",224,3.01436465972,"partner",6683799
"431","Wolfy2032","Smite",224,3.72630910416444,"partner",12245784
"432","jfavignano","Grand Theft Auto V",224,4.67325354860889,"partner",917392
"433","denissniderTV","Conqueror's Blade",224,6.12686493747764,"partner",16572289
"434","kiwian","StarCraft II",224,6.30658715969986,"partner",2926023
"435","Lourlo","League of Legends",223,1.52769827081097,"partner",1943102
"436","Fonbet_FIFA","FIFA 17",223,2.30797631276978,"partner",31811765
"437","LivStixs","Just Chatting",223,6.26436520165867,"partner",862194
"438","Monstercat","Music & Performing Arts",223,6.30742075721423,"partner",26259617
"439","Sunny","League of Legends",222,1.47353215972583,"partner",6090211
"440","Generikb","Minecraft",222,6.02992104861471,"partner",6017765
"441","LunaShibuya","Fortnite",221,6.08936549305916,"affiliate",85736
"442","Kaffeekind","Just Chatting",220,47.6785962502162,"partner",2054283
"443","tinteex","Just Chatting",220,2.81769909057352,"partner",231436
"444","PulseEffects","Pokemon: Let's Go, Pikachu!/Eevee!",220,5.64186575724019,"partner",547239
"445","DarkViperAU","Grand Theft Auto V",220,6.11436575724019,"partner",3228098
"446","畢格波斯","Monster Hunter World",219,1.27853270139959,"partner",3323850
"447","Uzzy","Smite",219,2.83381047917737,"partner",507955
"448","NORCALSTRONGSTYLE","Tekken 7",219,2.96769936806626,"partner",235264
"449","DerrisKharlanMusic","Cadence of Hyrule – Crypt of the NecroDancer Featuring The Legend of Zelda",219,5.83908825695515,"partner",202466
"450","Yaassi","Just Chatting",219,6.60686631249057,"affiliate",538449
"451","LemonGG","Grand Theft Auto V",218,4.13297742360168,"affiliate",296498
"452","spoonee","FINAL FANTASY XIV Online",218,7.7751996458239,"partner",1639262
"453","busya18plus","Just Chatting",217,52.3953120827675,"partner",829949
"454","xHELIONx","PLAYERUNKNOWN'S BATTLEGROUNDS",217,2.92853325724602,"partner",1733967
"455","xBlotter","League of Legends",217,4.29269992391268,"partner",1339668
"456","CryptoTradersTV","Crypto",217,6.22742214613491,"partner",1579073
"457","Vovo","Grand Theft Auto V",217,6.59520020167033,"partner",594865
"458","WaZe_TTV","Fortnite",216,38.5620121002197,"partner",122564
"459","Comikazie","Fortnite",216,2.59908909055922,"partner",1062097
"460","BadBunny","Just Chatting",216,4.67353381362226,"partner",3518923
"461","Slushpuppy","Escape From Tarkov",215,3.54103381362226,"partner",1876319
"462","VaiyneTV","PLAYERUNKNOWN'S BATTLEGROUNDS",215,6.18908936917782,"affiliate",41902
"463","Mick","Grand Theft Auto V",214,4.20520075831148,"partner",538503
"464","smackersmackk","Just Chatting",214,2.13992298053371,"affiliate",25985
"465","ESL_DOTA2","Dota 2",213,2.92881186942259,"partner",48547973
"466","ㅤかの","Just Chatting",213,6.452978813582,"partner",101017
"467","煞氣ㄟ陳貓","League of Legends",212,1.57492325802644,"partner",3379181
"468","Coreupted","Minion Masters",211,2.74742325802644,"affiliate",205617
"469","Adrian141510","FIFA 19",211,4.48047909140587,"affiliate",75068
"470","범블비_","Dead by Daylight",211,5.82409020251698,"partner",149697
"471","aquav2_","Fortnite",208,23.1787454843521,"partner",609646
"472","GERBrowny","ARK",208,1.30492381360796,"partner",3050856
"473","BabaYetu_","Sid Meier's Civilization V",208,5.64631270249685,"partner",3000226
"474","bitcoinstrategy","Slots",208,6.06381270249685,"streamer",11467
"475","카게후미","World of Warcraft",207,2.8446463127931,"partner",2242412
"476","Raxxanterax","Diablo III: Reaper of Souls",207,5.64047964612643,"affiliate",37019
"477","Teddy_RecKs","Call of Duty: Black Ops III",206,5.05047964612643,"partner",1673878
"478","jay_cee","Retro",206,6.05131325774723,"partner",390034
"479","포근한물방울","Overwatch",205,3.47020214663612,"affiliate",115746
"480","Japan_ASMR","ASMR",205,6.09131325774723,"partner",815092
"481","vitussbritvakww","Slots",205,6.28492436885834,"streamer",864
"482","brcevik","League of Legends",205,6.14853575719727,"affiliate",276891
"483","Vultz","World of Warcraft",203,6.28714686830839,"partner",269776
"484","Nico","Apex Legends",202,4.21631353497505,"partner",1423732
"485","Cabech","Grand Theft Auto V",202,4.61964714613226,"partner",438776
"486","fLoE","Dikembe Mutombo's 4 1/2 Weeks to Save the World",202,5.06853603502115,"partner",7745653
"487","UL1BARRI","Just Chatting",201,1.50242492391004,"partner",303575
"488","엔마_","League of Legends",200,1.20381381279892,"partner",73241
"489","RM9_","NULL",200,3.74603631277879,"partner",2294919
"490","Oathmeal","VRChat",200,4.13381409055657,"partner",385488
"491","김프링","Art",199,3.13186964611212,"partner",316156
"492","MsTeamKK","Destiny 2",199,2.59436964611212,"partner",3500586
"493","SeanB","Summoners War: Sky Arena",199,1.79409214609199,"partner",307037
"494","給瑞","Bloodstained: Curse of the Moon",199,4.64242547942532,"partner",1640815
"495","jr_mandoo","Tom Clancy's Rainbow Six: Siege",198,1.70436992386977,"affiliate",5435
"496","RumadGames","Counter-Strike: Global Offensive",198,3.00436992386977,"partner",1813870
"497","WePlayGamesBR","PLAYERUNKNOWN'S BATTLEGROUNDS",198,4.24409242358473,"partner",442755
"498","Payamz","Fortnite",197,2.81659242358473,"partner",414521
"499","StreamerHouse","Fallout 76",196,1.6518702013625,"partner",55143631
